# Blender 5.1.0
# www.blender.org
mtllib Untitled.mtl
o exoust
v -1.180391 -0.825101 -1.191069
v -0.279390 -0.957640 -0.070075
v -0.309388 -0.855210 -0.055075
v -1.149400 -0.928180 -1.195075
v -1.152391 -0.721100 -1.195075
v -0.309388 -0.855210 -0.055075
v -0.279390 -0.751860 -0.049071
v -1.180391 -0.825101 -1.191069
v -1.178392 -0.293101 -1.549071
v -0.335389 -0.427210 -0.410071
v -0.305391 -0.323870 -0.403075
v -1.206392 -0.397101 -1.545073
v -1.180391 -0.825101 -1.191069
v -1.429399 -0.788760 -2.916075
v -1.395402 -0.891201 -2.906073
v -1.149400 -0.928180 -1.195075
v -1.178392 -0.293101 -1.549071
v -1.428392 -0.257421 -3.289076
v -1.455400 -0.360770 -3.271071
v -1.206392 -0.397101 -1.545073
v -1.206392 -0.397101 -1.545073
v -0.305391 -0.529650 -0.425070
v -0.335389 -0.427210 -0.410071
v -1.175401 -0.500190 -1.550070
v -1.152391 -0.721100 -1.195075
v -1.402390 -0.685411 -2.935072
v -1.429399 -0.788760 -2.916075
v -1.180391 -0.825101 -1.191069
v -1.206392 -0.397101 -1.545073
v -1.455400 -0.360770 -3.271071
v -1.421388 -0.463201 -3.260069
v -1.175401 -0.500190 -1.550070
v -1.097398 -0.216070 -1.561072
v -1.428392 -0.257421 -3.289076
v -1.178392 -0.293101 -1.549071
v -1.070390 -0.439040 -3.318076
v -1.022401 -0.335391 -3.146071
v -1.048402 -0.355110 -3.334074
v -1.043397 -0.419321 -3.131072
v -0.996400 -0.763391 -2.792075
v -1.050401 -0.699910 -2.987074
v -1.022401 -0.783110 -2.979071
v -1.023393 -0.680201 -2.800070
v -1.134400 -0.501220 -3.300070
v -1.043397 -0.419321 -3.131072
v -1.070390 -0.439040 -3.318076
v -1.108400 -0.481500 -3.113074
v -1.044389 -0.867040 -2.964072
v -0.996400 -0.763391 -2.792075
v -1.022401 -0.783110 -2.979071
v -1.017396 -0.847321 -2.776076
v -1.071397 -0.644060 -1.206076
v -1.402390 -0.685411 -2.935072
v -1.152391 -0.721100 -1.195075
v -1.022401 -0.335391 -3.146071
v -1.076402 -0.271920 -3.342070
v -1.048402 -0.355110 -3.334074
v -1.049394 -0.252200 -3.155074
v -1.108399 -0.929220 -2.945075
v -1.017396 -0.847321 -2.776076
v -1.044389 -0.867040 -2.964072
v -1.082398 -0.909500 -2.758070
v 1.086608 -0.960230 -2.955069
v 0.785598 -0.921130 -1.262076
v 0.867598 -0.998040 -1.252074
v 1.107604 -0.532200 -3.310072
v 0.805602 -0.493100 -1.617072
v 0.887603 -0.570010 -1.607069
v 1.000609 -0.352450 -3.350073
v 0.808608 -0.286010 -1.617072
v 1.033599 -0.249960 -3.360075
v 0.777602 -0.389150 -1.621069
v 1.006606 -0.883791 -2.976073
v 0.756606 -0.817180 -1.266074
v 0.980605 -0.780480 -2.995070
v 0.785598 -0.921130 -1.262076
v 1.027602 -0.455761 -3.331076
v 0.777602 -0.389150 -1.621069
v 1.000609 -0.352450 -3.350073
v 0.805602 -0.493100 -1.617072
v -0.077394 -0.420570 -0.473074
v 0.808608 -0.286010 -1.617072
v 0.777602 -0.389150 -1.621069
v -0.047395 -0.318091 -0.458075
v 1.366607 -0.702600 -2.962073
v 1.342605 -0.682920 -2.774069
v 1.277602 -0.620841 -2.791075
v 1.301604 -0.640521 -2.979071
v 0.980605 -0.780480 -2.995070
v 0.788604 -0.714040 -1.262076
v 1.013610 -0.677990 -3.005072
v 0.756606 -0.817180 -1.266074
v -0.047395 -0.523871 -0.480071
v 0.777602 -0.389150 -1.621069
v 0.805602 -0.493100 -1.617072
v -0.077394 -0.420570 -0.473074
v -0.067399 -0.951901 -0.125075
v 0.756606 -0.817180 -1.266074
v 0.785598 -0.921130 -1.262076
v -0.097398 -0.848610 -0.118071
v 1.357604 -0.422020 -3.105071
v 1.408599 -0.358460 -3.302069
v 1.381606 -0.441700 -3.293074
v 1.384612 -0.338790 -3.114073
v -0.097398 -0.848610 -0.118071
v 0.788604 -0.714040 -1.262076
v 0.756606 -0.817180 -1.266074
v -0.067399 -0.746121 -0.103072
v 1.388610 -0.786500 -2.947073
v 1.364608 -0.766820 -2.759070
v 1.342605 -0.682920 -2.774069
v 1.366607 -0.702600 -2.962073
v 1.386611 -0.274570 -3.317076
v 1.363601 -0.254890 -3.129073
v 1.298598 -0.192811 -3.146071
v 1.321608 -0.212481 -3.334074
v 1.337600 -0.850050 -2.750075
v 1.388610 -0.786500 -2.947073
v 1.361602 -0.869731 -2.938071
v 1.364608 -0.766820 -2.759070
v 1.408599 -0.358460 -3.302069
v 1.384612 -0.338790 -3.114073
v 1.363601 -0.254890 -3.129073
v 1.386611 -0.274570 -3.317076
v 1.117598 -0.214380 -1.577071
v 0.342604 -0.323371 -0.408072
v 1.198607 -0.291290 -1.567076
v 0.260604 -0.246930 -0.411070
v -1.097398 -0.216070 -1.561072
v -0.305391 -0.323870 -0.403075
v -0.223390 -0.247300 -0.407073
v -1.178392 -0.293101 -1.549071
v 1.423598 -0.255240 -3.310072
v 1.117598 -0.214380 -1.577071
v 1.343612 -0.178801 -3.332076
v -1.097398 -0.216070 -1.561072
v -1.349397 -0.180851 -3.312071
v -1.428392 -0.257421 -3.289076
v -1.071397 -0.644060 -1.206076
v -0.279390 -0.751860 -0.049071
v -0.197389 -0.675300 -0.053076
v -1.152391 -0.721100 -1.195075
v 1.096602 -0.642410 -1.222075
v 0.322600 -0.751401 -0.053076
v 1.178603 -0.719320 -1.212073
v 0.240599 -0.674970 -0.056075
v -1.071397 -0.644060 -1.206076
v -1.323396 -0.608851 -2.957076
v -1.402390 -0.685411 -2.935072
v 1.403609 -0.683270 -2.955069
v 1.096602 -0.642410 -1.222075
v 1.323607 -0.606830 -2.977072
v 1.004607 -0.185111 -1.592070
v 0.260604 -0.246930 -0.411070
v 1.117598 -0.214380 -1.577071
v 0.147612 -0.217840 -0.422072
v -0.985398 -0.186630 -1.577071
v -0.223390 -0.247300 -0.407073
v -0.111390 -0.218041 -0.420073
v -1.097398 -0.216070 -1.561072
v 1.004607 -0.185111 -1.592070
v 1.343612 -0.178801 -3.332076
v 1.231612 -0.149700 -3.350073
v 1.117598 -0.214380 -1.577071
v -0.985398 -0.186630 -1.577071
v -1.349397 -0.180851 -3.312071
v -1.097398 -0.216070 -1.561072
v -1.237397 -0.151591 -3.332076
v 1.106612 -0.479810 -3.129073
v 1.220611 -0.523120 -3.302069
v 1.129607 -0.499490 -3.316069
v 1.196608 -0.503440 -3.114073
v -1.225389 -0.524991 -3.284071
v -1.108400 -0.481500 -3.113074
v -1.134400 -0.501220 -3.300070
v -1.198396 -0.505271 -3.096076
v 0.984603 -0.613141 -1.237074
v 0.240599 -0.674970 -0.056075
v 1.096602 -0.642410 -1.222075
v 0.127608 -0.645870 -0.067076
v -0.959397 -0.614620 -1.223075
v -0.197389 -0.675300 -0.053076
v -0.085389 -0.646031 -0.066069
v -1.071397 -0.644060 -1.206076
v 0.984603 -0.613141 -1.237074
v 1.323607 -0.606830 -2.977072
v 1.211608 -0.577730 -2.995070
v 1.096602 -0.642410 -1.222075
v -0.959397 -0.614620 -1.223075
v -1.323396 -0.608851 -2.957076
v -1.071397 -0.644060 -1.206076
v -1.211396 -0.579581 -2.977072
v -0.985398 -0.186630 -1.577071
v -1.124391 -0.177460 -3.344069
v -1.237397 -0.151591 -3.332076
v -0.872392 -0.212681 -1.593070
v 1.118605 -0.175750 -3.361075
v 1.004607 -0.185111 -1.592070
v 1.231612 -0.149700 -3.350073
v 0.891600 -0.211330 -1.606070
v 0.891600 -0.211330 -1.606070
v 0.147612 -0.217840 -0.422072
v 1.004607 -0.185111 -1.592070
v 0.035597 -0.243890 -0.440070
v -0.872392 -0.212681 -1.593070
v -0.111390 -0.218041 -0.420073
v 0.001601 -0.243910 -0.440070
v -0.985398 -0.186630 -1.577071
v 1.085601 -0.907850 -2.774069
v 1.200606 -0.951150 -2.947073
v 1.109603 -0.927520 -2.961073
v 1.176604 -0.931470 -2.759070
v -1.199388 -0.952981 -2.929076
v -1.082398 -0.909500 -2.758070
v -1.108399 -0.929220 -2.945075
v -1.172395 -0.933271 -2.742072
v -1.290391 -0.484261 -3.086073
v -1.225389 -0.524991 -3.284071
v -1.317399 -0.503970 -3.274069
v -1.198396 -0.505271 -3.096076
v 1.220611 -0.523120 -3.302069
v 1.196608 -0.503440 -3.114073
v 1.288604 -0.482290 -3.105071
v 1.312606 -0.501970 -3.293074
v -0.959397 -0.614620 -1.223075
v -1.098390 -0.605460 -2.990073
v -1.211396 -0.579581 -2.977072
v -0.846391 -0.640670 -1.239073
v 1.098601 -0.603780 -3.006072
v 0.984603 -0.613141 -1.237074
v 1.211608 -0.577730 -2.995070
v 0.871611 -0.639360 -1.251074
v -0.872392 -0.212681 -1.593070
v -1.039399 -0.251540 -3.345076
v -1.124391 -0.177460 -3.344069
v -0.789399 -0.287231 -1.605071
v 1.033599 -0.249960 -3.360075
v 0.891600 -0.211330 -1.606070
v 1.118605 -0.175750 -3.361075
v 0.808608 -0.286010 -1.617072
v -0.846391 -0.640670 -1.239073
v -0.085389 -0.646031 -0.066069
v 0.027602 -0.671910 -0.085074
v -0.959397 -0.614620 -1.223075
v 0.871611 -0.639360 -1.251074
v 0.127608 -0.645870 -0.067076
v 0.984603 -0.613141 -1.237074
v 0.015608 -0.671920 -0.085074
v -0.789399 -0.287231 -1.605071
v 0.001601 -0.243910 -0.440070
v 0.083602 -0.317990 -0.459074
v -0.872392 -0.212681 -1.593070
v 0.808608 -0.286010 -1.617072
v 0.035597 -0.243890 -0.440070
v 0.891600 -0.211330 -1.606070
v -0.047395 -0.318091 -0.458075
v -1.264390 -0.912251 -2.732069
v -1.199388 -0.952981 -2.929076
v -1.291398 -0.931970 -2.919074
v -1.172395 -0.933271 -2.742072
v 1.200606 -0.951150 -2.947073
v 1.176604 -0.931470 -2.759070
v 1.268600 -0.910320 -2.750075
v 1.292602 -0.930000 -2.938071
v 1.312606 -0.501970 -3.293074
v 1.288604 -0.482290 -3.105071
v 1.357604 -0.422020 -3.105071
v 1.381606 -0.441700 -3.293074
v -1.359391 -0.424101 -3.086073
v -1.317399 -0.503970 -3.274069
v -1.386399 -0.443811 -3.273070
v -1.290391 -0.484261 -3.086073
v 1.013610 -0.677990 -3.005072
v 0.871611 -0.639360 -1.251074
v 1.098601 -0.603780 -3.006072
v 0.788604 -0.714040 -1.262076
v -0.846391 -0.640670 -1.239073
v -1.013398 -0.679540 -2.991072
v -1.098390 -0.605460 -2.990073
v -0.763398 -0.715231 -1.251074
v 0.788604 -0.714040 -1.262076
v 0.015608 -0.671920 -0.085074
v 0.871611 -0.639360 -1.251074
v -0.067399 -0.746121 -0.103072
v -0.763398 -0.715231 -1.251074
v 0.027602 -0.671910 -0.085074
v 0.109603 -0.745990 -0.105071
v -0.846391 -0.640670 -1.239073
v 1.292602 -0.930000 -2.938071
v 1.268600 -0.910320 -2.750075
v 1.337600 -0.850050 -2.750075
v 1.361602 -0.869731 -2.938071
v -1.333390 -0.852091 -2.731070
v -1.291398 -0.931970 -2.919074
v -1.360398 -0.871811 -2.918074
v -1.264390 -0.912251 -2.732069
v -1.392396 -0.276691 -3.297072
v -1.455400 -0.360770 -3.271071
v -1.428392 -0.257421 -3.289076
v -1.413392 -0.360621 -3.281073
v 1.386611 -0.274570 -3.317076
v 1.450606 -0.358551 -3.292075
v 1.408599 -0.358460 -3.302069
v 1.423598 -0.255240 -3.310072
v -1.428392 -0.257421 -3.289076
v -1.327394 -0.214511 -3.315070
v -1.392396 -0.276691 -3.297072
v -1.349397 -0.180851 -3.312071
v 1.321608 -0.212481 -3.334074
v 1.423598 -0.255240 -3.310072
v 1.386611 -0.274570 -3.317076
v 1.343612 -0.178801 -3.332076
v 1.417602 -0.461040 -3.281073
v 1.408599 -0.358460 -3.302069
v 1.450606 -0.358551 -3.292075
v 1.381606 -0.441700 -3.293074
v -1.421388 -0.463201 -3.260069
v -1.455400 -0.360770 -3.271071
v -1.413392 -0.360621 -3.281073
v -1.386399 -0.443811 -3.273070
v 1.231612 -0.149700 -3.350073
v 1.321608 -0.212481 -3.334074
v 1.231612 -0.188860 -3.349074
v 1.343612 -0.178801 -3.332076
v -1.327394 -0.214511 -3.315070
v -1.237397 -0.151591 -3.332076
v -1.237397 -0.190741 -3.331076
v -1.349397 -0.180851 -3.312071
v -1.386399 -0.443811 -3.273070
v -1.317399 -0.503970 -3.274069
v -1.336396 -0.537291 -3.261069
v -1.421388 -0.463201 -3.260069
v 1.417602 -0.461040 -3.281073
v 1.332610 -0.535250 -3.281073
v 1.381606 -0.441700 -3.293074
v 1.312606 -0.501970 -3.293074
v -1.124391 -0.177460 -3.344069
v -1.237397 -0.190741 -3.331076
v -1.237397 -0.151591 -3.332076
v -1.145402 -0.211751 -3.341071
v 1.118605 -0.175750 -3.361075
v 1.231612 -0.188860 -3.349074
v 1.139602 -0.210011 -3.358069
v 1.231612 -0.149700 -3.350073
v 1.220611 -0.523120 -3.302069
v 1.332610 -0.535250 -3.281073
v 1.218612 -0.561300 -3.291075
v 1.312606 -0.501970 -3.293074
v -1.225389 -0.524991 -3.284071
v -1.336396 -0.537291 -3.261069
v -1.317399 -0.503970 -3.274069
v -1.223390 -0.563161 -3.274069
v 1.070601 -0.270280 -3.358069
v 1.118605 -0.175750 -3.361075
v 1.139602 -0.210011 -3.358069
v 1.033599 -0.249960 -3.360075
v -1.076402 -0.271920 -3.342070
v -1.124391 -0.177460 -3.344069
v -1.039399 -0.251540 -3.345076
v -1.145402 -0.211751 -3.341071
v 1.129607 -0.499490 -3.316069
v 1.218612 -0.561300 -3.291075
v 1.107604 -0.532200 -3.310072
v 1.220611 -0.523120 -3.302069
v -1.223390 -0.563161 -3.274069
v -1.134400 -0.501220 -3.300070
v -1.111390 -0.533900 -3.294074
v -1.225389 -0.524991 -3.284071
v -1.039399 -0.251540 -3.345076
v -1.048402 -0.355110 -3.334074
v -1.076402 -0.271920 -3.342070
v -1.005387 -0.353981 -3.335074
v 1.043609 -0.353510 -3.349074
v 1.033599 -0.249960 -3.360075
v 1.070601 -0.270280 -3.358069
v 1.000609 -0.352450 -3.350073
v 1.107604 -0.532200 -3.310072
v 1.064605 -0.437410 -3.334074
v 1.129607 -0.499490 -3.316069
v 1.027602 -0.455761 -3.331076
v -1.111390 -0.533900 -3.294074
v -1.070390 -0.439040 -3.318076
v -1.032395 -0.457330 -3.316069
v -1.134400 -0.501220 -3.300070
v -1.048402 -0.355110 -3.334074
v -1.032395 -0.457330 -3.316069
v -1.070390 -0.439040 -3.318076
v -1.005387 -0.353981 -3.335074
v 1.027602 -0.455761 -3.331076
v 1.043609 -0.353510 -3.349074
v 1.064605 -0.437410 -3.334074
v 1.000609 -0.352450 -3.350073
v -1.395402 -0.891201 -2.906073
v -1.429399 -0.788760 -2.916075
v -1.387391 -0.788621 -2.927069
v -1.360398 -0.871811 -2.918074
v 1.396605 -0.889071 -2.926070
v 1.388610 -0.786500 -2.947073
v 1.430602 -0.786581 -2.937071
v 1.361602 -0.869731 -2.938071
v -1.366395 -0.704681 -2.942076
v -1.429399 -0.788760 -2.916075
v -1.402390 -0.685411 -2.935072
v -1.387391 -0.788621 -2.927069
v 1.366607 -0.702600 -2.962073
v 1.430602 -0.786581 -2.937071
v 1.388610 -0.786500 -2.947073
v 1.403609 -0.683270 -2.955069
v -1.360398 -0.871811 -2.918074
v -1.291398 -0.931970 -2.919074
v -1.310395 -0.965281 -2.907073
v -1.395402 -0.891201 -2.906073
v 1.396605 -0.889071 -2.926070
v 1.312606 -0.963280 -2.926070
v 1.361602 -0.869731 -2.938071
v 1.292602 -0.930000 -2.938071
v 1.288604 -0.482290 -3.105071
v 1.046599 -0.250600 -3.170073
v 1.115600 -0.190331 -3.170073
v 1.196608 -0.503440 -3.114073
v 1.357604 -0.422020 -3.105071
v 1.019606 -0.333840 -3.161070
v 1.106612 -0.479810 -3.129073
v 1.041610 -0.417730 -3.146071
v 1.207610 -0.169180 -3.161070
v 1.384612 -0.338790 -3.114073
v 1.298598 -0.192811 -3.146071
v 1.363601 -0.254890 -3.129073
v -1.290391 -0.484261 -3.086073
v -1.049394 -0.252200 -3.155074
v -1.198396 -0.505271 -3.096076
v -1.359391 -0.424101 -3.086073
v -1.118394 -0.192041 -3.154074
v -1.022401 -0.335391 -3.146071
v -1.108400 -0.481500 -3.113074
v -1.043397 -0.419321 -3.131072
v -1.210389 -0.171021 -3.144072
v -1.387391 -0.340901 -3.094069
v -1.301393 -0.194791 -3.128073
v -1.365388 -0.256971 -3.109076
v 1.301604 -0.640521 -2.979071
v 1.403609 -0.683270 -2.955069
v 1.366607 -0.702600 -2.962073
v 1.323607 -0.606830 -2.977072
v -1.402390 -0.685411 -2.935072
v -1.301393 -0.642501 -2.960074
v -1.366395 -0.704681 -2.942076
v -1.323396 -0.608851 -2.957076
v 1.200606 -0.951150 -2.947073
v 1.312606 -0.963280 -2.926070
v 1.198607 -0.989330 -2.936072
v 1.292602 -0.930000 -2.938071
v -1.199388 -0.952981 -2.929076
v -1.310395 -0.965281 -2.907073
v -1.291398 -0.931970 -2.919074
v -1.197389 -0.991161 -2.919074
v -1.301393 -0.642501 -2.960074
v -1.211396 -0.579581 -2.977072
v -1.211396 -0.618741 -2.977072
v -1.323396 -0.608851 -2.957076
v 1.211608 -0.577730 -2.995070
v 1.301604 -0.640521 -2.979071
v 1.211608 -0.616890 -2.994071
v 1.323607 -0.606830 -2.977072
v -1.197389 -0.991161 -2.919074
v -1.108399 -0.929220 -2.945075
v -1.085389 -0.961890 -2.939070
v -1.199388 -0.952981 -2.929076
v 1.109603 -0.927520 -2.961073
v 1.198607 -0.989330 -2.936072
v 1.086608 -0.960230 -2.955069
v 1.200606 -0.951150 -2.947073
v -1.098390 -0.605460 -2.990073
v -1.211396 -0.618741 -2.977072
v -1.211396 -0.579581 -2.977072
v -1.119401 -0.639751 -2.986075
v 1.098601 -0.603780 -3.006072
v 1.211608 -0.616890 -2.994071
v 1.118606 -0.638041 -3.003073
v 1.211608 -0.577730 -2.995070
v 1.086608 -0.960230 -2.955069
v 1.044600 -0.865440 -2.979071
v 1.109603 -0.927520 -2.961073
v 1.006606 -0.883791 -2.976073
v -1.085389 -0.961890 -2.939070
v -1.044389 -0.867040 -2.964072
v -1.006394 -0.885330 -2.961073
v -1.108399 -0.929220 -2.945075
v 1.050612 -0.698310 -3.003073
v 1.098601 -0.603780 -3.006072
v 1.118606 -0.638041 -3.003073
v 1.013610 -0.677990 -3.005072
v -1.050401 -0.699910 -2.987074
v -1.098390 -0.605460 -2.990073
v -1.013398 -0.679540 -2.991072
v -1.119401 -0.639751 -2.986075
v 1.006606 -0.883791 -2.976073
v 1.022613 -0.781550 -2.994071
v 1.044600 -0.865440 -2.979071
v 0.980605 -0.780480 -2.995070
v -1.022401 -0.783110 -2.979071
v -1.006394 -0.885330 -2.961073
v -1.044389 -0.867040 -2.964072
v -0.979402 -0.781981 -2.980071
v 1.022613 -0.781550 -2.994071
v 1.013610 -0.677990 -3.005072
v 1.050612 -0.698310 -3.003073
v 0.980605 -0.780480 -2.995070
v -1.013398 -0.679540 -2.991072
v -1.022401 -0.783110 -2.979071
v -1.050401 -0.699910 -2.987074
v -0.979402 -0.781981 -2.980071
v 1.268600 -0.910320 -2.750075
v 1.026610 -0.678630 -2.815070
v 1.095610 -0.618361 -2.815070
v 1.176604 -0.931470 -2.759070
v 1.337600 -0.850050 -2.750075
v 0.999602 -0.761870 -2.806075
v 1.085601 -0.907850 -2.774069
v 1.020598 -0.845770 -2.791075
v 1.187606 -0.597210 -2.806075
v 1.364608 -0.766820 -2.759070
v 1.277602 -0.620841 -2.791075
v 1.342605 -0.682920 -2.774069
v -1.264390 -0.912251 -2.732069
v -1.023393 -0.680201 -2.800070
v -1.172395 -0.933271 -2.742072
v -1.333390 -0.852091 -2.731070
v -1.092393 -0.620031 -2.799071
v -0.996400 -0.763391 -2.792075
v -1.082398 -0.909500 -2.758070
v -1.017396 -0.847321 -2.776076
v -1.184388 -0.599021 -2.789076
v -1.361390 -0.768901 -2.739073
v -1.275392 -0.622791 -2.773070
v -1.339402 -0.684971 -2.755072
v 0.322600 -0.957181 -0.075072
v 1.207610 -0.823270 -1.208075
v 0.352599 -0.854701 -0.060072
v 1.175612 -0.926410 -1.212073
v 0.352599 -0.854701 -0.060072
v 1.178603 -0.719320 -1.212073
v 0.322600 -0.751401 -0.053076
v 1.207610 -0.823270 -1.208075
v 0.372603 -0.426671 -0.415076
v 1.198607 -0.291290 -1.567076
v 0.342604 -0.323371 -0.408072
v 1.227599 -0.395240 -1.563071
v 1.175612 -0.926410 -1.212073
v 1.396605 -0.889071 -2.926070
v 1.207610 -0.823270 -1.208075
v 1.430602 -0.786581 -2.937071
v 1.227599 -0.395240 -1.563071
v 1.450606 -0.358551 -3.292075
v 1.198607 -0.291290 -1.567076
v 1.423598 -0.255240 -3.310072
v 0.342604 -0.529151 -0.430075
v 1.227599 -0.395240 -1.563071
v 0.372603 -0.426671 -0.415076
v 1.195601 -0.498380 -1.567076
v 1.207610 -0.823270 -1.208075
v 1.430602 -0.786581 -2.937071
v 1.178603 -0.719320 -1.212073
v 1.403609 -0.683270 -2.955069
v 1.195601 -0.498380 -1.567076
v 1.417602 -0.461040 -3.281073
v 1.227599 -0.395240 -1.563071
v 1.450606 -0.358551 -3.292075
v 1.198607 -0.291290 -1.567076
v 1.423598 -0.255240 -3.310072
v 1.117598 -0.214380 -1.577071
v 1.019606 -0.333840 -3.161070
v 1.064605 -0.437410 -3.334074
v 1.043609 -0.353510 -3.349074
v 1.041610 -0.417730 -3.146071
v 0.999602 -0.761870 -2.806075
v 1.050612 -0.698310 -3.003073
v 1.026610 -0.678630 -2.815070
v 1.022613 -0.781550 -2.994071
v 1.041610 -0.417730 -3.146071
v 1.129607 -0.499490 -3.316069
v 1.064605 -0.437410 -3.334074
v 1.106612 -0.479810 -3.129073
v 0.999602 -0.761870 -2.806075
v 1.044600 -0.865440 -2.979071
v 1.022613 -0.781550 -2.994071
v 1.020598 -0.845770 -2.791075
v 1.178603 -0.719320 -1.212073
v 1.403609 -0.683270 -2.955069
v 1.096602 -0.642410 -1.222075
v 1.019606 -0.333840 -3.161070
v 1.070601 -0.270280 -3.358069
v 1.046599 -0.250600 -3.170073
v 1.043609 -0.353510 -3.349074
v 1.020598 -0.845770 -2.791075
v 1.109603 -0.927520 -2.961073
v 1.044600 -0.865440 -2.979071
v 1.085601 -0.907850 -2.774069
v -0.760392 -0.922311 -1.251074
v -1.085389 -0.961890 -2.939070
v -0.841401 -0.999351 -1.239073
v -0.786393 -0.494311 -1.606070
v -1.111390 -0.533900 -3.294074
v -0.867402 -0.571351 -1.594069
v -0.789399 -0.287231 -1.605071
v -1.005387 -0.353981 -3.335074
v -1.039399 -0.251540 -3.345076
v -0.757402 -0.390320 -1.610075
v -0.731401 -0.818310 -1.255072
v -1.006394 -0.885330 -2.961073
v -0.979402 -0.781981 -2.980071
v -0.760392 -0.922311 -1.251074
v -0.757402 -0.390320 -1.610075
v -1.032395 -0.457330 -3.316069
v -1.005387 -0.353981 -3.335074
v -0.786393 -0.494311 -1.606070
v 0.113600 -0.420430 -0.474074
v -0.789399 -0.287231 -1.605071
v 0.083602 -0.317990 -0.459074
v -0.757402 -0.390320 -1.610075
v -1.275392 -0.622791 -2.773070
v -1.366395 -0.704681 -2.942076
v -1.301393 -0.642501 -2.960074
v -1.339402 -0.684971 -2.755072
v -0.763398 -0.715231 -1.251074
v -0.979402 -0.781981 -2.980071
v -1.013398 -0.679540 -2.991072
v -0.731401 -0.818310 -1.255072
v 0.083602 -0.523770 -0.481070
v -0.757402 -0.390320 -1.610075
v 0.113600 -0.420430 -0.474074
v -0.786393 -0.494311 -1.606070
v 0.109603 -0.951770 -0.126074
v -0.731401 -0.818310 -1.255072
v 0.139601 -0.848420 -0.120070
v -0.760392 -0.922311 -1.251074
v -1.359391 -0.424101 -3.086073
v -1.413392 -0.360621 -3.281073
v -1.387391 -0.340901 -3.094069
v -1.386399 -0.443811 -3.273070
v 0.139601 -0.848420 -0.120070
v -0.763398 -0.715231 -1.251074
v 0.109603 -0.745990 -0.105071
v -0.731401 -0.818310 -1.255072
v -1.387391 -0.788621 -2.927069
v -1.339402 -0.684971 -2.755072
v -1.361390 -0.768901 -2.739073
v -1.366395 -0.704681 -2.942076
v -1.301393 -0.194791 -3.128073
v -1.392396 -0.276691 -3.297072
v -1.327394 -0.214511 -3.315070
v -1.365388 -0.256971 -3.109076
v -1.333390 -0.852091 -2.731070
v -1.387391 -0.788621 -2.927069
v -1.361390 -0.768901 -2.739073
v -1.360398 -0.871811 -2.918074
v -1.413392 -0.360621 -3.281073
v -1.365388 -0.256971 -3.109076
v -1.387391 -0.340901 -3.094069
v -1.392396 -0.276691 -3.297072
v -0.279390 -0.957640 -0.070075
v -1.065400 -1.002741 -1.207076
v -0.197389 -1.031720 -0.090071
v -1.149400 -0.928180 -1.195075
v 1.175612 -0.926410 -1.212073
v 0.322600 -0.957181 -0.075072
v 1.092605 -1.001091 -1.223074
v 0.240599 -1.031390 -0.093070
v -1.149400 -0.928180 -1.195075
v -1.395402 -0.891201 -2.906073
v -1.310395 -0.965281 -2.907073
v -1.065400 -1.002741 -1.207076
v 1.396605 -0.889071 -2.926070
v 1.175612 -0.926410 -1.212073
v 1.312606 -0.963280 -2.926070
v 1.092605 -1.001091 -1.223074
v -0.305391 -0.529650 -0.425070
v -1.091401 -0.574741 -1.562071
v -0.223390 -0.603730 -0.445075
v -1.175401 -0.500190 -1.550070
v 1.195601 -0.498380 -1.567076
v 0.342604 -0.529151 -0.430075
v 1.112609 -0.573061 -1.578070
v 0.260604 -0.603360 -0.448073
v -0.197389 -1.031720 -0.090071
v -0.953401 -1.028791 -1.223075
v -0.085389 -1.057601 -0.109076
v -1.065400 -1.002741 -1.207076
v 1.092605 -1.001091 -1.223074
v 0.240599 -1.031390 -0.093070
v 0.979598 -1.027310 -1.237074
v 0.127608 -1.057440 -0.111075
v -1.175401 -0.500190 -1.550070
v -1.421388 -0.463201 -3.260069
v -1.336396 -0.537291 -3.261069
v -1.091401 -0.574741 -1.562071
v 1.417602 -0.461040 -3.281073
v 1.195601 -0.498380 -1.567076
v 1.332610 -0.535250 -3.281073
v 1.112609 -0.573061 -1.578070
v -1.065400 -1.002741 -1.207076
v -1.310395 -0.965281 -2.907073
v -1.197389 -0.991161 -2.919074
v -0.953401 -1.028791 -1.223075
v 1.312606 -0.963280 -2.926070
v 1.092605 -1.001091 -1.223074
v 1.198607 -0.989330 -2.936072
v 0.979598 -1.027310 -1.237074
v 1.050612 -0.698310 -3.003073
v 1.095610 -0.618361 -2.815070
v 1.026610 -0.678630 -2.815070
v 1.118606 -0.638041 -3.003073
v -1.050401 -0.699910 -2.987074
v -1.092393 -0.620031 -2.799071
v -1.119401 -0.639751 -2.986075
v -1.023393 -0.680201 -2.800070
v 1.112609 -0.573061 -1.578070
v 0.260604 -0.603360 -0.448073
v 0.999602 -0.599280 -1.592070
v 0.147612 -0.629400 -0.466071
v -0.223390 -0.603730 -0.445075
v -0.979402 -0.600791 -1.578070
v -0.111390 -0.629601 -0.464072
v -1.091401 -0.574741 -1.562071
v 1.070601 -0.270280 -3.358069
v 1.115600 -0.190331 -3.170073
v 1.046599 -0.250600 -3.170073
v 1.139602 -0.210011 -3.358069
v -1.076402 -0.271920 -3.342070
v -1.118394 -0.192041 -3.154074
v -1.145402 -0.211751 -3.341071
v -1.049394 -0.252200 -3.155074
v 1.332610 -0.535250 -3.281073
v 1.112609 -0.573061 -1.578070
v 1.218612 -0.561300 -3.291075
v 0.999602 -0.599280 -1.592070
v -1.091401 -0.574741 -1.562071
v -1.336396 -0.537291 -3.261069
v -1.223390 -0.563161 -3.274069
v -0.979402 -0.600791 -1.578070
v 1.118606 -0.638041 -3.003073
v 1.187606 -0.597210 -2.806075
v 1.095610 -0.618361 -2.815070
v 1.211608 -0.616890 -2.994071
v -1.184388 -0.599021 -2.789076
v -1.119401 -0.639751 -2.986075
v -1.092393 -0.620031 -2.799071
v -1.211396 -0.618741 -2.977072
v -1.197389 -0.991161 -2.919074
v -0.841401 -0.999351 -1.239073
v -0.953401 -1.028791 -1.223075
v -1.085389 -0.961890 -2.939070
v 1.198607 -0.989330 -2.936072
v 0.867598 -0.998040 -1.252074
v 1.086608 -0.960230 -2.955069
v 0.979598 -1.027310 -1.237074
v -0.085389 -1.057601 -0.109076
v -0.841401 -0.999351 -1.239073
v 0.027602 -1.028330 -0.122069
v -0.953401 -1.028791 -1.223075
v 0.979598 -1.027310 -1.237074
v 0.127608 -1.057440 -0.111075
v 0.867598 -0.998040 -1.252074
v 0.015609 -1.028340 -0.122069
v -1.223390 -0.563161 -3.274069
v -0.867402 -0.571351 -1.594069
v -0.979402 -0.600791 -1.578070
v -1.111390 -0.533900 -3.294074
v 1.218612 -0.561300 -3.291075
v 0.887603 -0.570010 -1.607069
v 1.107604 -0.532200 -3.310072
v 0.999602 -0.599280 -1.592070
v 1.139602 -0.210011 -3.358069
v 1.207610 -0.169180 -3.161070
v 1.115600 -0.190331 -3.170073
v 1.231612 -0.188860 -3.349074
v -1.210389 -0.171021 -3.144072
v -1.145402 -0.211751 -3.341071
v -1.118394 -0.192041 -3.154074
v -1.237397 -0.190741 -3.331076
v 0.999602 -0.599280 -1.592070
v 0.147612 -0.629400 -0.466071
v 0.887603 -0.570010 -1.607069
v 0.035598 -0.600310 -0.477072
v -0.111390 -0.629601 -0.464072
v -0.867402 -0.571351 -1.594069
v 0.001601 -0.600340 -0.477072
v -0.979402 -0.600791 -1.578070
v 1.187606 -0.597210 -2.806075
v 1.211608 -0.616890 -2.994071
v 1.301604 -0.640521 -2.979071
v 1.277602 -0.620841 -2.791075
v -1.275392 -0.622791 -2.773070
v -1.301393 -0.642501 -2.960074
v -1.184388 -0.599021 -2.789076
v -1.211396 -0.618741 -2.977072
v 1.086608 -0.960230 -2.955069
v 0.785598 -0.921130 -1.262076
v 1.006606 -0.883791 -2.976073
v -0.760392 -0.922311 -1.251074
v -1.085389 -0.961890 -2.939070
v -1.006394 -0.885330 -2.961073
v 0.867598 -0.998040 -1.252074
v 0.015609 -1.028340 -0.122069
v 0.785598 -0.921130 -1.262076
v -0.067399 -0.951901 -0.125075
v 0.027602 -1.028330 -0.122069
v -0.760392 -0.922311 -1.251074
v 0.109603 -0.951770 -0.126074
v -0.841401 -0.999351 -1.239073
v 1.107604 -0.532200 -3.310072
v 0.805602 -0.493100 -1.617072
v 1.027602 -0.455761 -3.331076
v -0.786393 -0.494311 -1.606070
v -1.111390 -0.533900 -3.294074
v -1.032395 -0.457330 -3.316069
v 0.887603 -0.570010 -1.607069
v 0.035598 -0.600310 -0.477072
v 0.805602 -0.493100 -1.617072
v -0.047395 -0.523871 -0.480071
v 0.001601 -0.600340 -0.477072
v -0.786393 -0.494311 -1.606070
v 0.083602 -0.523770 -0.481070
v -0.867402 -0.571351 -1.594069
v -1.301393 -0.194791 -3.128073
v -1.327394 -0.214511 -3.315070
v -1.210389 -0.171021 -3.144072
v -1.237397 -0.190741 -3.331076
v 1.207610 -0.169180 -3.161070
v 1.231612 -0.188860 -3.349074
v 1.321608 -0.212481 -3.334074
v 1.298598 -0.192811 -3.146071
v 0.322600 -0.751401 -0.053076
v -0.067399 -0.746121 -0.103072
v 0.352599 -0.854701 -0.060072
v 0.240599 -0.674970 -0.056075
v 0.015608 -0.671920 -0.085074
v -0.097398 -0.848610 -0.118071
v 0.322600 -0.957181 -0.075072
v -0.067399 -0.951901 -0.125075
v 0.240599 -1.031390 -0.093070
v 0.015609 -1.028340 -0.122069
v 0.127608 -1.057440 -0.111075
v 0.127608 -0.645870 -0.067076
v -0.197389 -0.675300 -0.053076
v 0.027602 -0.671910 -0.085074
v -0.085389 -0.646031 -0.066069
v -0.279390 -0.751860 -0.049071
v 0.109603 -0.745990 -0.105071
v -0.309388 -0.855210 -0.055075
v 0.139601 -0.848420 -0.120070
v -0.279390 -0.957640 -0.070075
v 0.109603 -0.951770 -0.126074
v -0.197389 -1.031720 -0.090071
v 0.027602 -1.028330 -0.122069
v -0.085389 -1.057601 -0.109076
v -0.223390 -0.247300 -0.407073
v 0.001601 -0.243910 -0.440070
v -0.111390 -0.218041 -0.420073
v -0.305391 -0.323870 -0.403075
v 0.083602 -0.317990 -0.459074
v -0.335389 -0.427210 -0.410071
v 0.113600 -0.420430 -0.474074
v -0.305391 -0.529650 -0.425070
v 0.083602 -0.523770 -0.481070
v -0.223390 -0.603730 -0.445075
v 0.001601 -0.600340 -0.477072
v -0.111390 -0.629601 -0.464072
v 0.342604 -0.323371 -0.408072
v -0.047395 -0.318091 -0.458075
v 0.372603 -0.426671 -0.415076
v 0.260604 -0.246930 -0.411070
v 0.035597 -0.243890 -0.440070
v -0.077394 -0.420570 -0.473074
v 0.342604 -0.529151 -0.430075
v -0.047395 -0.523871 -0.480071
v 0.260604 -0.603360 -0.448073
v 0.035598 -0.600310 -0.477072
v 0.147612 -0.629400 -0.466071
v 0.147612 -0.217840 -0.422072
vn -0.7626 -0.2830 0.5817
vn -0.7625 -0.2830 0.5817
vn -0.7721 0.2127 0.5988
vn -0.7720 0.2127 0.5990
vn -0.9448 -0.2992 0.1338
vn -0.9530 0.2678 0.1418
vn -0.9448 -0.2992 0.1339
vn -0.6748 0.7298 0.1098
vn -0.9575 0.2668 0.1098
vn -0.9575 0.2668 0.1099
vn -0.9425 -0.2906 0.1649
vn -0.9425 -0.2906 0.1650
vn -0.6911 0.7224 0.0235
vn -0.6910 0.7224 0.0236
vn -0.6910 0.7225 0.0235
vn -0.6910 0.7225 0.0236
vn -0.6754 -0.7304 -0.1021
vn -0.6753 -0.7304 -0.1021
vn -0.9466 0.2998 -0.1183
vn -0.9467 0.2998 -0.1183
vn -0.9550 -0.2684 -0.1263
vn -0.9550 -0.2683 -0.1263
vn -0.7727 0.2839 -0.5677
vn -0.7727 0.2838 -0.5677
vn -0.6911 -0.7226 -0.0157
vn -0.7789 -0.2124 -0.5901
vn -0.9448 0.2913 -0.1498
vn -0.9449 0.2913 -0.1496
vn -0.9590 -0.2674 -0.0943
vn -0.9589 -0.2675 -0.0943
vn -0.9449 0.2913 -0.1495
vn -0.9590 -0.2672 -0.0943
vn -0.9590 -0.2673 -0.0943
vn -0.9590 -0.2673 -0.0944
vn 0.5911 0.6699 0.4492
vn -0.5817 0.6682 0.4638
vn 0.6754 0.7304 0.1021
vn -0.6748 0.7298 0.1099
vn 0.2288 0.9549 0.1894
vn 0.2289 0.9549 0.1894
vn -0.2285 0.9534 0.1970
vn 0.2441 0.9686 0.0473
vn 0.2441 0.9686 0.0472
vn -0.2440 0.9682 0.0551
vn -0.2441 0.9682 0.0552
vn 0.2605 0.9629 -0.0710
vn 0.2604 0.9629 -0.0710
vn -0.2679 0.9614 -0.0630
vn -0.2284 0.9534 0.1970
vn -0.2439 0.9682 0.0550
vn 0.2202 0.9753 -0.0157
vn -0.2203 0.9754 -0.0079
vn -0.2202 0.9754 -0.0079
vn -0.2052 0.9705 -0.1262
vn -0.2052 0.9706 -0.1261
vn -0.2053 0.9705 -0.1263
vn -0.2052 0.9706 -0.1262
vn 0.2052 0.9705 -0.1263
vn 0.2051 0.9706 -0.1262
vn 0.2052 0.9705 -0.1264
vn 0.2049 0.9696 -0.1340
vn 0.2050 0.9695 -0.1340
vn -0.2127 0.9690 -0.1260
vn -0.2127 0.9690 -0.1261
vn 0.6559 0.7507 -0.0790
vn 0.6558 0.7508 -0.0790
vn -0.6607 0.7473 -0.0708
vn -0.6609 0.7471 -0.0708
vn 0.2051 0.9706 -0.1263
vn -0.2051 0.9706 -0.1263
vn -0.2052 0.9705 -0.1263
vn 0.5662 0.7156 -0.4090
vn 0.5662 0.7157 -0.4089
vn -0.5734 0.7147 -0.4006
vn -0.5733 0.7147 -0.4006
vn -0.6536 0.7403 -0.1575
vn -0.6536 0.7402 -0.1575
vn 0.6474 0.7421 -0.1737
vn 0.6474 0.7421 -0.1736
vn -0.6608 0.7472 -0.0708
vn -0.2448 -0.1105 -0.9633
vn -0.2448 -0.1106 -0.9632
vn 0.2355 -0.1099 -0.9656
vn -0.2199 -0.0550 -0.9740
vn 0.2049 -0.0552 -0.9772
vn 0.2295 -0.1741 -0.9576
vn -0.2444 -0.1735 -0.9540
vn 0.1580 -0.0237 -0.9872
vn 0.1579 -0.0237 -0.9872
vn -0.1733 -0.0236 -0.9846
vn -0.1732 -0.0236 -0.9846
vn -0.2121 -0.2278 -0.9503
vn 0.1970 -0.2285 -0.9534
vn -0.1104 -0.0237 -0.9936
vn -0.1106 -0.0237 -0.9936
vn -0.1104 -0.0238 -0.9936
vn 0.0948 -0.0237 -0.9952
vn 0.1498 -0.2602 -0.9539
vn 0.1497 -0.2601 -0.9539
vn -0.1651 -0.2595 -0.9515
vn -0.1652 -0.2595 -0.9515
vn 0.0471 -0.0550 -0.9974
vn -0.0628 -0.0549 -0.9965
vn 0.0945 -0.2599 -0.9610
vn -0.1023 -0.2597 -0.9603
vn -0.0315 -0.1104 -0.9934
vn 0.0158 -0.1104 -0.9938
vn 0.0392 -0.2276 -0.9730
vn 0.0394 -0.2276 -0.9730
vn 0.0393 -0.2275 -0.9730
vn -0.0553 -0.2291 -0.9718
vn -0.0315 -0.1733 -0.9844
vn 0.0158 -0.1733 -0.9847
vn 0.1258 -0.1415 -0.9819
vn 0.1257 -0.1414 -0.9819
vn 0.1258 -0.1414 -0.9819
vn 0.1259 -0.1414 -0.9819
vn -0.1422 -0.1422 -0.9796
vn -0.1423 -0.1415 -0.9797
vn 0.2049 -0.0551 -0.9772
vn -0.2197 -0.0550 -0.9740
vn -0.2198 -0.0550 -0.9740
vn 0.1499 -0.2603 -0.9538
vn 0.1498 -0.2601 -0.9539
vn -0.1023 -0.2598 -0.9602
vn 0.0945 -0.2600 -0.9610
vn 0.0392 -0.2275 -0.9730
vn 0.0393 -0.2276 -0.9730
vn 0.0157 -0.1733 -0.9847
vn -0.0315 -0.1732 -0.9844
vn 0.1257 -0.1415 -0.9819
vn 0.1256 -0.1414 -0.9820
vn 0.1257 -0.1413 -0.9820
vn -0.1421 -0.1422 -0.9796
vn -0.1420 -0.1422 -0.9796
vn 0.7727 -0.2839 0.5677
vn 0.7727 -0.2838 0.5677
vn 0.7825 0.2134 0.5849
vn 0.9466 -0.2998 0.1183
vn 0.9550 0.2684 0.1263
vn 0.9550 0.2683 0.1263
vn 0.9467 -0.2997 0.1183
vn 0.6754 0.7303 0.1021
vn 0.9590 0.2673 0.0943
vn 0.9590 0.2672 0.0943
vn 0.9448 -0.2915 0.1496
vn 0.9449 -0.2913 0.1496
vn 0.9449 -0.2912 0.1497
vn 0.6911 0.7226 0.0157
vn 0.9448 -0.2913 0.1497
vn 0.6748 -0.7298 -0.1098
vn 0.9448 0.2992 -0.1338
vn 0.9530 -0.2678 -0.1418
vn 0.9529 -0.2679 -0.1418
vn 0.7660 0.2843 -0.5765
vn 0.6910 -0.7225 -0.0236
vn 0.6910 -0.7224 -0.0236
vn 0.6910 -0.7224 -0.0235
vn 0.9448 0.2992 -0.1339
vn 0.7721 -0.2127 -0.5988
vn 0.7720 -0.2127 -0.5990
vn 0.7721 -0.2128 -0.5988
vn 0.9425 0.2906 -0.1649
vn 0.9425 0.2906 -0.1648
vn 0.9574 -0.2669 -0.1099
vn 0.9575 -0.2668 -0.1098
vn 0.9575 -0.2668 -0.1099
vn 0.6910 -0.7225 -0.0235
vn -0.5590 -0.7165 0.4173
vn 0.5662 -0.7157 0.4089
vn 0.5662 -0.7156 0.4090
vn -0.6559 -0.7507 0.0790
vn -0.6559 -0.7507 0.0789
vn 0.6607 -0.7473 0.0708
vn 0.6607 -0.7473 0.0705
vn 0.6608 -0.7472 0.0708
vn 0.5663 -0.7156 0.4089
vn -0.2049 -0.9696 0.1340
vn -0.2049 -0.9696 0.1339
vn 0.2050 -0.9695 0.1340
vn 0.2049 -0.9696 0.1340
vn 0.6608 -0.7473 0.0708
vn -0.2203 -0.9754 0.0079
vn -0.2202 -0.9754 0.0079
vn 0.2277 -0.9737 0.0079
vn 0.2277 -0.9737 0.0078
vn 0.6536 -0.7402 0.1576
vn 0.6536 -0.7403 0.1575
vn 0.6537 -0.7401 0.1575
vn -0.6474 -0.7421 0.1737
vn -0.2050 -0.9696 0.1340
vn -0.2050 -0.9695 0.1340
vn 0.2127 -0.9689 0.1261
vn 0.2127 -0.9690 0.1261
vn 0.2127 -0.9690 0.1260
vn 0.2441 -0.9682 -0.0551
vn 0.2440 -0.9682 -0.0551
vn -0.2440 -0.9682 -0.0551
vn 0.2210 -0.9551 -0.1973
vn 0.2211 -0.9551 -0.1974
vn -0.2285 -0.9534 -0.1970
vn -0.2284 -0.9534 -0.1972
vn 0.2440 -0.9682 -0.0552
vn -0.2440 -0.9682 -0.0550
vn -0.2284 -0.9534 -0.1971
vn -0.2283 -0.9534 -0.1973
vn -0.2605 -0.9629 0.0710
vn -0.2604 -0.9629 0.0710
vn 0.2679 -0.9614 0.0630
vn -0.6754 -0.7303 -0.1021
vn 0.6748 -0.7298 -0.1099
vn -0.5890 -0.6675 -0.4555
vn 0.5817 -0.6682 -0.4638
vn 0.6748 -0.7297 -0.1099
vn 0.2679 -0.9614 0.0631
vn -0.2604 -0.9629 0.0711
vn -0.1263 -0.1026 0.9867
vn -0.1265 -0.1026 0.9867
vn -0.1264 -0.1026 0.9867
vn 0.1418 -0.1022 0.9846
vn 0.1418 -0.1024 0.9846
vn 0.1418 -0.1025 0.9846
vn 0.1418 -0.1023 0.9846
vt 38.068298 -45.021198
vt 38.209301 -45.022999
vt 38.209900 -45.010101
vt 38.069099 -45.034000
vt 38.066502 -45.008301
vt 38.209301 -44.997101
vt 38.016800 -44.959702
vt 38.160198 -44.961498
vt 38.159698 -44.948601
vt 38.018700 -44.972599
vt 37.853401 -45.039200
vt 37.855999 -45.051800
vt 37.799999 -44.978001
vt 37.803699 -44.990601
vt 38.159698 -44.974400
vt 38.019501 -44.985500
vt 37.849701 -45.026600
vt 37.806301 -45.003201
vt 38.014301 -44.950298
vt 37.798801 -45.000999
vt 37.818802 -44.985802
vt 37.795799 -44.990700
vt 37.821800 -44.996101
vt 37.868500 -45.034401
vt 37.843300 -45.029099
vt 37.845501 -45.039299
vt 37.866402 -45.024200
vt 37.801899 -45.008400
vt 37.824902 -45.003601
vt 37.848499 -45.049500
vt 37.871498 -45.044601
vt 38.063999 -44.998901
vt 37.793701 -44.980499
vt 37.816700 -44.975601
vt 37.851601 -45.056999
vt 37.874599 -45.052101
vt 38.060699 -45.034000
vt 37.850800 -45.061001
vt 38.063000 -45.043400
vt 38.011002 -44.985500
vt 37.801102 -45.012402
vt 38.013302 -44.994900
vt 37.793800 -44.990601
vt 38.008301 -44.959702
vt 37.791100 -44.978001
vt 38.009201 -44.972599
vt 37.847099 -45.051800
vt 38.058899 -45.021198
vt 37.843498 -45.039200
vt 37.797401 -45.003201
vt 38.152302 -44.961498
vt 38.152802 -44.948601
vt 37.846600 -45.029099
vt 37.869598 -45.024200
vt 37.866699 -45.016701
vt 37.843601 -45.021599
vt 38.057999 -45.008301
vt 37.840801 -45.026600
vt 38.152802 -44.974400
vt 38.202499 -45.022999
vt 38.202000 -45.010101
vt 37.825100 -44.996101
vt 37.799801 -44.990700
vt 37.801998 -45.000999
vt 37.822899 -44.985802
vt 38.202499 -44.997101
vt 37.849499 -45.039299
vt 37.872601 -45.034401
vt 37.796799 -44.980499
vt 37.819901 -44.975601
vt 37.816898 -44.968102
vt 37.793900 -44.973000
vt 37.874802 -45.044601
vt 37.851700 -45.049500
vt 38.139900 -45.012299
vt 38.043201 -45.159100
vt 38.150101 -45.014599
vt 38.032902 -45.157700
vt 37.863098 -45.014301
vt 37.962101 -45.159698
vt 37.972301 -45.158199
vt 37.853001 -45.016800
vt 38.178200 -44.797401
vt 38.168201 -44.793800
vt 37.831600 -44.796200
vt 37.821701 -44.799999
vt 37.866402 -45.063999
vt 37.965302 -45.209301
vt 37.975601 -45.207901
vt 37.856300 -45.066502
vt 38.137402 -45.062000
vt 38.040600 -45.208801
vt 38.147598 -45.064301
vt 38.030300 -45.207500
vt 37.834900 -44.845901
vt 37.824902 -44.849701
vt 38.175701 -44.847099
vt 38.165699 -44.843498
vt 38.125900 -45.010101
vt 38.018799 -45.155899
vt 37.877102 -45.011902
vt 37.986401 -45.156200
vt 38.154301 -44.791100
vt 37.845600 -44.793301
vt 38.138500 -44.822899
vt 38.152901 -44.801998
vt 38.141499 -44.799801
vt 38.149899 -44.825100
vt 37.847099 -44.804199
vt 37.861801 -44.824902
vt 37.858398 -44.801899
vt 37.850498 -44.827301
vt 38.123402 -45.059898
vt 38.016300 -45.205601
vt 37.880402 -45.061600
vt 37.989601 -45.205799
vt 38.151798 -44.840801
vt 37.848801 -44.842999
vt 37.859699 -44.792198
vt 37.891201 -45.010300
vt 38.140099 -44.790100
vt 38.111801 -45.008701
vt 38.004700 -45.154099
vt 38.000401 -45.154099
vt 38.136002 -44.872601
vt 38.150398 -44.851700
vt 38.139000 -44.849499
vt 38.147400 -44.874802
vt 37.850399 -44.853901
vt 37.865002 -44.874599
vt 37.861698 -44.851601
vt 37.853699 -44.876900
vt 37.839001 -44.828201
vt 37.835602 -44.805199
vt 38.161400 -44.825901
vt 38.164398 -44.802799
vt 37.862999 -44.841801
vt 37.894501 -45.060001
vt 38.137600 -44.839802
vt 38.109299 -45.058399
vt 37.870300 -44.792999
vt 37.901600 -45.009800
vt 38.129501 -44.791100
vt 38.101398 -45.008301
vt 38.003700 -45.203800
vt 38.002201 -45.203800
vt 38.010700 -45.152599
vt 37.994400 -45.152802
vt 37.842201 -44.877899
vt 37.838902 -44.854900
vt 38.158901 -44.875599
vt 38.161900 -44.852501
vt 38.169998 -44.825100
vt 38.173000 -44.801998
vt 37.830299 -44.827499
vt 37.827000 -44.804501
vt 38.126999 -44.840801
vt 38.098801 -45.057999
vt 37.873600 -44.842701
vt 37.904900 -45.059399
vt 37.991901 -45.202499
vt 38.014000 -45.202301
vt 38.167500 -44.874802
vt 38.170502 -44.851700
vt 37.833599 -44.877201
vt 37.830299 -44.854198
vt 38.173698 -44.980499
vt 38.181599 -44.990601
vt 38.178299 -44.978001
vt 38.176399 -44.990700
vt 37.826302 -44.980499
vt 37.818401 -44.990601
vt 37.823601 -44.990700
vt 37.821800 -44.978001
vt 38.165699 -44.973000
vt 38.168400 -44.968800
vt 37.834499 -44.973000
vt 37.831799 -44.968800
vt 37.822601 -45.003201
vt 37.827000 -45.000999
vt 38.177399 -45.003201
vt 38.173000 -45.000999
vt 37.845699 -44.965401
vt 37.845798 -44.970299
vt 38.154400 -44.965401
vt 38.154400 -44.970299
vt 38.164398 -45.008400
vt 38.166801 -45.012402
vt 37.833199 -45.012402
vt 37.835602 -45.008400
vt 38.140301 -44.968800
vt 38.142799 -44.973000
vt 37.859901 -44.968800
vt 37.857300 -44.973000
vt 37.847099 -45.011200
vt 37.847401 -45.015800
vt 38.152901 -45.011200
vt 38.152599 -45.015800
vt 37.865898 -44.980499
vt 37.870499 -44.978001
vt 38.134201 -44.980499
vt 38.129700 -44.978001
vt 37.858501 -45.008400
vt 37.861301 -45.012402
vt 38.141602 -45.008400
vt 38.138699 -45.012402
vt 38.130798 -44.990700
vt 38.125401 -44.990601
vt 37.869301 -44.990700
vt 37.874699 -44.990601
vt 37.866600 -45.000999
vt 37.871300 -45.003201
vt 38.133499 -45.000999
vt 38.128700 -45.003201
vt 38.174099 -45.051800
vt 38.178398 -45.039200
vt 38.173199 -45.039299
vt 38.169701 -45.049500
vt 37.825100 -45.051800
vt 37.826099 -45.039299
vt 37.820900 -45.039200
vt 37.829498 -45.049500
vt 38.170502 -45.029099
vt 38.175098 -45.026600
vt 37.828899 -45.029099
vt 37.824299 -45.026600
vt 38.161098 -45.056999
vt 38.163502 -45.061001
vt 37.835701 -45.061001
vt 37.838100 -45.056999
vt 37.838600 -45.003601
vt 37.868900 -44.975601
vt 37.860298 -44.968102
vt 37.850101 -45.006302
vt 37.830002 -44.996101
vt 37.872299 -44.985802
vt 37.861500 -45.003601
vt 37.869598 -44.996101
vt 37.848801 -44.965401
vt 37.826599 -44.985802
vt 37.837399 -44.968102
vt 37.829300 -44.975601
vt 38.160999 -45.003601
vt 38.130901 -44.975601
vt 38.149502 -45.006302
vt 38.169701 -44.996101
vt 38.139500 -44.968102
vt 38.127499 -44.985802
vt 38.138199 -45.003601
vt 38.130199 -44.996101
vt 38.151001 -44.965401
vt 38.173100 -44.985802
vt 38.162300 -44.968102
vt 38.170399 -44.975601
vt 37.837002 -45.021599
vt 37.834301 -45.017399
vt 38.162399 -45.021599
vt 38.165100 -45.017399
vt 37.849602 -45.059799
vt 37.849899 -45.064400
vt 38.149601 -45.059799
vt 38.149399 -45.064400
vt 38.151199 -45.014000
vt 38.151100 -45.018799
vt 37.848202 -45.014000
vt 37.848301 -45.018799
vt 38.138302 -45.056999
vt 38.135399 -45.061001
vt 37.861000 -45.056999
vt 37.863800 -45.061001
vt 38.137001 -45.017399
vt 38.139599 -45.021599
vt 37.862400 -45.017399
vt 37.859798 -45.021599
vt 37.869099 -45.049500
vt 37.873798 -45.051800
vt 38.130199 -45.049500
vt 38.125500 -45.051800
vt 37.868401 -45.029099
vt 37.873001 -45.026600
vt 38.131001 -45.029099
vt 38.126400 -45.026600
vt 37.871799 -45.039299
vt 37.877201 -45.039200
vt 38.127499 -45.039299
vt 38.122200 -45.039200
vt 37.841099 -45.052101
vt 37.871399 -45.024200
vt 37.862801 -45.016701
vt 37.852600 -45.054901
vt 37.832500 -45.044601
vt 37.874802 -45.034401
vt 37.863998 -45.052101
vt 37.872101 -45.044601
vt 37.851299 -45.013901
vt 37.829102 -45.034401
vt 37.840000 -45.016701
vt 37.831799 -45.024200
vt 38.157799 -45.052101
vt 38.127602 -45.024200
vt 38.146301 -45.054901
vt 38.166401 -45.044601
vt 38.136299 -45.016701
vt 38.124199 -45.034401
vt 38.134998 -45.052101
vt 38.126900 -45.044601
vt 38.147800 -45.013901
vt 38.169800 -45.034401
vt 38.159100 -45.016701
vt 38.167198 -45.024200
vt 37.791199 -45.022999
vt 37.933800 -45.021198
vt 37.790699 -45.010101
vt 37.932999 -45.034000
vt 37.935699 -45.008301
vt 37.791199 -44.997101
vt 37.840401 -44.961498
vt 37.985401 -44.959702
vt 37.840900 -44.948601
vt 37.983601 -44.972599
vt 38.146500 -45.051800
vt 38.149200 -45.039200
vt 38.198898 -44.990601
vt 38.202599 -44.978001
vt 37.840900 -44.974400
vt 37.982700 -44.985500
vt 38.152901 -45.026600
vt 38.196301 -45.003201
vt 37.987701 -44.950298
vt 38.182999 -44.985802
vt 38.203098 -45.000999
vt 38.206100 -44.990700
vt 38.180099 -44.996101
vt 38.133301 -45.034401
vt 38.158600 -45.029099
vt 38.135502 -45.024200
vt 38.156399 -45.039299
vt 38.200199 -45.008400
vt 38.177101 -45.003601
vt 38.153400 -45.049500
vt 38.130299 -45.044601
vt 37.938000 -44.998901
vt 38.208302 -44.980499
vt 38.185200 -44.975601
vt 38.150501 -45.056999
vt 38.127399 -45.052101
vt 38.147202 -45.061001
vt 37.937901 -45.034000
vt 37.935398 -45.043400
vt 38.196899 -45.012402
vt 37.987598 -44.985500
vt 37.985100 -44.994900
vt 37.990200 -44.959702
vt 38.204399 -44.990601
vt 38.207001 -44.978001
vt 37.989399 -44.972599
vt 37.939800 -45.021198
vt 38.151001 -45.051800
vt 38.154701 -45.039200
vt 38.200699 -45.003201
vt 37.847900 -44.961498
vt 37.847401 -44.948601
vt 38.131001 -45.016701
vt 38.150902 -45.029099
vt 38.153999 -45.021599
vt 38.127899 -45.024200
vt 37.940601 -45.008301
vt 38.157299 -45.026600
vt 37.847401 -44.974400
vt 37.797699 -45.022999
vt 37.798199 -45.010101
vt 38.172501 -44.996101
vt 38.197601 -44.990700
vt 38.174599 -44.985802
vt 38.195499 -45.000999
vt 37.797699 -44.997101
vt 38.147900 -45.039299
vt 38.124901 -45.034401
vt 38.180698 -44.968102
vt 38.200600 -44.980499
vt 38.203701 -44.973000
vt 38.177601 -44.975601
vt 38.122799 -45.044601
vt 38.145802 -45.049500
vt 38.034698 -45.209301
vt 38.132900 -45.068600
vt 38.024399 -45.207901
vt 38.143398 -45.069099
vt 37.852798 -45.067001
vt 37.959400 -45.208801
vt 37.863201 -45.066700
vt 37.969700 -45.207500
vt 38.174099 -44.855999
vt 38.163502 -44.856800
vt 37.825100 -44.853500
vt 37.835701 -44.854401
vt 38.037899 -45.159698
vt 38.136200 -45.018902
vt 38.027699 -45.158199
vt 38.146599 -45.019501
vt 37.850201 -45.017300
vt 37.956799 -45.159100
vt 37.860699 -45.016899
vt 37.967098 -45.157700
vt 38.118801 -45.067001
vt 38.010399 -45.205799
vt 37.877300 -45.065201
vt 37.983700 -45.205601
vt 38.177399 -44.806301
vt 38.166801 -44.807201
vt 37.822601 -44.803699
vt 37.833199 -44.804699
vt 38.149399 -44.855701
vt 37.849899 -44.853500
vt 37.868401 -44.841400
vt 37.862801 -44.863701
vt 37.871399 -44.864498
vt 37.859798 -44.840599
vt 38.131001 -44.843300
vt 38.136299 -44.865700
vt 38.139599 -44.842701
vt 38.127602 -44.866402
vt 37.874802 -45.015499
vt 37.981201 -45.155899
vt 38.122101 -45.017300
vt 38.013599 -45.156200
vt 37.865898 -44.791698
vt 37.860298 -44.813999
vt 37.868900 -44.814800
vt 37.857300 -44.790901
vt 38.134201 -44.793701
vt 38.139500 -44.816002
vt 38.142799 -44.792999
vt 38.130901 -44.816700
vt 37.847401 -44.803699
vt 38.152599 -44.806000
vt 37.851299 -44.864498
vt 37.848301 -44.841400
vt 38.147800 -44.866699
vt 38.151100 -44.843601
vt 38.104900 -45.064602
vt 38.135399 -44.852798
vt 37.891300 -45.063000
vt 37.863800 -44.850800
vt 37.996300 -45.203800
vt 37.997799 -45.203800
vt 38.108101 -45.014900
vt 38.138699 -44.803101
vt 37.888802 -45.013302
vt 37.861301 -44.801102
vt 37.848801 -44.814800
vt 37.845798 -44.791698
vt 38.151001 -44.817001
vt 38.154400 -44.793999
vt 37.995300 -45.154099
vt 37.999599 -45.154099
vt 37.837002 -44.843601
vt 37.840000 -44.866699
vt 38.159100 -44.868999
vt 38.162399 -44.846001
vt 37.901501 -45.060699
vt 37.873798 -44.847099
vt 38.094700 -45.062099
vt 38.125500 -44.848999
vt 38.008099 -45.202499
vt 37.986000 -45.202301
vt 37.898998 -45.011002
vt 37.871300 -44.797401
vt 38.098000 -45.012402
vt 38.128700 -44.799301
vt 38.005600 -45.152802
vt 37.989300 -45.152599
vt 38.162300 -44.819302
vt 38.165699 -44.796299
vt 37.834499 -44.793900
vt 37.837399 -44.816898
vt 38.040600 -44.997101
vt 37.991901 -44.997101
vt 38.044399 -45.010101
vt 38.030300 -44.987701
vt 38.002201 -44.987701
vt 37.988098 -45.010101
vt 38.040600 -45.022999
vt 37.991901 -45.022999
vt 38.030300 -45.032501
vt 38.002201 -45.032501
vt 38.016300 -45.035900
vt 38.016300 -44.984200
vt 37.975601 -44.987701
vt 38.003700 -44.987701
vt 37.989601 -44.984200
vt 37.965302 -44.997101
vt 38.014000 -44.997101
vt 37.961601 -45.010101
vt 38.017700 -45.010101
vt 37.965302 -45.022999
vt 38.014000 -45.022999
vt 37.975601 -45.032501
vt 38.003700 -45.032501
vt 37.989601 -45.035900
vt 37.972301 -44.939098
vt 38.000401 -44.939098
vt 37.986401 -44.935600
vt 37.962101 -44.948601
vt 38.010700 -44.948601
vt 37.958302 -44.961498
vt 38.014500 -44.961498
vt 37.962101 -44.974400
vt 38.010700 -44.974400
vt 37.972301 -44.983898
vt 38.000401 -44.983898
vt 37.986401 -44.987400
vt 38.043201 -44.948601
vt 37.994400 -44.948601
vt 38.046902 -44.961498
vt 38.032902 -44.939098
vt 38.004700 -44.939098
vt 37.990601 -44.961498
vt 38.043201 -44.974400
vt 37.994400 -44.974400
vt 38.032902 -44.983898
vt 38.004700 -44.983898
vt 38.018799 -44.987400
vt 38.018799 -44.935600
s 1
usemtl Part1Mtl.003
f 1/1/1 2/2/1 3/3/2
f 2/2/1 1/1/1 4/4/1
f 5/5/3 6/3/4 7/6/3
f 6/3/4 5/5/3 8/1/3
f 9/7/3 10/8/3 11/9/3
f 10/8/3 9/7/3 12/10/3
f 13/1/5 14/11/5 15/12/5
f 15/12/5 16/4/5 13/1/5
f 17/7/6 18/13/6 19/14/6
f 19/14/6 20/10/6 17/7/6
f 21/10/1 22/15/1 23/8/1
f 22/15/1 21/10/1 24/16/1
f 25/5/6 26/17/6 27/11/6
f 27/11/6 28/1/6 25/5/6
f 29/10/5 30/14/5 31/18/7
f 31/18/7 32/16/5 29/10/5
f 34/13/8 35/7/8 33/19/8
f 36/20/9 37/21/10 38/22/10
f 37/21/10 36/20/9 39/23/9
f 40/24/11 41/25/11 42/26/11
f 41/25/11 40/24/11 43/27/12
f 44/28/13 45/23/14 46/20/15
f 45/23/14 44/28/13 47/29/14
f 48/30/9 49/24/10 50/26/10
f 49/24/10 48/30/9 51/31/10
f 53/17/8 54/5/8 52/32/8
f 55/21/11 56/33/11 57/22/11
f 56/33/11 55/21/11 58/34/11
f 59/35/16 60/31/14 61/30/14
f 60/31/14 59/35/16 62/36/15
f 64/37/17 63/38/17 65/39/17
f 67/40/18 66/41/18 68/42/18
f 69/43/19 70/44/19 71/45/19
f 70/44/19 69/43/19 72/46/20
f 73/47/21 74/48/22 75/49/22
f 74/48/22 73/47/21 76/37/21
f 77/50/21 78/46/21 79/43/21
f 78/46/21 77/50/21 80/40/22
f 81/51/23 82/44/24 83/46/24
f 82/44/24 81/51/23 84/52/23
f 85/53/25 86/54/25 87/55/25
f 85/53/25 87/55/25 88/56/25
f 89/49/19 90/57/19 91/58/19
f 90/57/19 89/49/19 92/48/20
f 93/59/26 94/46/26 95/40/26
f 94/46/26 93/59/26 96/51/26
f 97/60/26 98/48/26 99/37/26
f 98/48/26 97/60/26 100/61/26
f 101/62/27 102/63/28 103/64/28
f 102/63/28 101/62/27 104/65/28
f 105/61/23 106/57/23 107/48/23
f 106/57/23 105/61/23 108/66/23
f 109/67/29 110/68/29 111/54/30
f 109/67/29 111/54/30 112/53/29
f 113/69/25 114/70/25 115/71/25
f 113/69/25 115/71/25 116/72/25
f 117/73/28 118/67/28 119/74/31
f 118/67/28 117/73/28 120/68/28
f 121/63/32 122/65/32 123/70/33
f 121/63/32 123/70/33 124/69/34
f 125/75/35 126/76/35 127/77/35
f 126/76/35 125/75/35 128/78/35
f 129/79/36 130/80/36 131/81/36
f 130/80/36 129/79/36 132/82/36
f 134/75/37 133/83/37 135/84/37
f 136/79/38 137/85/38 138/86/38
f 139/87/36 140/88/36 141/89/36
f 140/88/36 139/87/36 142/90/36
f 143/91/35 144/92/35 145/93/35
f 144/92/35 143/91/35 146/94/35
f 147/87/38 148/95/38 149/96/38
f 151/91/37 150/97/37 152/98/37
f 153/99/39 154/78/40 155/75/39
f 154/78/40 153/99/39 156/100/39
f 157/101/41 158/81/41 159/102/41
f 158/81/41 157/101/41 160/79/41
f 161/99/42 162/84/42 163/103/42
f 162/84/42 161/99/42 164/75/43
f 165/101/44 166/85/45 167/79/44
f 166/85/45 165/101/44 168/104/44
f 169/105/46 170/106/46 171/107/47
f 170/106/46 169/105/46 172/108/46
f 173/109/48 174/110/48 175/111/48
f 174/110/48 173/109/48 176/112/48
f 177/113/39 178/94/39 179/91/40
f 178/94/39 177/113/39 180/114/39
f 181/115/41 182/89/49 183/116/41
f 182/89/49 181/115/41 184/87/41
f 185/113/42 186/98/43 187/117/42
f 186/98/43 185/113/42 188/91/43
f 189/115/44 190/95/44 191/87/44
f 190/95/44 189/115/44 192/118/50
f 193/101/51 194/119/51 195/104/51
f 194/119/51 193/101/51 196/120/51
f 197/121/52 198/99/53 199/103/53
f 198/99/53 197/121/52 200/122/52
f 201/122/54 202/100/55 203/99/56
f 202/100/55 201/122/54 204/123/57
f 205/120/58 206/102/58 207/124/59
f 206/102/58 205/120/58 208/101/60
f 209/125/47 210/126/46 211/127/47
f 210/126/46 209/125/47 212/128/46
f 213/129/48 214/130/48 215/131/48
f 214/130/48 213/129/48 216/132/48
f 217/133/61 218/109/62 219/134/62
f 218/109/62 217/133/61 220/112/61
f 221/106/63 222/108/63 223/135/64
f 221/106/63 223/135/64 224/136/63
f 225/115/51 226/137/51 227/118/51
f 226/137/51 225/115/51 228/138/51
f 229/139/52 230/113/53 231/117/52
f 230/113/53 229/139/52 232/140/53
f 233/120/65 234/141/66 235/119/65
f 234/141/66 233/120/65 236/142/65
f 237/143/67 238/122/67 239/121/67
f 238/122/67 237/143/67 240/144/68
f 241/138/58 242/116/69 243/145/59
f 242/116/69 241/138/58 244/115/60
f 245/140/56 246/114/57 247/113/70
f 246/114/57 245/140/56 248/146/71
f 249/142/72 250/124/73 251/147/73
f 250/124/73 249/142/72 252/120/73
f 253/144/74 254/123/74 255/122/74
f 254/123/74 253/144/74 256/148/75
f 257/149/62 258/129/62 259/150/61
f 258/129/62 257/149/62 260/132/61
f 261/126/64 262/128/64 263/151/63
f 261/126/64 263/151/63 264/152/63
f 265/136/76 266/135/76 267/153/77
f 265/136/76 267/153/77 268/154/77
f 269/155/78 270/134/78 271/156/78
f 270/134/78 269/155/78 272/133/79
f 273/157/67 274/140/67 275/139/67
f 274/140/67 273/157/67 276/158/80
f 277/138/65 278/159/65 279/137/66
f 278/159/65 277/138/65 280/160/65
f 281/158/75 282/146/75 283/140/75
f 282/146/75 281/158/75 284/161/75
f 285/160/73 286/145/73 287/162/73
f 286/145/73 285/160/73 288/138/72
f 289/152/77 290/151/76 291/163/77
f 289/152/77 291/163/77 292/164/76
f 293/165/78 294/150/78 295/166/78
f 294/150/78 293/165/78 296/149/78
f 297/167/81 298/168/82 299/169/81
f 298/168/82 297/167/81 300/170/81
f 301/171/83 302/172/83 303/173/83
f 302/172/83 301/171/83 304/174/83
f 305/169/84 306/175/84 307/167/84
f 306/175/84 305/169/84 308/176/84
f 309/177/85 310/174/85 311/171/85
f 312/178/85 310/174/85 309/177/85
f 313/179/86 314/173/86 315/172/86
f 314/173/86 313/179/86 316/180/86
f 317/181/87 318/168/87 319/170/87
f 317/181/87 319/170/87 320/182/87
f 321/183/88 322/177/89 323/184/89
f 322/177/89 321/183/88 324/178/89
f 325/175/90 326/185/90 327/186/91
f 326/185/90 325/175/90 328/176/90
f 329/182/92 330/187/92 331/188/92
f 331/188/92 332/181/92 329/182/92
f 333/179/93 334/189/93 335/180/93
f 334/189/93 336/190/93 335/180/93
f 337/191/94 338/186/95 339/185/96
f 338/186/95 337/191/94 340/192/94
f 341/193/97 342/184/97 343/194/97
f 342/184/97 341/193/97 344/183/97
f 345/195/98 346/189/99 347/196/98
f 346/189/99 345/195/98 348/190/98
f 349/197/100 350/188/100 351/187/100
f 350/188/100 349/197/100 352/198/101
f 353/199/102 354/193/102 355/194/102
f 354/193/102 353/199/102 356/200/102
f 357/201/103 358/191/103 359/202/103
f 358/191/103 357/201/103 360/192/103
f 361/203/104 362/196/104 363/204/104
f 362/196/104 361/203/104 364/195/104
f 365/198/105 366/205/105 367/206/105
f 366/205/105 365/198/105 368/197/105
f 369/202/106 370/207/106 371/201/106
f 370/207/106 369/202/106 372/208/106
f 373/209/107 374/200/107 375/199/107
f 376/210/107 374/200/107 373/209/107
f 377/204/108 378/211/109 379/203/110
f 378/211/109 377/204/108 380/212/108
f 381/206/111 382/213/111 383/214/111
f 382/213/111 381/206/111 384/205/111
f 385/207/112 386/214/112 387/213/112
f 386/214/112 385/207/112 388/208/112
f 389/212/113 390/209/113 391/211/113
f 390/209/113 389/212/113 392/210/113
f 393/215/87 394/216/87 395/217/87
f 393/215/87 395/217/87 396/218/87
f 397/219/86 398/220/86 399/221/86
f 398/220/86 397/219/86 400/222/86
f 401/223/81 402/216/81 403/224/81
f 402/216/81 401/223/81 404/217/81
f 405/225/83 406/221/83 407/220/83
f 406/221/83 405/225/83 408/226/83
f 409/218/92 410/227/92 411/228/92
f 411/228/92 412/215/92 409/218/92
f 413/219/93 414/229/93 415/222/93
f 414/229/93 416/230/93 415/222/93
f 417/231/114 418/232/115 419/233/115
f 418/232/115 417/231/114 420/234/116
f 417/231/114 419/233/115 421/235/115
f 418/232/115 420/234/116 422/236/115
f 423/237/115 422/236/115 420/234/116
f 422/236/115 423/237/115 424/238/115
f 421/235/115 419/233/115 425/239/117
f 425/239/117 426/240/115 421/235/115
f 426/240/115 425/239/117 427/241/115
f 426/240/115 427/241/115 428/242/115
f 429/243/118 430/244/118 431/245/118
f 432/246/118 433/247/118 429/243/118
f 430/244/118 429/243/118 433/247/118
f 434/248/118 431/245/118 430/244/118
f 434/248/118 435/249/118 431/245/118
f 435/249/118 434/248/118 436/250/118
f 433/247/118 432/246/118 437/251/118
f 438/252/119 437/251/118 432/246/118
f 437/251/118 438/252/119 439/253/118
f 439/253/118 438/252/119 440/254/118
f 441/255/85 442/226/85 443/225/120
f 444/256/85 442/226/85 441/255/85
f 445/224/121 446/257/122 447/223/84
f 446/257/122 445/224/121 448/258/122
f 449/259/98 450/229/123 451/260/124
f 450/229/123 449/259/98 452/230/98
f 453/261/100 454/228/100 455/227/100
f 454/228/100 453/261/100 456/262/100
f 457/257/90 458/263/90 459/264/90
f 458/263/90 457/257/90 460/258/91
f 461/265/89 462/255/89 463/266/89
f 462/255/89 461/265/89 464/256/89
f 465/262/105 466/267/105 467/268/105
f 466/267/105 465/262/105 468/261/125
f 469/269/104 470/260/126 471/270/104
f 470/260/126 469/269/104 472/259/104
f 473/271/94 474/264/94 475/263/94
f 474/264/94 473/271/94 476/272/94
f 477/273/97 478/266/97 479/274/97
f 478/266/97 477/273/97 480/265/97
f 481/270/127 482/275/128 483/269/108
f 482/275/128 481/270/127 484/276/108
f 485/268/111 486/277/111 487/278/111
f 486/277/111 485/268/111 488/267/111
f 489/279/102 490/273/102 491/274/102
f 490/273/102 489/279/102 492/280/102
f 493/281/103 494/271/103 495/282/103
f 494/271/103 493/281/103 496/272/103
f 497/276/113 498/283/113 499/275/113
f 498/283/113 497/276/113 500/284/129
f 501/285/112 502/278/130 503/277/130
f 502/278/130 501/285/112 504/286/130
f 505/283/107 506/280/107 507/279/107
f 508/284/107 506/280/107 505/283/107
f 509/282/106 510/285/106 511/281/106
f 510/285/106 509/282/106 512/286/106
f 513/287/115 514/288/131 515/289/115
f 514/288/131 513/287/115 516/290/116
f 513/287/115 515/289/115 517/291/115
f 514/288/131 516/290/116 518/292/115
f 519/293/132 518/292/115 516/290/116
f 518/292/115 519/293/132 520/294/115
f 517/291/115 515/289/115 521/295/115
f 521/295/115 522/296/115 517/291/115
f 522/296/115 521/295/115 523/297/133
f 522/296/115 523/297/133 524/298/115
f 525/299/134 526/300/134 527/301/118
f 528/302/135 529/303/134 525/299/134
f 526/300/134 525/299/134 529/303/134
f 530/304/134 527/301/118 526/300/134
f 530/304/134 531/305/118 527/301/118
f 531/305/118 530/304/134 532/306/118
f 529/303/134 528/302/135 533/307/118
f 534/308/118 533/307/118 528/302/135
f 533/307/118 534/308/118 535/309/118
f 535/309/118 534/308/118 536/310/118
f 537/311/136 538/312/137 539/313/136
f 538/312/137 537/311/136 540/314/137
f 541/313/138 542/315/138 543/316/138
f 542/315/138 541/313/138 544/312/138
f 545/317/138 546/318/138 547/319/138
f 546/318/138 545/317/138 548/320/138
f 549/314/139 550/321/139 551/312/139
f 551/312/139 550/321/139 552/322/139
f 553/320/140 554/323/140 555/318/141
f 555/318/141 554/323/140 556/324/140
f 557/325/136 558/320/137 559/317/136
f 558/320/137 557/325/136 560/326/136
f 561/312/141 562/322/141 563/315/141
f 563/315/141 562/322/141 564/327/140
f 565/326/139 566/328/142 567/320/139
f 567/320/139 566/328/142 568/323/139
f 569/318/143 570/324/143 571/329/143
f 572/330/144 573/331/144 574/332/145
f 573/331/144 572/330/144 575/333/144
f 576/334/146 577/335/147 578/336/148
f 577/335/147 576/334/146 579/337/147
f 580/333/149 581/338/149 582/331/149
f 581/338/149 580/333/149 583/339/149
f 584/334/144 585/340/144 586/337/144
f 585/340/144 584/334/144 587/341/144
f 588/315/37 589/327/37 590/342/37
f 591/330/150 592/343/147 593/344/147
f 592/343/147 591/330/150 594/332/147
f 595/341/149 596/345/149 597/340/149
f 596/345/149 595/341/149 598/346/149
f 600/347/151 599/348/151 601/349/151
f 603/350/151 602/351/151 604/352/151
f 605/353/152 606/354/152 607/355/152
f 606/354/152 605/353/152 608/356/152
f 609/357/153 610/358/153 611/359/153
f 610/358/153 609/357/153 612/348/154
f 613/356/153 614/360/153 615/354/153
f 614/360/153 613/356/153 616/351/153
f 617/361/155 618/353/155 619/362/155
f 618/353/155 617/361/155 620/356/155
f 621/363/156 622/364/157 623/365/158
f 622/364/157 621/363/156 624/366/156
f 625/367/152 626/359/152 627/368/159
f 626/359/152 625/367/152 628/357/152
f 629/369/160 630/356/160 631/361/160
f 630/356/160 629/369/160 632/351/161
f 633/370/160 634/357/162 635/371/160
f 634/357/162 633/370/160 636/348/161
f 637/372/163 638/373/163 639/374/163
f 638/373/163 637/372/163 640/375/164
f 641/371/155 642/367/155 643/376/155
f 642/367/155 641/371/155 644/357/155
f 645/377/165 646/366/166 647/378/167
f 646/366/166 645/377/165 648/364/167
f 649/379/156 650/380/157 651/381/168
f 650/380/157 649/379/156 652/382/156
f 653/383/163 654/377/163 655/378/163
f 654/377/163 653/383/163 656/384/163
f 657/373/167 658/382/167 659/374/167
f 658/382/167 657/373/167 660/380/167
f 661/385/169 662/386/169 663/387/169
f 661/385/169 664/388/169 662/386/169
f 665/389/170 666/390/171 667/391/170
f 668/392/170 667/391/170 666/390/171
f 669/388/172 670/393/172 671/394/172
f 669/388/172 671/394/172 672/386/173
f 673/395/174 674/389/174 675/396/175
f 676/391/176 675/396/175 674/389/174
f 677/397/169 678/398/169 679/399/169
f 677/397/169 680/400/169 678/398/169
f 681/401/170 682/402/171 683/403/177
f 684/404/170 683/403/177 682/402/171
f 685/387/178 686/405/178 687/406/178
f 685/387/178 688/386/179 686/405/178
f 689/391/180 690/392/181 691/407/181
f 692/408/181 691/407/181 690/392/181
f 693/400/173 694/409/172 695/410/172
f 693/400/173 695/410/172 696/398/173
f 697/411/182 698/401/176 699/412/174
f 700/403/176 699/412/174 698/401/176
f 701/386/183 702/394/183 703/413/184
f 701/386/183 703/413/184 704/405/184
f 705/396/185 706/391/185 707/414/185
f 708/407/186 707/414/185 706/391/185
f 709/415/187 710/416/188 711/417/188
f 710/416/188 709/415/187 712/418/189
f 713/419/190 714/420/190 715/421/190
f 714/420/190 713/419/190 716/422/190
f 717/403/180 718/404/181 719/423/180
f 720/424/181 719/423/180 718/404/181
f 721/399/191 722/425/178 723/426/191
f 721/399/191 724/398/192 722/425/178
f 725/427/188 726/428/188 727/429/188
f 726/428/188 725/427/188 728/430/188
f 729/431/190 730/432/190 731/433/190
f 730/432/190 729/431/190 732/434/190
f 733/412/185 734/403/186 735/435/185
f 736/423/185 735/435/185 734/403/186
f 737/398/183 738/410/183 739/436/183
f 737/398/183 739/436/183 740/425/183
f 741/418/193 742/437/194 743/416/195
f 742/437/194 741/418/193 744/438/194
f 745/439/192 746/421/192 747/420/178
f 746/421/192 745/439/192 748/440/192
f 749/413/196 750/441/197 751/405/197
f 750/441/197 749/413/196 752/442/197
f 753/414/198 754/443/198 755/444/198
f 754/443/198 753/414/198 756/407/198
f 757/406/199 758/441/199 759/445/199
f 757/406/199 760/405/200 758/441/199
f 761/407/201 762/408/201 763/443/201
f 764/446/202 763/443/201 762/408/201
f 765/436/203 766/447/197 767/425/197
f 766/447/197 765/436/203 768/448/197
f 769/435/204 770/449/198 771/450/198
f 770/449/198 769/435/204 772/423/198
f 773/430/195 774/451/193 775/428/195
f 774/451/193 773/430/195 776/452/194
f 777/453/192 778/433/192 779/432/178
f 778/433/192 777/453/192 780/454/178
f 781/423/201 782/424/205 783/449/201
f 784/455/206 783/449/201 782/424/205
f 785/426/199 786/447/200 787/456/199
f 785/426/199 788/425/200 786/447/200
f 789/437/207 790/438/207 791/457/207
f 789/437/207 791/457/207 792/458/208
f 793/459/209 794/460/209 795/439/209
f 794/460/209 796/440/209 795/439/209
f 797/444/210 798/461/210 799/462/210
f 800/463/211 801/442/211 802/464/211
f 803/443/212 804/446/212 805/461/212
f 806/465/212 805/461/212 804/446/212
f 807/445/213 808/463/213 809/466/213
f 808/463/213 807/445/213 810/441/213
f 811/450/17 812/467/17 813/468/17
f 814/469/214 815/448/214 816/470/214
f 817/449/212 818/455/212 819/467/212
f 820/471/212 819/467/212 818/455/212
f 821/456/213 822/469/213 823/472/213
f 822/469/213 821/456/213 824/447/213
f 825/473/209 826/474/215 827/453/209
f 826/474/215 828/454/209 827/453/209
f 829/451/208 830/452/216 831/475/207
f 829/451/208 831/475/207 832/476/207
f 833/477/217 834/478/217 835/479/217
f 836/480/218 837/481/217 833/477/217
f 834/478/217 833/477/217 837/481/217
f 838/482/217 835/479/217 834/478/217
f 835/479/217 838/482/217 839/483/217
f 840/484/219 839/483/217 838/482/217
f 840/484/219 841/485/217 839/483/217
f 841/485/217 840/484/219 842/486/217
f 841/485/217 842/486/217 843/487/217
f 837/481/217 836/480/218 844/488/217
f 845/489/220 846/490/221 847/491/222
f 848/492/221 846/490/221 845/489/220
f 846/490/221 848/492/221 849/493/221
f 849/493/221 848/492/221 850/494/221
f 850/494/221 851/495/221 849/493/221
f 852/496/221 851/495/221 850/494/221
f 851/495/221 852/496/221 853/497/221
f 853/497/221 852/496/221 854/498/221
f 853/497/221 854/498/221 855/499/223
f 855/499/223 854/498/221 856/500/221
f 857/501/221 858/502/221 859/503/221
f 860/504/221 858/502/221 857/501/221
f 858/502/221 860/504/221 861/505/223
f 861/505/223 860/504/221 862/506/221
f 862/506/221 863/507/221 861/505/223
f 864/508/222 863/507/221 862/506/221
f 863/507/221 864/508/222 865/509/221
f 865/509/221 864/508/222 866/510/221
f 865/509/221 866/510/221 867/511/223
f 867/511/223 866/510/221 868/512/221
f 869/513/217 870/514/219 871/515/217
f 872/516/217 873/517/217 869/513/217
f 870/514/219 869/513/217 873/517/217
f 874/518/217 871/515/217 870/514/219
f 871/515/217 874/518/217 875/519/217
f 876/520/217 875/519/217 874/518/217
f 876/520/217 877/521/217 875/519/217
f 877/521/217 876/520/217 878/522/217
f 877/521/217 878/522/217 879/523/217
f 873/517/217 872/516/217 880/524/217
o volt
v 0.573607 -0.350081 -5.336073
v 0.797606 -0.881861 -4.829070
v 0.573608 -1.064041 -5.145072
v 0.797606 -0.350081 -4.972075
v 0.833601 -0.879731 5.003931
v 0.833601 -0.347951 5.145929
v 0.609602 -0.347951 5.509927
v 0.609602 -1.061911 5.318925
v 0.797606 0.181689 -4.829070
v 0.573607 -0.350081 -5.336073
v 0.573607 0.363879 -5.145072
v 0.797606 -0.350081 -4.972075
v 0.609602 0.366009 5.318925
v 0.833601 -0.347951 5.145929
v 0.833601 0.183819 5.003931
v 0.609602 -0.347951 5.509927
v 0.797606 -0.881861 -4.829070
v 0.797606 -1.271142 -4.440070
v 0.573608 -1.586701 -4.622069
v 0.573608 -1.064041 -5.145072
v 0.609602 -1.584571 4.795930
v 0.833601 -0.879731 5.003931
v 0.609602 -1.061911 5.318925
v 0.833601 -1.269022 4.613931
v 0.735610 -0.017671 -3.332076
v 0.851607 -0.350081 -3.098074
v 0.735610 -0.350081 -3.243071
v 0.851607 0.055098 -3.206076
v 0.797606 0.181689 -4.829070
v 0.573607 0.886528 -4.622069
v 0.797606 0.570979 -4.440070
v 0.573607 0.363879 -5.145072
v 0.609602 0.366009 5.318925
v 0.833601 0.573109 4.613931
v 0.609602 0.888658 4.795930
v 0.833601 0.183819 5.003931
v 0.782606 -0.005491 3.488931
v 0.901610 -0.347951 3.247926
v 0.901610 0.069478 3.358926
v 0.782606 -0.347951 3.397928
v 0.735610 -0.682491 -3.332076
v 0.735610 -0.350081 -3.243071
v 0.851607 -0.350081 -3.098074
v 0.851607 -0.755271 -3.206076
v 0.901610 -0.765391 3.358926
v 0.901610 -0.347951 3.247926
v 0.782606 -0.347951 3.397928
v 0.782606 -0.690421 3.488931
v 0.594603 -0.290241 -2.559073
v 0.851607 0.944599 -2.877074
v 0.882598 -0.179251 -2.318076
v 0.901610 -0.347951 4.916925
v 0.833601 -0.879731 5.003931
v 0.901610 -0.765391 4.805925
v 0.833601 -0.347951 5.145929
v 0.833601 0.183819 5.003931
v 0.901610 -0.347951 4.916925
v 0.901610 0.069478 4.805925
v 0.833601 -0.347951 5.145929
v 0.851607 0.055098 -3.206076
v 0.735610 0.225679 -3.576071
v 0.851607 0.351719 -3.503073
v 0.735610 -0.017671 -3.332076
v 0.901610 0.069478 3.358926
v 0.782606 0.245209 3.739931
v 0.782606 -0.005491 3.488931
v 0.901610 0.375069 3.664926
v 0.833601 -1.269022 4.613931
v 0.901610 -0.765391 4.805925
v 0.833601 -0.879731 5.003931
v 0.901610 -1.070972 4.499925
v 0.609602 0.888658 4.795930
v 0.833601 0.779919 4.081926
v 0.609602 1.144288 4.081926
v 0.833601 0.573109 4.613931
v 0.851607 -0.755271 -3.206076
v 0.851607 -1.051881 -3.503073
v 0.735610 -0.925841 -3.576071
v 0.735610 -0.682491 -3.332076
v 0.901610 0.069478 4.805925
v 0.833601 0.573109 4.613931
v 0.833601 0.183819 5.003931
v 0.901610 0.375069 4.499925
v 0.760603 -1.213041 3.266931
v 0.729597 -0.128912 2.855928
v 0.572600 -0.049821 3.224924
v 0.572600 -1.509162 3.659929
v 0.797606 -0.881861 -4.829070
v 0.797606 -0.350081 -4.972075
v 0.851607 -0.350081 -4.719069
v 0.851607 -0.755271 -4.610075
v 0.782606 -0.941121 3.739931
v 0.901610 -0.765391 3.358926
v 0.782606 -0.690421 3.488931
v 0.901610 -1.070972 3.664926
v 0.851607 0.055098 -4.610075
v 0.797606 -0.350081 -4.972075
v 0.797606 0.181689 -4.829070
v 0.851607 -0.350081 -4.719069
v 0.797606 0.713469 -3.908072
v 0.797606 0.570979 -4.440070
v 0.573607 0.886528 -4.622069
v 0.573607 1.077839 -3.908072
v 0.851607 -0.755271 -4.610075
v 0.851607 -1.051881 -4.313071
v 0.797606 -1.271142 -4.440070
v 0.797606 -0.881861 -4.829070
v 0.851607 0.944599 -2.877074
v 0.572600 1.257479 -2.887076
v 0.837599 0.954899 -2.529074
v 0.572600 1.174108 -3.151076
v 0.851607 0.055098 -4.610075
v 0.797606 0.570979 -4.440070
v 0.851607 0.351719 -4.313071
v 0.797606 0.181689 -4.829070
v 0.833601 0.974459 3.133928
v 0.609602 1.144288 4.081926
v 0.833601 0.779919 4.081926
v 0.609602 1.290019 2.951929
v 0.609602 -1.599911 4.081926
v 0.833601 -1.269022 4.613931
v 0.609602 -1.584571 4.795930
v 0.833601 -1.349752 4.081926
v 0.797606 -1.271142 -4.440070
v 0.573607 -1.583811 -3.908072
v 0.573608 -1.586701 -4.622069
v 0.797606 -1.335761 -3.908072
v 0.833601 -1.349752 4.081926
v 0.901610 -1.070972 4.499925
v 0.833601 -1.269022 4.613931
v 0.901610 -1.182831 4.081926
v 0.805602 1.340359 0.039926
v 0.572600 1.790089 1.279924
v 0.784605 1.358659 1.220926
v 0.572600 1.764358 -0.122069
v 0.833601 0.573109 4.613931
v 0.901610 0.486919 4.081926
v 0.833601 0.779919 4.081926
v 0.901610 0.375069 4.499925
v 0.572600 1.790089 1.279924
v 0.572600 1.503499 2.136926
v 0.691603 1.140699 1.820924
v 0.784605 1.358659 1.220926
v 0.573607 -1.583811 -3.908072
v 0.797606 -1.302022 -2.852072
v 0.573607 -1.581381 -2.669074
v 0.797606 -1.335761 -3.908072
v 0.882598 -0.179251 -2.318076
v 0.870604 -0.711821 -1.170073
v 0.572600 -1.123241 -1.376074
v 0.797606 0.787089 -3.176070
v 0.797606 0.713469 -3.908072
v 0.573607 1.077839 -3.908072
v 0.573607 1.102649 -2.994071
v 0.797606 -1.335761 -3.908072
v 0.851607 -1.051881 -4.313071
v 0.851607 -1.160451 -3.908072
v 0.797606 -1.271142 -4.440070
v 0.833601 -1.269022 3.550928
v 0.609602 -1.599911 4.081926
v 0.609602 -1.584571 3.368928
v 0.833601 -1.349752 4.081926
v 0.851607 0.351719 -4.313071
v 0.797606 0.713469 -3.908072
v 0.851607 0.460288 -3.908072
v 0.797606 0.570979 -4.440070
v 0.805602 1.340359 0.039926
v 0.591612 0.858909 -0.703070
v 0.464598 1.185489 -0.791075
v 0.572600 1.764358 -0.122069
v 0.598601 0.922738 2.419931
v 0.572600 -0.049821 3.224924
v 0.729597 -0.128912 2.855928
v 0.572600 1.216908 2.993928
v 0.833601 0.779919 4.081926
v 0.901610 0.375069 3.664926
v 0.833601 0.974459 3.133928
v 0.901610 0.486919 4.081926
v 0.598601 0.922738 2.419931
v 0.767607 0.480658 1.362924
v 0.691603 1.140699 1.820924
v 0.729597 -0.128912 2.855928
v 0.572600 -1.123241 -1.376074
v 0.868605 -0.633181 -0.271071
v 0.572600 -1.042791 0.053926
v 0.870604 -0.711821 -1.170073
v 0.755598 -0.860511 2.392931
v 0.572600 -1.042791 0.053926
v 0.868605 -0.633181 -0.271071
v 0.572600 -1.264751 2.347925
v 0.797606 -1.335761 -3.908072
v 0.851607 -1.051881 -3.503073
v 0.797606 -1.302022 -2.852072
v 0.851607 -1.160451 -3.908072
v 0.851607 0.351719 -3.503073
v 0.735610 0.314739 -3.908072
v 0.851607 0.460288 -3.908072
v 0.735610 0.225679 -3.576071
v 0.782606 0.336969 4.081926
v 0.782606 0.245209 3.739931
v 0.901610 0.375069 3.664926
v 0.901610 0.486919 4.081926
v 0.418608 1.429899 -2.103072
v 0.837599 0.954899 -2.529074
v 0.572600 1.257479 -2.887076
v 0.641600 0.985439 -2.073073
v 0.833601 -1.349752 4.081926
v 0.901610 -1.070972 3.664926
v 0.901610 -1.182831 4.081926
v 0.833601 -1.269022 3.550928
v 0.572600 1.216908 2.993928
v 0.598601 0.922738 2.419931
v 0.572600 1.503499 2.136926
v 0.691603 1.140699 1.820924
v 0.641600 0.985439 -2.073073
v 0.464598 1.185489 -0.791075
v 0.591612 0.858909 -0.703070
v 0.418608 1.429899 -2.103072
v 0.923598 -0.428072 2.094926
v 0.901610 -0.347951 3.247926
v 0.833601 -1.080411 2.651926
v 0.901610 -0.765391 3.358926
v 0.797606 0.713469 -3.908072
v 0.797606 0.787089 -3.176070
v 0.851607 0.351719 -3.503073
v 0.851607 0.460288 -3.908072
v 0.901610 0.069478 3.358926
v 0.923598 -0.428072 2.094926
v 0.831602 0.767838 2.533929
v 0.901610 -0.347951 3.247926
v 0.868605 -0.633181 -0.271071
v 0.870604 -0.711821 -1.170073
v 0.853606 0.160859 -1.400076
v 0.882598 -0.179251 -2.318076
v 0.882598 -0.179251 -2.318076
v 0.837599 0.954899 -2.529074
v 0.853606 0.160859 -1.400076
v 0.851607 0.944599 -2.877074
v 0.833601 -1.080411 2.651926
v 0.833601 -1.269022 3.550928
v 0.609602 -1.584571 3.368928
v 0.609602 -1.262591 2.335924
v 0.784605 1.358659 1.220926
v 0.691603 1.140699 1.820924
v 0.767607 0.480658 1.362924
v 0.805602 1.340359 0.039926
v 0.755598 -0.860511 2.392931
v 0.868605 -0.633181 -0.271071
v 0.775603 0.062468 0.159929
v 0.853606 0.160859 -1.400076
v 0.901610 0.069478 3.358926
v 0.833601 0.974459 3.133928
v 0.901610 0.375069 3.664926
v 0.831602 0.767838 2.533929
v 0.591612 0.858909 -0.703070
v 0.729598 -0.177071 1.281930
v 0.775603 0.062468 0.159929
v 0.641600 0.985439 -2.073073
v 0.797606 -1.302022 -2.852072
v 0.851607 -0.755271 -3.206076
v 0.797606 -0.681431 -1.013075
v 0.851607 -1.051881 -3.503073
v 0.901610 -0.765391 3.358926
v 0.901610 -1.070972 3.664926
v 0.833601 -1.269022 3.550928
v 0.833601 -1.080411 2.651926
v 0.729598 -0.177071 1.281930
v 0.760603 -1.213041 3.266931
v 0.755598 -0.860511 2.392931
v 0.775603 0.062468 0.159929
v 0.851607 -0.350081 -3.098074
v 0.797606 -0.532821 -1.120070
v 0.851607 -0.755271 -3.206076
v 0.797606 -0.681431 -1.013075
v 0.729597 -0.128912 2.855928
v 0.729598 -0.177071 1.281930
v 0.767607 0.480658 1.362924
v 0.760603 -1.213041 3.266931
v 0.760603 -1.213041 3.266931
v 0.572600 -1.264751 2.347925
v 0.755598 -0.860511 2.392931
v 0.572600 -1.509162 3.659929
v 0.797606 -0.532821 -1.120070
v 0.851607 -0.350081 -3.098074
v 0.797606 0.382369 -2.462073
v 0.851607 0.055098 -3.206076
v 0.853606 0.160859 -1.400076
v 0.837599 0.954899 -2.529074
v 0.641600 0.985439 -2.073073
v 0.775603 0.062468 0.159929
v 0.573607 -1.581381 -2.669074
v 0.797606 -0.681431 -1.013075
v 0.573607 -0.863611 -0.697073
v 0.797606 -1.302022 -2.852072
v 0.782606 -1.032881 4.081926
v 0.901610 -1.070972 3.664926
v 0.782606 -0.941121 3.739931
v 0.901610 -1.182831 4.081926
v 0.735610 -1.014911 -3.908072
v 0.851607 -1.051881 -3.503073
v 0.851607 -1.160451 -3.908072
v 0.735610 -0.925841 -3.576071
v 0.797606 0.382369 -2.462073
v 0.851607 0.055098 -3.206076
v 0.797606 0.787089 -3.176070
v 0.851607 0.351719 -3.503073
v 0.831602 0.767838 2.533929
v 0.609602 1.290019 2.951929
v 0.833601 0.974459 3.133928
v 0.608610 0.950029 2.217927
v 0.729598 -0.177071 1.281930
v 0.591612 0.858909 -0.703070
v 0.805602 1.340359 0.039926
v 0.767607 0.480658 1.362924
v 0.797606 0.382369 -2.462073
v 0.573607 1.102649 -2.994071
v 0.573607 0.564558 -2.147070
v 0.797606 0.787089 -3.176070
v 0.923598 -0.428072 2.094926
v 0.833601 -1.080411 2.651926
v 0.609602 -1.262591 2.335924
v 0.700606 -0.428072 1.730928
v -0.000398 1.859669 1.279924
v -0.000398 1.488529 2.199930
v -0.000398 0.732199 1.465929
v -0.000398 1.833939 -0.122069
v -0.000398 1.185489 -0.791075
v -0.000398 0.732199 1.465929
v -0.000398 -0.161841 1.433931
v -0.000398 1.833939 -0.122069
v -0.000398 -1.123241 -1.376074
v -0.000398 0.063679 -1.416075
v -0.000398 -1.042791 0.054925
v -0.000398 -0.315981 -2.559073
v -0.000398 0.082579 0.121927
v -0.000398 1.429899 -2.103072
v -0.000398 1.330639 -2.887076
v -0.000398 1.251209 -3.151076
v -0.000398 1.185489 -0.791075
v -0.000398 -0.161841 1.433931
v -0.000398 -1.264751 2.347925
v -0.000398 -1.042791 0.054925
v -0.000398 0.082579 0.121927
v -0.000398 0.063679 -1.416075
v -0.000398 -0.049821 3.224924
v -0.000398 -0.161841 1.433931
v -0.000398 0.732199 1.465929
v -0.000398 -1.509162 3.659929
v -0.000398 -0.161841 1.433931
v -0.000398 -1.509162 3.659929
v -0.000398 -1.264751 2.347925
v -0.000398 0.082579 0.121927
v -0.000398 0.732199 1.465929
v -0.000398 1.186969 3.118928
v -0.000398 -0.049821 3.224924
v -0.000398 1.488529 2.199930
v 0.797606 -0.532821 -1.120070
v 0.573607 0.564558 -2.147070
v 0.573607 -0.532821 -0.756072
v 0.797606 0.382369 -2.462073
v 0.797606 -0.532821 -1.120070
v 0.573607 -0.532821 -0.756072
v 0.797606 -0.681431 -1.013075
v 0.573607 -0.863611 -0.697073
v 0.608610 0.950029 2.217927
v 0.923598 -0.428072 2.094926
v 0.700606 -0.428072 1.730928
v 0.831602 0.767838 2.533929
v 0.901610 0.375069 4.499925
v 0.782606 0.336969 4.081926
v 0.901610 0.486919 4.081926
v 0.782606 0.245209 4.424928
v 0.735610 0.314739 -3.908072
v 0.735610 0.225679 -4.241072
v 0.851607 0.351719 -4.313071
v 0.851607 0.460288 -3.908072
v 0.782606 -1.032881 4.081926
v 0.901610 -1.070972 4.499925
v 0.901610 -1.182831 4.081926
v 0.782606 -0.941121 4.424928
v 0.735610 -1.014911 -3.908072
v 0.851607 -1.051881 -4.313071
v 0.735610 -0.925841 -4.241072
v 0.851607 -1.160451 -3.908072
v 0.901610 0.069478 4.805925
v 0.782606 0.245209 4.424928
v 0.901610 0.375069 4.499925
v 0.782606 -0.005491 4.675928
v 0.851607 0.055098 -4.610075
v 0.735610 0.225679 -4.241072
v 0.735610 -0.017671 -4.484076
v 0.851607 0.351719 -4.313071
v 0.901610 -0.765391 4.805925
v 0.901610 -1.070972 4.499925
v 0.782606 -0.941121 4.424928
v 0.782606 -0.690421 4.675928
v 0.735610 -0.925841 -4.241072
v 0.851607 -0.755271 -4.610075
v 0.735610 -0.682491 -4.484076
v 0.851607 -1.051881 -4.313071
v 0.901610 0.069478 4.805925
v 0.782606 -0.347951 4.766931
v 0.782606 -0.005491 4.675928
v 0.901610 -0.347951 4.916925
v 0.782606 -0.690421 4.675928
v 0.782606 -0.347951 4.766931
v 0.901610 -0.347951 4.916925
v 0.901610 -0.765391 4.805925
v 0.735610 -0.017671 -4.484076
v 0.851607 -0.350081 -4.719069
v 0.851607 0.055098 -4.610075
v 0.735610 -0.350081 -4.573073
v 0.851607 -0.350081 -4.719069
v 0.735610 -0.682491 -4.484076
v 0.851607 -0.755271 -4.610075
v 0.735610 -0.350081 -4.573073
v 0.573607 0.363879 -5.145072
v -0.002397 0.886528 -4.622069
v 0.573607 0.886528 -4.622069
v -0.002397 0.363879 -5.145072
v -0.579392 0.363879 -5.145072
v -0.579393 0.886528 -4.622069
v 0.609602 0.888658 4.795930
v -0.002397 0.888658 4.795930
v 0.609602 0.366009 5.318925
v -0.002397 0.366009 5.318925
v -0.002397 0.888658 4.795930
v -0.615389 0.366009 5.318925
v -0.002397 0.366009 5.318925
v -0.615389 0.888658 4.795930
v -0.002397 1.144288 4.081926
v -0.615389 0.888658 4.795930
v -0.002397 0.888658 4.795930
v -0.615389 1.144288 4.081926
v 0.609602 1.144288 4.081926
v -0.002397 1.144288 4.081926
v 0.609602 0.888658 4.795930
v -0.002397 0.888658 4.795930
v 0.572600 1.174108 -3.151076
v -0.000398 1.330639 -2.887076
v 0.572600 1.257479 -2.887076
v -0.000398 1.251209 -3.151076
v -0.000398 1.330639 -2.887076
v -0.574388 1.174108 -3.151076
v -0.574388 1.257479 -2.887076
v -0.000398 1.251209 -3.151076
v 0.572600 1.503499 2.136926
v 0.572600 1.790089 1.279924
v -0.000398 1.859669 1.279924
v -0.000398 1.488529 2.199930
v -0.000398 1.488529 2.199930
v -0.000398 1.859669 1.279924
v -0.574388 1.503499 2.136926
v -0.574388 1.790089 1.279924
v 0.573607 0.886528 -4.622069
v -0.002397 0.886528 -4.622069
v 0.573607 1.077839 -3.908072
v -0.002397 1.077839 -3.908072
v -0.579393 1.077839 -3.908072
v -0.579393 0.886528 -4.622069
v 0.572600 1.216908 2.993928
v 0.572600 1.503499 2.136926
v -0.000398 1.488529 2.199930
v -0.000398 1.186969 3.118928
v -0.000398 1.186969 3.118928
v -0.000398 1.488529 2.199930
v -0.574388 1.216908 2.993928
v -0.574388 1.503499 2.136926
v 0.735610 -0.925841 -3.576071
v -0.002397 -0.682491 -3.332076
v 0.735610 -0.682491 -3.332076
v -0.002397 -0.925841 -3.576071
v -0.740388 -0.925841 -3.576071
v -0.002397 -0.682491 -3.332076
v -0.740388 -0.925841 -3.576071
v -0.740388 -0.682491 -3.332076
v 0.572600 1.790089 1.279924
v 0.572600 1.764358 -0.122069
v -0.000398 1.833939 -0.122069
v -0.000398 1.859669 1.279924
v -0.574388 1.764358 -0.122069
v -0.574388 1.790089 1.279924
v -0.000398 1.833939 -0.122069
v -0.000398 1.859669 1.279924
v 0.418608 1.429899 -2.103072
v 0.572600 1.257479 -2.887076
v -0.000398 1.330639 -2.887076
v -0.000398 1.429899 -2.103072
v -0.574388 1.257479 -2.887076
v -0.419389 1.429899 -2.103072
v -0.000398 1.330639 -2.887076
v -0.000398 1.429899 -2.103072
v 0.609602 1.144288 4.081926
v 0.609602 1.290019 2.951929
v -0.002397 1.290019 2.951929
v -0.002397 1.144288 4.081926
v -0.615389 1.144288 4.081926
v -0.615389 1.290019 2.951929
v 0.464598 1.185489 -0.791075
v -0.000398 1.833939 -0.122069
v 0.572600 1.764358 -0.122069
v -0.000398 1.185489 -0.791075
v -0.000398 1.833939 -0.122069
v -0.466402 1.185489 -0.791075
v -0.574388 1.764358 -0.122069
v -0.000398 1.185489 -0.791075
v 0.573607 1.077839 -3.908072
v -0.002397 1.077839 -3.908072
v 0.573607 1.102649 -2.994071
v -0.002397 1.102649 -2.994071
v -0.579393 1.102649 -2.994071
v -0.579393 1.077839 -3.908072
v -0.419389 1.429899 -2.103072
v -0.000398 1.185489 -0.791075
v -0.000398 1.429899 -2.103072
v -0.466402 1.185489 -0.791075
v 0.418608 1.429899 -2.103072
v -0.000398 1.185489 -0.791075
v 0.464598 1.185489 -0.791075
v -0.000398 1.429899 -2.103072
v -0.002397 -1.014911 -3.908072
v 0.735610 -0.925841 -3.576071
v 0.735610 -1.014911 -3.908072
v -0.002397 -0.925841 -3.576071
v -0.740388 -0.925841 -3.576071
v -0.740388 -1.014911 -3.908072
v 0.782606 -0.941121 3.739931
v -0.002397 -0.941121 3.739931
v 0.782606 -1.032881 4.081926
v -0.002397 -1.032881 4.081926
v -0.787401 -1.032881 4.081926
v -0.787401 -0.941121 3.739931
v -0.002397 1.290019 2.951929
v -0.613390 0.950029 2.217927
v -0.615389 1.290019 2.951929
v -0.002397 0.950029 2.217927
v 0.608610 0.950029 2.217927
v -0.002397 1.290019 2.951929
v 0.609602 1.290019 2.951929
v -0.002397 0.950029 2.217927
v 0.573607 1.102649 -2.994071
v -0.002397 1.102649 -2.994071
v 0.573607 0.564558 -2.147070
v -0.002397 0.564558 -2.147070
v -0.579393 0.564558 -2.147070
v -0.579393 1.102649 -2.994071
v -0.002397 0.564558 -2.147070
v 0.573607 -0.532821 -0.756072
v 0.573607 0.564558 -2.147070
v -0.002397 -0.532821 -0.756072
v -0.579393 -0.532821 -0.756072
v -0.579393 0.564558 -2.147070
v -0.002397 -1.032881 4.081926
v 0.782606 -0.941121 4.424928
v 0.782606 -1.032881 4.081926
v -0.002397 -0.941121 4.424928
v -0.787401 -0.941121 4.424928
v -0.787401 -1.032881 4.081926
v -0.002397 -0.925841 -4.241072
v 0.735610 -1.014911 -3.908072
v 0.735610 -0.925841 -4.241072
v -0.002397 -1.014911 -3.908072
v -0.740388 -1.014911 -3.908072
v -0.740388 -0.925841 -4.241072
v -0.740388 -0.925841 -4.241072
v -0.002397 -0.682491 -4.484076
v -0.740388 -0.682491 -4.484076
v 0.735610 -0.682491 -4.484076
v -0.002397 -0.682491 -4.484076
v 0.735610 -0.925841 -4.241072
v -0.002397 -0.925841 -4.241072
v -0.740388 -0.925841 -4.241072
v 0.609602 -0.347951 5.509927
v -0.002397 -0.347952 5.509927
v 0.609602 -1.061911 5.318925
v -0.002397 -1.061911 5.318925
v -0.615389 -1.061911 5.318925
v -0.615389 -0.347952 5.509927
v -0.002397 0.366009 5.318925
v 0.609602 -0.347951 5.509927
v 0.609602 0.366009 5.318925
v -0.002397 -0.347952 5.509927
v -0.002397 0.366009 5.318925
v -0.615389 -0.347952 5.509927
v -0.002397 -0.347952 5.509927
v -0.615389 0.366009 5.318925
v 0.609602 -1.061911 5.318925
v -0.002397 -1.061911 5.318925
v 0.609602 -1.584571 4.795930
v -0.002397 -1.584571 4.795930
v -0.615389 -1.584571 4.795930
v -0.615389 -1.061911 5.318925
v 0.782606 -0.005491 3.488931
v -0.002397 -0.005491 3.488931
v 0.782606 -0.347951 3.397928
v -0.002397 -0.347952 3.397928
v -0.787401 -0.347952 3.397928
v -0.787401 -0.005491 3.488931
v 0.782606 -0.347951 3.397928
v -0.002397 -0.347952 3.397928
v 0.782606 -0.690421 3.488931
v -0.002397 -0.690421 3.488931
v -0.787401 -0.690421 3.488931
v -0.787401 -0.347952 3.397928
v 0.572600 -0.049821 3.224924
v 0.572600 1.216908 2.993928
v -0.000398 1.186969 3.118928
v -0.000398 -0.049821 3.224924
v -0.574388 1.216908 2.993928
v -0.574388 -0.049822 3.224924
v -0.000398 1.186969 3.118928
v -0.000398 -0.049821 3.224924
v -0.574388 -0.049822 3.224924
v -0.000398 -1.509162 3.659929
v -0.000398 -0.049821 3.224924
v -0.574388 -1.509162 3.659929
v 0.572600 -0.049821 3.224924
v -0.000398 -1.509162 3.659929
v 0.572600 -1.509162 3.659929
v -0.000398 -0.049821 3.224924
v 0.782606 -0.690421 3.488931
v -0.002397 -0.690421 3.488931
v 0.782606 -0.941121 3.739931
v -0.002397 -0.941121 3.739931
v -0.787401 -0.941121 3.739931
v -0.787401 -0.690421 3.488931
v 0.573607 -0.532821 -0.756072
v -0.002397 -0.532821 -0.756072
v 0.573607 -0.863611 -0.697073
v -0.002397 -0.863611 -0.697073
v -0.579393 -0.863611 -0.697074
v -0.579393 -0.532821 -0.756072
v 0.735610 -0.017671 -4.484076
v -0.002397 -0.017671 -4.484076
v 0.735610 -0.350081 -4.573073
v -0.002397 -0.350082 -4.573073
v -0.740388 -0.350082 -4.573073
v -0.740388 -0.017671 -4.484076
v 0.735610 -0.350081 -4.573073
v -0.002397 -0.350082 -4.573073
v 0.735610 -0.682491 -4.484076
v -0.002397 -0.682491 -4.484076
v -0.740388 -0.682491 -4.484076
v -0.740388 -0.350082 -4.573073
v -0.579392 -0.350082 -5.336073
v -0.802400 -0.881861 -4.829070
v -0.802400 -0.350082 -4.972075
v -0.579392 -1.064041 -5.145072
v -0.615389 -1.061911 5.318925
v -0.615389 -0.347952 5.509927
v -0.838396 -0.879731 5.003931
v -0.838396 -0.347952 5.145929
v -0.802400 0.181689 -4.829070
v -0.579392 -0.350082 -5.336073
v -0.802400 -0.350082 -4.972075
v -0.579392 0.363879 -5.145072
v -0.838396 -0.347952 5.145929
v -0.615389 0.366009 5.318925
v -0.838396 0.183819 5.003931
v -0.615389 -0.347952 5.509927
v -0.579392 -1.064041 -5.145072
v -0.579392 -1.586701 -4.622069
v -0.802400 -0.881861 -4.829070
v -0.802400 -1.271142 -4.440070
v -0.615389 -1.584571 4.795930
v -0.838396 -0.879731 5.003931
v -0.838396 -1.269022 4.613931
v -0.615389 -1.061911 5.318925
v -0.740388 -0.017671 -3.332076
v -0.856401 -0.350082 -3.098074
v -0.856401 0.055098 -3.206076
v -0.740388 -0.350082 -3.243071
v -0.802400 0.181689 -4.829070
v -0.579393 0.886528 -4.622069
v -0.579392 0.363879 -5.145072
v -0.802400 0.570978 -4.440070
v -0.838396 0.573109 4.613931
v -0.615389 0.366009 5.318925
v -0.615389 0.888658 4.795930
v -0.838396 0.183819 5.003931
v -0.787401 -0.005491 3.488931
v -0.907396 -0.347952 3.247926
v -0.787401 -0.347952 3.397928
v -0.907396 0.069478 3.358926
v -0.856401 -0.755272 -3.206076
v -0.856401 -0.350082 -3.098074
v -0.740388 -0.682491 -3.332076
v -0.740388 -0.350082 -3.243071
v -0.907396 -0.765392 3.358926
v -0.787401 -0.347952 3.397928
v -0.907396 -0.347952 3.247926
v -0.787401 -0.690421 3.488931
v -0.884401 -0.179251 -2.318076
v -0.853395 0.944598 -2.877074
v -0.596391 -0.290241 -2.559073
v -0.838396 -0.879731 5.003931
v -0.907396 -0.347952 4.916925
v -0.907396 -0.765392 4.805925
v -0.838396 -0.347952 5.145929
v -0.907396 -0.347952 4.916925
v -0.838396 0.183819 5.003931
v -0.907396 0.069478 4.805925
v -0.838396 -0.347952 5.145929
v -0.740388 0.225679 -3.576071
v -0.856401 0.055098 -3.206076
v -0.856401 0.351719 -3.503073
v -0.740388 -0.017671 -3.332076
v -0.787401 0.245209 3.739931
v -0.907396 0.069478 3.358926
v -0.787401 -0.005491 3.488931
v -0.907396 0.375068 3.664926
v -0.838396 -1.269022 4.613931
v -0.907396 -0.765392 4.805925
v -0.907396 -1.070972 4.499925
v -0.838396 -0.879731 5.003931
v -0.615389 0.888658 4.795930
v -0.838396 0.779919 4.081926
v -0.838396 0.573109 4.613931
v -0.615389 1.144288 4.081926
v -0.856401 -0.755272 -3.206076
v -0.740388 -0.925841 -3.576071
v -0.856401 -1.051881 -3.503073
v -0.740388 -0.682491 -3.332076
v -0.907396 0.069478 4.805925
v -0.838396 0.573109 4.613931
v -0.907396 0.375068 4.499925
v -0.838396 0.183819 5.003931
v -0.802400 -0.881861 -4.829070
v -0.856401 -0.350082 -4.719069
v -0.802400 -0.350082 -4.972075
v -0.856400 -0.755272 -4.610075
v -0.730394 -0.128912 2.855928
v -0.762392 -1.213041 3.266931
v -0.574388 -0.049822 3.224924
v -0.574388 -1.509162 3.659929
v -0.907396 -0.765392 3.358926
v -0.787401 -0.941121 3.739931
v -0.787401 -0.690421 3.488931
v -0.907396 -1.070972 3.664926
v -0.856401 0.055098 -4.610075
v -0.802400 -0.350082 -4.972075
v -0.856401 -0.350082 -4.719069
v -0.802400 0.181689 -4.829070
v -0.579393 1.077839 -3.908072
v -0.579393 0.886528 -4.622069
v -0.802400 0.713468 -3.908072
v -0.802400 0.570978 -4.440070
v -0.802400 -0.881861 -4.829070
v -0.802400 -1.271142 -4.440070
v -0.856400 -0.755272 -4.610075
v -0.856400 -1.051881 -4.313071
v -0.856401 0.055098 -4.610075
v -0.802400 0.570978 -4.440070
v -0.802400 0.181689 -4.829070
v -0.856401 0.351719 -4.313071
v -0.853395 0.944598 -2.877074
v -0.574388 1.257479 -2.887076
v -0.574388 1.174108 -3.151076
v -0.839402 0.954899 -2.529074
v -0.615389 1.144288 4.081926
v -0.838396 0.974458 3.133928
v -0.838396 0.779919 4.081926
v -0.615389 1.290019 2.951929
v -0.838396 -1.269022 4.613931
v -0.615389 -1.599911 4.081926
v -0.615389 -1.584571 4.795930
v -0.838396 -1.349752 4.081926
v -0.802400 -1.271142 -4.440070
v -0.579392 -1.583811 -3.908072
v -0.802400 -1.335761 -3.908072
v -0.579392 -1.586701 -4.622069
v -0.907396 -1.070972 4.499925
v -0.838396 -1.349752 4.081926
v -0.838396 -1.269022 4.613931
v -0.907396 -1.182822 4.081926
v -0.574388 1.790089 1.279924
v -0.807390 1.340358 0.039926
v -0.786394 1.358659 1.220926
v -0.574388 1.764358 -0.122069
v -0.838396 0.573109 4.613931
v -0.907396 0.486919 4.081926
v -0.907396 0.375068 4.499925
v -0.838396 0.779919 4.081926
v -0.574388 1.790089 1.279924
v -0.693392 1.140699 1.820924
v -0.574388 1.503499 2.136926
v -0.786394 1.358659 1.220926
v -0.802400 -1.302022 -2.852072
v -0.579392 -1.583811 -3.908072
v -0.579393 -1.581381 -2.669074
v -0.802400 -1.335761 -3.908072
v -0.871400 -0.711821 -1.170073
v -0.884401 -0.179251 -2.318076
v -0.574388 -1.123242 -1.376074
v -0.579393 1.102649 -2.994071
v -0.579393 1.077839 -3.908072
v -0.802400 0.787089 -3.176070
v -0.802400 0.713468 -3.908072
v -0.856400 -1.051881 -4.313071
v -0.802400 -1.335761 -3.908072
v -0.856401 -1.160452 -3.908072
v -0.802400 -1.271142 -4.440070
v -0.838396 -1.269022 3.550928
v -0.615389 -1.599911 4.081926
v -0.838396 -1.349752 4.081926
v -0.615388 -1.584571 3.368928
v -0.802400 0.713468 -3.908072
v -0.856401 0.351719 -4.313071
v -0.856401 0.460288 -3.908072
v -0.802400 0.570978 -4.440070
v -0.592393 0.858908 -0.703070
v -0.807390 1.340358 0.039926
v -0.466402 1.185489 -0.791075
v -0.574388 1.764358 -0.122069
v -0.599397 0.922738 2.419931
v -0.574388 -0.049822 3.224924
v -0.574388 1.216908 2.993928
v -0.730394 -0.128912 2.855928
v -0.838396 0.779919 4.081926
v -0.907396 0.375068 3.664926
v -0.907396 0.486919 4.081926
v -0.838396 0.974458 3.133928
v -0.599397 0.922738 2.419931
v -0.769395 0.480658 1.362924
v -0.730394 -0.128912 2.855928
v -0.693392 1.140699 1.820924
v -0.870393 -0.633181 -0.271071
v -0.574388 -1.123242 -1.376074
v -0.574388 -1.042792 0.053926
v -0.871400 -0.711821 -1.170073
v -0.756395 -0.860501 2.392931
v -0.574388 -1.042792 0.053926
v -0.574388 -1.264751 2.347925
v -0.870393 -0.633181 -0.271071
v -0.802400 -1.335761 -3.908072
v -0.856401 -1.051881 -3.503073
v -0.856401 -1.160452 -3.908072
v -0.802400 -1.302022 -2.852072
v -0.856401 0.351719 -3.503073
v -0.740388 0.314739 -3.908072
v -0.740388 0.225679 -3.576071
v -0.856401 0.460288 -3.908072
v -0.907396 0.486919 4.081926
v -0.907396 0.375068 3.664926
v -0.787401 0.336969 4.081926
v -0.787401 0.245209 3.739931
v -0.419389 1.429899 -2.103072
v -0.839402 0.954899 -2.529074
v -0.642396 0.985439 -2.073073
v -0.574388 1.257479 -2.887076
v -0.907396 -1.070972 3.664926
v -0.838396 -1.349752 4.081926
v -0.907396 -1.182822 4.081926
v -0.838396 -1.269022 3.550928
v -0.599397 0.922738 2.419931
v -0.574388 1.503499 2.136926
v -0.693392 1.140699 1.820924
v -0.574388 1.216908 2.993928
v -0.466402 1.185489 -0.791075
v -0.642396 0.985439 -2.073073
v -0.592393 0.858908 -0.703070
v -0.419389 1.429899 -2.103072
v -0.907396 -0.347952 3.247926
v -0.928392 -0.428072 2.094926
v -0.838396 -1.080412 2.651926
v -0.907396 -0.765392 3.358926
v -0.856401 0.351719 -3.503073
v -0.802400 0.787089 -3.176070
v -0.802400 0.713468 -3.908072
v -0.856401 0.460288 -3.908072
v -0.907396 0.069478 3.358926
v -0.928392 -0.428072 2.094926
v -0.907396 -0.347952 3.247926
v -0.836397 0.767838 2.533929
v -0.884401 -0.179251 -2.318076
v -0.871400 -0.711821 -1.170073
v -0.854402 0.160858 -1.400077
v -0.870393 -0.633181 -0.271071
v -0.853395 0.944598 -2.877074
v -0.884401 -0.179251 -2.318076
v -0.839402 0.954899 -2.529074
v -0.854402 0.160858 -1.400077
v -0.838396 -1.269022 3.550928
v -0.838396 -1.080412 2.651926
v -0.615388 -1.584571 3.368928
v -0.615388 -1.262591 2.335924
v -0.807390 1.340358 0.039926
v -0.769395 0.480658 1.362924
v -0.786394 1.358659 1.220926
v -0.693392 1.140699 1.820924
v -0.907396 0.069478 3.358926
v -0.838396 0.974458 3.133928
v -0.836397 0.767838 2.533929
v -0.907396 0.375068 3.664926
v -0.756395 -0.860501 2.392931
v -0.777391 0.062468 0.159929
v -0.870393 -0.633181 -0.271071
v -0.854402 0.160858 -1.400077
v -0.802400 -1.302022 -2.852072
v -0.856401 -0.755272 -3.206076
v -0.856401 -1.051881 -3.503073
v -0.802400 -0.681431 -1.013075
v -0.838396 -1.080412 2.651926
v -0.838396 -1.269022 3.550928
v -0.907396 -0.765392 3.358926
v -0.907396 -1.070972 3.664926
v -0.731401 -0.177071 1.281930
v -0.592393 0.858908 -0.703070
v -0.777391 0.062468 0.159929
v -0.642396 0.985439 -2.073073
v -0.762392 -1.213041 3.266931
v -0.731401 -0.177071 1.281930
v -0.756395 -0.860501 2.392931
v -0.777391 0.062468 0.159929
v -0.856401 -0.755272 -3.206076
v -0.802400 -0.681431 -1.013075
v -0.802400 -0.532821 -1.120070
v -0.856401 -0.350082 -3.098074
v -0.730394 -0.128912 2.855928
v -0.731401 -0.177071 1.281930
v -0.762392 -1.213041 3.266931
v -0.769395 0.480658 1.362924
v -0.574388 -1.264751 2.347925
v -0.574388 -1.509162 3.659929
v -0.762392 -1.213041 3.266931
v -0.756395 -0.860501 2.392931
v -0.802400 -0.532821 -1.120070
v -0.802400 0.382368 -2.462073
v -0.856401 -0.350082 -3.098074
v -0.856401 0.055098 -3.206076
v -0.839402 0.954899 -2.529074
v -0.854402 0.160858 -1.400077
v -0.642396 0.985439 -2.073073
v -0.777391 0.062468 0.159929
v -0.579393 -1.581381 -2.669074
v -0.802400 -0.681431 -1.013075
v -0.802400 -1.302022 -2.852072
v -0.579393 -0.863611 -0.697074
v -0.787401 -1.032881 4.081926
v -0.907396 -1.070972 3.664926
v -0.907396 -1.182822 4.081926
v -0.787401 -0.941121 3.739931
v -0.740388 -1.014911 -3.908072
v -0.856401 -1.051881 -3.503073
v -0.740388 -0.925841 -3.576071
v -0.856401 -1.160452 -3.908072
v -0.856401 0.055098 -3.206076
v -0.802400 0.787089 -3.176070
v -0.856401 0.351719 -3.503073
v -0.802400 0.382368 -2.462073
v -0.836397 0.767838 2.533929
v -0.615389 1.290019 2.951929
v -0.613390 0.950029 2.217927
v -0.838396 0.974458 3.133928
v -0.769395 0.480658 1.362924
v -0.807390 1.340358 0.039926
v -0.731401 -0.177071 1.281930
v -0.592393 0.858908 -0.703070
v -0.802400 0.382368 -2.462073
v -0.579393 1.102649 -2.994071
v -0.802400 0.787089 -3.176070
v -0.579393 0.564558 -2.147070
v -0.705400 -0.428072 1.730928
v -0.615388 -1.262591 2.335924
v -0.928392 -0.428072 2.094926
v -0.838396 -1.080412 2.651926
v -0.802400 0.382368 -2.462073
v -0.802400 -0.532821 -1.120070
v -0.579393 0.564558 -2.147070
v -0.579393 -0.532821 -0.756072
v -0.579393 -0.863611 -0.697074
v -0.579393 -0.532821 -0.756072
v -0.802400 -0.681431 -1.013075
v -0.802400 -0.532821 -1.120070
v -0.928392 -0.428072 2.094926
v -0.613390 0.950029 2.217927
v -0.705400 -0.428072 1.730928
v -0.836397 0.767838 2.533929
v -0.907396 0.375068 4.499925
v -0.787401 0.336969 4.081926
v -0.787401 0.245209 4.424928
v -0.907396 0.486919 4.081926
v -0.856401 0.460288 -3.908072
v -0.856401 0.351719 -4.313071
v -0.740388 0.314739 -3.908072
v -0.740388 0.225679 -4.241072
v -0.787401 -1.032881 4.081926
v -0.907396 -1.070972 4.499925
v -0.787401 -0.941121 4.424928
v -0.907396 -1.182822 4.081926
v -0.740388 -1.014911 -3.908072
v -0.856400 -1.051881 -4.313071
v -0.856401 -1.160452 -3.908072
v -0.740388 -0.925841 -4.241072
v -0.787401 0.245209 4.424928
v -0.907396 0.069478 4.805925
v -0.907396 0.375068 4.499925
v -0.787401 -0.005491 4.675928
v -0.740388 0.225679 -4.241072
v -0.856401 0.055098 -4.610075
v -0.740388 -0.017671 -4.484076
v -0.856401 0.351719 -4.313071
v -0.907396 -0.765392 4.805925
v -0.787401 -0.941121 4.424928
v -0.907396 -1.070972 4.499925
v -0.787401 -0.690421 4.675928
v -0.856400 -0.755272 -4.610075
v -0.740388 -0.925841 -4.241072
v -0.740388 -0.682491 -4.484076
v -0.856400 -1.051881 -4.313071
v -0.787401 -0.347952 4.766931
v -0.907396 0.069478 4.805925
v -0.787401 -0.005491 4.675928
v -0.907396 -0.347952 4.916925
v -0.907396 -0.765392 4.805925
v -0.907396 -0.347952 4.916925
v -0.787401 -0.690421 4.675928
v -0.787401 -0.347952 4.766931
v -0.740388 -0.017671 -4.484076
v -0.856401 -0.350082 -4.719069
v -0.740388 -0.350082 -4.573073
v -0.856401 0.055098 -4.610075
v -0.856401 -0.350082 -4.719069
v -0.740388 -0.682491 -4.484076
v -0.740388 -0.350082 -4.573073
v -0.856400 -0.755272 -4.610075
v 0.735610 -0.017671 -3.332076
v -0.002397 0.225679 -3.576071
v 0.735610 0.225679 -3.576071
v -0.002397 -0.017671 -3.332076
v -0.002397 0.225679 -3.576071
v -0.740388 -0.017671 -3.332076
v -0.740388 0.225679 -3.576071
v -0.002397 -0.017671 -3.332076
v 0.782606 0.245209 3.739931
v -0.002397 0.245209 3.739931
v 0.782606 -0.005491 3.488931
v -0.002397 -0.005491 3.488931
v -0.787401 -0.005491 3.488931
v -0.787401 0.245209 3.739931
v 0.572600 -1.123241 -1.376074
v -0.000398 -0.315981 -2.559073
v 0.594603 -0.290241 -2.559073
v -0.000398 -1.123241 -1.376074
v -0.574388 -1.123242 -1.376074
v -0.000398 -0.315981 -2.559073
v -0.000398 -1.123241 -1.376074
v -0.596391 -0.290241 -2.559073
v 0.572600 -1.123241 -1.376074
v 0.594603 -0.290241 -2.559073
v 0.882598 -0.179251 -2.318076
v -0.596391 -0.290241 -2.559073
v -0.574388 -1.123242 -1.376074
v -0.884401 -0.179251 -2.318076
v -0.002397 -1.584571 4.795930
v 0.609602 -1.599911 4.081926
v 0.609602 -1.584571 4.795930
v -0.002397 -1.599911 4.081926
v -0.615389 -1.599911 4.081926
v -0.615389 -1.584571 4.795930
v 0.573607 -1.583811 -3.908072
v 0.573607 -1.581381 -2.669074
v -0.002397 -1.581381 -2.669074
v -0.002397 -1.583811 -3.908072
v -0.579392 -1.583811 -3.908072
v -0.579393 -1.581381 -2.669074
v 0.573607 -1.583811 -3.908072
v -0.002397 -1.583811 -3.908072
v 0.573608 -1.586701 -4.622069
v -0.002397 -1.586701 -4.622069
v -0.579392 -1.586701 -4.622069
v -0.579392 -1.583811 -3.908072
v -0.002397 -1.599911 4.081926
v 0.609602 -1.584571 3.368928
v 0.609602 -1.599911 4.081926
v -0.002397 -1.584571 3.368928
v -0.615388 -1.584571 3.368928
v -0.615389 -1.599911 4.081926
v -0.574388 -1.264751 2.347925
v -0.000398 -1.042791 0.054925
v -0.000398 -1.264751 2.347925
v -0.574388 -1.042792 0.053926
v 0.572600 -1.264751 2.347925
v -0.000398 -1.042791 0.054925
v 0.572600 -1.042791 0.053926
v -0.000398 -1.264751 2.347925
v 0.572600 -1.042791 0.053926
v -0.000398 -1.123241 -1.376074
v 0.572600 -1.123241 -1.376074
v -0.000398 -1.042791 0.054925
v -0.574388 -1.042792 0.053926
v -0.000398 -1.123241 -1.376074
v -0.000398 -1.042791 0.054925
v -0.574388 -1.123242 -1.376074
v 0.572600 -1.264751 2.347925
v 0.572600 -1.509162 3.659929
v -0.000398 -1.509162 3.659929
v -0.000398 -1.264751 2.347925
v -0.574388 -1.509162 3.659929
v -0.574388 -1.264751 2.347925
v -0.000398 -1.509162 3.659929
v -0.000398 -1.264751 2.347925
v 0.735610 0.225679 -3.576071
v -0.002397 0.225679 -3.576071
v 0.735610 0.314739 -3.908072
v -0.002397 0.314739 -3.908072
v -0.740388 0.314739 -3.908072
v -0.740388 0.225679 -3.576071
v 0.782606 0.336969 4.081926
v -0.002397 0.336969 4.081926
v 0.782606 0.245209 3.739931
v -0.002397 0.245209 3.739931
v -0.787401 0.245209 3.739931
v -0.787401 0.336969 4.081926
v 0.609602 -1.584571 3.368928
v -0.002397 -1.262591 2.335924
v 0.609602 -1.262591 2.335924
v -0.002397 -1.584571 3.368928
v -0.615388 -1.584571 3.368928
v -0.615388 -1.262591 2.335924
v 0.573607 -1.581381 -2.669074
v 0.573607 -0.863611 -0.697073
v -0.002397 -0.863611 -0.697073
v -0.002397 -1.581381 -2.669074
v -0.579393 -1.581381 -2.669074
v -0.579393 -0.863611 -0.697074
v 0.782606 0.245209 4.424928
v -0.002397 0.245209 4.424928
v 0.782606 0.336969 4.081926
v -0.002397 0.336969 4.081926
v -0.787401 0.336969 4.081926
v -0.787401 0.245209 4.424928
v 0.735610 0.314739 -3.908072
v -0.002397 0.314739 -3.908072
v 0.735610 0.225679 -4.241072
v -0.002397 0.225679 -4.241072
v -0.740388 0.225679 -4.241072
v -0.740388 0.314739 -3.908072
v -0.002397 -0.005491 4.675928
v 0.782606 0.245209 4.424928
v 0.782606 -0.005491 4.675928
v -0.002397 0.245209 4.424928
v -0.787401 0.245209 4.424928
v -0.787401 -0.005491 4.675928
v 0.735610 0.225679 -4.241072
v -0.002397 0.225679 -4.241072
v 0.735610 -0.017671 -4.484076
v -0.002397 -0.017671 -4.484076
v -0.740388 -0.017671 -4.484076
v -0.740388 -0.017671 -4.484076
v -0.002397 0.225679 -4.241072
v -0.740388 0.225679 -4.241072
v 0.573608 -1.064041 -5.145072
v -0.002397 -0.350082 -5.336073
v 0.573607 -0.350081 -5.336073
v -0.002397 -1.064041 -5.145072
v -0.579392 -1.064041 -5.145072
v -0.579392 -0.350082 -5.336073
v 0.573607 -0.350081 -5.336073
v -0.002397 -0.350082 -5.336073
v 0.573607 0.363879 -5.145072
v -0.002397 0.363879 -5.145072
v -0.579392 0.363879 -5.145072
v -0.579392 -0.350082 -5.336073
v 0.573608 -1.586701 -4.622069
v -0.002397 -1.064041 -5.145072
v 0.573608 -1.064041 -5.145072
v -0.002397 -1.586701 -4.622069
v -0.579392 -1.586701 -4.622069
v -0.579392 -1.064041 -5.145072
v 0.735610 -0.350081 -3.243071
v -0.002397 -0.350082 -3.243071
v 0.735610 -0.017671 -3.332076
v -0.002397 -0.017671 -3.332076
v -0.740388 -0.017671 -3.332076
v -0.740388 -0.350082 -3.243071
v -0.002397 -0.682491 -3.332076
v 0.735610 -0.350081 -3.243071
v 0.735610 -0.682491 -3.332076
v -0.002397 -0.350082 -3.243071
v -0.740388 -0.350082 -3.243071
v -0.740388 -0.682491 -3.332076
v -0.596391 -0.290241 -2.559073
v -0.574388 1.174108 -3.151076
v -0.000398 -0.315981 -2.559073
v -0.000398 1.251209 -3.151076
v 0.572600 1.174108 -3.151076
v 0.594603 -0.290241 -2.559073
v -0.000398 -0.315981 -2.559073
v -0.000398 1.251209 -3.151076
v 0.594603 -0.290241 -2.559073
v 0.572600 1.174108 -3.151076
v 0.851607 0.944599 -2.877074
v -0.574388 1.174108 -3.151076
v -0.596391 -0.290241 -2.559073
v -0.853395 0.944598 -2.877074
v 0.609602 -1.262591 2.335924
v -0.002397 -0.428072 1.730928
v 0.700606 -0.428072 1.730928
v -0.002397 -1.262591 2.335924
v -0.615388 -1.262591 2.335924
v -0.705400 -0.428072 1.730928
v 0.608610 0.950029 2.217927
v 0.700606 -0.428072 1.730928
v -0.002397 -0.428072 1.730928
v -0.002397 0.950029 2.217927
v -0.613390 0.950029 2.217927
v -0.705400 -0.428072 1.730928
v 0.782606 -0.941121 4.424928
v -0.002397 -0.690421 4.675928
v 0.782606 -0.690421 4.675928
v -0.002397 -0.941121 4.424928
v -0.787401 -0.941121 4.424928
v -0.787401 -0.690421 4.675928
v -0.002397 -0.347952 4.766931
v 0.782606 -0.005491 4.675928
v 0.782606 -0.347951 4.766931
v -0.002397 -0.005491 4.675928
v -0.787401 -0.005491 4.675928
v -0.787401 -0.347952 4.766931
v -0.002397 -0.690421 4.675928
v 0.782606 -0.347951 4.766931
v 0.782606 -0.690421 4.675928
v -0.002397 -0.347952 4.766931
v -0.787401 -0.347952 4.766931
v -0.787401 -0.690421 4.675928
vn 0.8425 -0.1417 -0.5197
vn 0.8425 -0.1417 0.5197
vn 0.8426 -0.1415 0.5196
vn 0.8425 -0.1418 0.5197
vn 0.8425 0.1417 -0.5197
vn 0.8426 0.1417 0.5196
vn 0.8425 0.1417 0.5197
vn 0.8443 -0.3789 -0.3788
vn 0.8444 -0.3788 -0.3788
vn 0.8444 -0.3787 0.3788
vn 0.8444 -0.3788 0.3788
vn 0.7716 -0.1653 -0.6142
vn 0.7716 -0.1653 -0.6143
vn 0.8443 0.3789 -0.3788
vn 0.8444 0.3788 -0.3788
vn 0.8443 0.3789 -0.3789
vn 0.8444 0.3788 0.3788
vn 0.8443 0.3789 0.3789
vn 0.7716 -0.1653 0.6142
vn 0.7717 -0.1653 0.6142
vn 0.7716 -0.1654 0.6142
vn 0.7716 0.1653 -0.6142
vn 0.7717 0.1654 -0.6141
vn 0.7717 0.1653 0.6142
vn 0.7716 0.1653 0.6142
vn 0.7716 0.1654 0.6142
vn 0.6054 -0.3145 -0.7311
vn 0.9533 -0.0788 0.2917
vn 0.9533 -0.0788 0.2915
vn 0.9534 -0.0788 0.2914
vn 0.9532 -0.0788 0.2917
vn 0.9533 0.0788 0.2916
vn 0.9533 0.0788 0.2915
vn 0.7723 -0.4492 -0.4491
vn 0.7723 -0.4492 -0.4492
vn 0.7722 -0.4493 -0.4492
vn 0.7723 -0.4493 -0.4491
vn 0.7723 -0.4492 0.4492
vn 0.7724 -0.4492 0.4490
vn 0.7724 -0.4492 0.4491
vn 0.9537 -0.2128 0.2127
vn 0.9536 -0.2128 0.2128
vn 0.9536 -0.2128 0.2129
vn 0.8427 0.5040 0.1890
vn 0.8427 0.5041 0.1890
vn 0.7723 0.4492 -0.4492
vn 0.7721 0.4495 -0.4492
vn 0.7723 0.4493 -0.4492
vn 0.9536 0.2128 0.2129
vn 0.9537 0.2128 0.2127
vn 0.8832 0.1577 0.4416
vn 0.8832 0.1577 0.4417
vn 0.9756 -0.0551 -0.2124
vn 0.7724 0.4492 0.4490
vn 0.7723 0.4492 0.4492
vn 0.7726 0.4492 0.4488
vn 0.9756 0.0551 -0.2124
vn 0.8425 0.5197 -0.1417
vn 0.9749 -0.1573 -0.1573
vn 0.9750 -0.1572 -0.1573
vn 0.7464 0.6599 -0.0865
vn 0.7465 0.6597 -0.0865
vn 0.9750 0.1573 -0.1572
vn 0.9750 0.1572 -0.1572
vn 0.8185 0.5667 0.0945
vn 0.8185 0.5667 0.0944
vn 0.8186 0.5666 0.0944
vn 0.7944 -0.6056 0.0472
vn 0.7943 -0.6056 0.0472
vn 0.7881 -0.6147 -0.0315
vn 0.7881 -0.6148 -0.0315
vn 0.9406 -0.3320 0.0711
vn 0.8865 0.4628 -0.0000
vn 0.8864 0.4629 -0.0000
vn 0.9636 0.2528 0.0869
vn 0.9636 0.2527 0.0869
vn 0.9372 0.3072 0.1654
vn 0.9372 0.3071 0.1654
vn 0.9372 0.3071 0.1653
vn 0.7637 -0.6456 0.0079
vn 0.7637 -0.6455 0.0079
vn 0.7570 -0.5678 -0.3233
vn 0.8340 0.5508 -0.0315
vn 0.8341 0.5508 -0.0315
vn 0.9667 -0.2515 -0.0471
vn 0.9667 -0.2515 -0.0472
vn 0.7944 -0.6056 -0.0472
vn 0.9756 0.2124 -0.0550
vn 0.9756 0.2124 -0.0551
vn 0.8688 0.2765 -0.4107
vn 0.8688 0.2764 -0.4108
vn 0.8688 0.2764 -0.4107
vn 0.9835 0.1023 0.1494
vn 0.9835 0.1023 0.1495
vn 0.9835 0.1022 0.1494
vn 0.9874 0.1580 0.0079
vn 0.9874 0.1580 0.0080
vn 0.9868 0.1184 0.1105
vn 0.9868 0.1184 0.1106
vn 0.8115 -0.5830 0.0394
vn 0.8115 -0.5830 0.0393
vn 0.8587 -0.5120 -0.0236
vn 0.8586 -0.5120 -0.0236
vn 0.9752 -0.2202 0.0236
vn 0.9752 -0.2202 0.0235
vn 0.7716 -0.6142 -0.1653
vn 0.7717 -0.6141 -0.1654
vn 0.7716 -0.6143 -0.1652
vn 0.7717 -0.6142 0.1654
vn 0.7716 -0.6142 0.1654
vn 0.7717 -0.6141 0.1654
vn 0.7964 0.5914 0.1262
vn 0.7964 0.5914 0.1261
vn 0.7964 0.5914 0.1263
vn 0.9406 -0.3320 -0.0711
vn 0.9918 0.0866 0.0944
vn 0.9918 0.0866 0.0945
vn 0.9917 0.0866 0.0945
vn 0.9064 0.4177 0.0631
vn 0.9962 -0.0863 -0.0079
vn 0.9980 0.0629 -0.0079
vn 0.9980 0.0628 -0.0078
vn 0.9997 0.0236 0.0078
vn 0.9997 0.0236 0.0079
vn 0.9986 0.0472 0.0235
vn 0.9986 0.0472 0.0236
vn 0.8040 -0.5754 -0.1498
vn 0.9980 -0.0079 0.0629
vn 0.9932 0.1025 0.0552
vn 0.9932 0.1024 0.0552
vn 0.9973 0.0628 -0.0393
vn 0.9481 0.3081 0.0790
vn 0.9964 -0.0785 0.0314
vn 0.9964 -0.0784 0.0314
vn 0.9855 -0.1577 -0.0631
vn 0.9855 -0.1577 -0.0630
vn 0.9891 0.1335 0.0627
vn 0.9891 0.1334 0.0628
vn 0.9891 0.1334 0.0627
vn 0.9997 -0.0000 0.0236
vn 0.9997 -0.0000 0.0237
vn 1.0000 -0.0000 -0.0000
vn 0.8425 -0.5197 -0.1417
vn 0.8426 -0.5196 -0.1418
vn 0.8425 -0.5197 -0.1418
vn 0.9985 0.0393 0.0393
vn 0.9260 0.3531 0.1334
vn 0.9260 0.3532 0.1335
vn 0.8011 -0.5654 0.1963
vn 0.8011 -0.5655 0.1963
vn 0.7718 0.6141 0.1653
vn 0.7717 0.6142 0.1654
vn 0.7717 0.6141 0.1654
vn 0.7717 0.6142 0.1653
vn 0.7715 0.6143 -0.1652
vn 0.7717 0.6141 -0.1654
vn 0.7716 0.6144 -0.1651
vn 0.7716 0.6143 -0.1651
vn 0.9964 0.0706 0.0471
vn 0.8272 0.5200 -0.2128
vn 0.8273 0.5200 -0.2127
vn 0.9838 -0.1416 -0.1102
vn 0.9838 -0.1417 -0.1102
vn 0.8377 0.4662 0.2845
vn 0.8376 0.4663 0.2846
vn 0.8032 -0.4252 -0.4173
vn 0.8029 -0.4258 -0.4172
vn 0.7801 0.5043 0.3704
vn 0.7801 0.5043 0.3703
vn 0.7947 0.1967 0.5743
vn 0.7946 0.1967 0.5743
vn 0.8409 0.2358 -0.4872
vn 0.8408 0.2357 -0.4873
vn 0.7717 -0.6142 -0.1654
vn 0.7716 -0.6143 0.1653
vn 0.7716 -0.6143 0.1652
vn 0.7716 -0.6142 0.1653
vn 0.7717 0.6142 -0.1654
vn 0.7717 0.6141 -0.1653
vn 0.7717 0.6141 -0.1652
vn 0.7716 0.6143 0.1653
vn 0.7716 0.6142 0.1654
vn 0.7716 0.6144 0.1651
vn 0.7724 -0.4492 -0.4490
vn 0.7722 -0.4492 0.4492
vn 0.7724 0.4492 -0.4490
vn 0.7727 0.4491 -0.4485
vn 0.7725 0.4492 -0.4489
vn 0.7722 0.4492 0.4493
vn 0.7716 -0.1654 -0.6142
vn 0.7717 -0.1653 -0.6141
vn 0.7717 0.1653 -0.6141
vn 0.7717 0.1653 -0.6142
vn 0.7716 0.1654 -0.6142
vn 0.7716 -0.1651 0.6144
vn 0.7715 -0.1654 0.6143
vn 0.7717 -0.1653 0.6141
vn 0.7718 0.1649 0.6141
vn 0.7716 0.1651 0.6144
vn 0.7713 0.1653 0.6146
vn 0.7717 0.1653 0.6141
vn -0.0000 0.7073 -0.7069
vn -0.0000 0.7073 0.7069
vn -0.0000 0.9415 0.3371
vn -0.0000 0.9414 0.3374
vn 0.1264 0.9480 -0.2922
vn 0.1264 0.9479 -0.2923
vn -0.1264 0.9480 -0.2921
vn -0.1264 0.9479 -0.2923
vn -0.1264 0.9480 -0.2922
vn 0.0629 0.9361 0.3461
vn 0.0630 0.9361 0.3461
vn -0.0629 0.9361 0.3461
vn -0.0630 0.9361 0.3461
vn -0.0000 0.9658 -0.2594
vn -0.0000 0.9659 -0.2588
vn -0.0000 0.9658 -0.2593
vn 0.0158 0.9493 0.3140
vn 0.0157 0.9494 0.3138
vn 0.0156 0.9493 0.3139
vn -0.0157 0.9493 0.3139
vn -0.0157 0.9494 0.3138
vn -0.0157 0.9493 0.3138
vn -0.0000 0.7072 -0.7070
vn -0.0000 0.7072 -0.7071
vn 0.1182 0.9929 -0.0158
vn -0.1182 0.9929 -0.0158
vn 0.0708 0.9837 -0.1653
vn -0.0708 0.9837 -0.1653
vn -0.0708 0.9837 -0.1652
vn -0.0000 0.9920 0.1261
vn -0.0000 0.9920 0.1260
vn 0.0473 0.7334 -0.6782
vn -0.0473 0.7334 -0.6782
vn -0.0000 0.9997 -0.0236
vn -0.0000 0.9835 0.1809
vn -0.0000 0.9835 0.1810
vn -0.0000 0.9658 -0.2591
vn -0.0000 0.9658 0.2591
vn -0.0000 0.9081 -0.4186
vn -0.0000 0.9082 -0.4186
vn -0.0000 0.9082 -0.4185
vn -0.0000 0.8441 0.5362
vn -0.0000 0.7848 0.6198
vn -0.0000 0.7849 0.6196
vn -0.0000 0.7847 0.6199
vn -0.0000 0.7851 0.6194
vn -0.0000 0.9658 -0.2592
vn -0.0000 0.9659 -0.2589
vn -0.0000 0.9659 -0.2591
vn -0.0000 0.9659 0.2589
vn -0.0000 0.9660 0.2587
vn -0.0000 0.9660 0.2584
vn -0.0000 0.7070 0.7072
vn -0.0000 0.7069 0.7073
vn -0.0000 -0.2591 0.9659
vn -0.0000 -0.2592 0.9658
vn -0.0000 -0.2590 0.9659
vn -0.0000 0.2591 0.9659
vn -0.0000 -0.7073 0.7069
vn -0.0000 0.2590 0.9659
vn -0.0000 0.2591 0.9658
vn 0.1025 0.1340 0.9857
vn 0.1025 0.1341 0.9857
vn -0.1025 0.1340 0.9857
vn -0.1024 0.1340 0.9857
vn -0.0000 0.2830 0.9591
vn -0.0000 0.7072 0.7070
vn -0.0000 0.7075 0.7067
vn -0.0000 0.1734 0.9848
vn -0.0000 0.1735 0.9848
vn -0.0000 -0.2595 0.9658
vn -0.0000 -0.2594 0.9658
vn -0.0000 0.2593 0.9658
vn -0.0000 0.2592 0.9658
vn -0.8425 -0.1417 -0.5197
vn -0.8425 -0.1417 0.5197
vn -0.8426 -0.1417 0.5196
vn -0.8425 0.1417 -0.5197
vn -0.8426 0.1417 -0.5196
vn -0.8425 0.1417 0.5197
vn -0.8444 -0.3788 -0.3788
vn -0.8447 -0.3784 -0.3785
vn -0.8446 -0.3785 -0.3787
vn -0.8444 -0.3788 0.3788
vn -0.8443 -0.3787 0.3790
vn -0.8447 -0.3788 0.3782
vn -0.8444 -0.3789 0.3787
vn -0.7716 -0.1653 -0.6142
vn -0.7717 -0.1653 -0.6142
vn -0.8446 0.3786 -0.3785
vn -0.8447 0.3784 -0.3785
vn -0.8444 0.3788 -0.3788
vn -0.8446 0.3785 -0.3787
vn -0.8446 0.3788 0.3784
vn -0.8445 0.3790 0.3785
vn -0.8446 0.3787 0.3784
vn -0.8444 0.3792 0.3785
vn -0.7717 -0.1654 0.6141
vn -0.7717 -0.1654 0.6142
vn -0.7716 -0.1653 0.6142
vn -0.7717 0.1653 -0.6141
vn -0.7716 0.1653 -0.6142
vn -0.7717 0.1654 -0.6141
vn -0.7716 0.1654 0.6142
vn -0.7717 0.1654 0.6141
vn -0.7716 0.1653 0.6142
vn -0.6054 -0.3145 -0.7312
vn -0.9533 -0.0788 0.2915
vn -0.9533 -0.0788 0.2916
vn -0.9534 -0.0788 0.2914
vn -0.9533 0.0788 0.2914
vn -0.9533 0.0788 0.2915
vn -0.9534 0.0788 0.2914
vn -0.7722 -0.4494 -0.4492
vn -0.7723 -0.4492 -0.4492
vn -0.7723 -0.4493 -0.4492
vn -0.7723 -0.4492 0.4492
vn -0.9537 -0.2128 0.2127
vn -0.9536 -0.2128 0.2128
vn -0.9537 -0.2128 0.2126
vn -0.8427 0.5041 0.1890
vn -0.8427 0.5040 0.1890
vn -0.7722 0.4492 -0.4493
vn -0.7723 0.4492 -0.4492
vn -0.7721 0.4494 -0.4492
vn -0.7723 0.4491 -0.4493
vn -0.9536 0.2128 0.2128
vn -0.9537 0.2128 0.2128
vn -0.9756 -0.0551 -0.2124
vn -0.9757 -0.0551 -0.2123
vn -0.8833 0.1577 0.4415
vn -0.8832 0.1577 0.4416
vn -0.8833 0.1577 0.4416
vn -0.8832 0.1577 0.4417
vn -0.7723 0.4493 0.4491
vn -0.7723 0.4492 0.4492
vn -0.7723 0.4492 0.4491
vn -0.9756 0.0551 -0.2124
vn -0.9756 0.0551 -0.2125
vn -0.8425 0.5197 -0.1418
vn -0.8425 0.5197 -0.1417
vn -0.9749 -0.1573 -0.1573
vn -0.9750 -0.1572 -0.1573
vn -0.9750 0.1572 -0.1573
vn -0.9750 0.1572 -0.1572
vn -0.9749 0.1572 -0.1574
vn -0.7463 0.6599 -0.0864
vn -0.7464 0.6599 -0.0864
vn -0.7464 0.6599 -0.0865
vn -0.8186 0.5666 0.0944
vn -0.8185 0.5667 0.0944
vn -0.7944 -0.6056 0.0472
vn -0.7943 -0.6056 0.0472
vn -0.7881 -0.6147 -0.0315
vn -0.9406 -0.3320 0.0711
vn -0.9406 -0.3320 0.0712
vn -0.8865 0.4628 -0.0000
vn -0.8864 0.4629 -0.0000
vn -0.9636 0.2528 0.0869
vn -0.9636 0.2527 0.0870
vn -0.9372 0.3072 0.1654
vn -0.9372 0.3071 0.1654
vn -0.9372 0.3071 0.1653
vn -0.9371 0.3072 0.1655
vn -0.7637 -0.6456 0.0079
vn -0.7636 -0.6456 0.0079
vn -0.7570 -0.5678 -0.3233
vn -0.8340 0.5508 -0.0315
vn -0.8341 0.5508 -0.0315
vn -0.9667 -0.2515 -0.0471
vn -0.7944 -0.6056 -0.0472
vn -0.7944 -0.6056 -0.0471
vn -0.9756 0.2124 -0.0551
vn -0.8688 0.2764 -0.4108
vn -0.8688 0.2765 -0.4108
vn -0.8688 0.2765 -0.4107
vn -0.9835 0.1023 0.1494
vn -0.9835 0.1023 0.1495
vn -0.9835 0.1022 0.1494
vn -0.9834 0.1023 0.1496
vn -0.9874 0.1580 0.0079
vn -0.9868 0.1184 0.1105
vn -0.8115 -0.5830 0.0394
vn -0.8586 -0.5120 -0.0236
vn -0.8586 -0.5121 -0.0236
vn -0.8587 -0.5120 -0.0236
vn -0.9752 -0.2202 0.0236
vn -0.7717 -0.6141 -0.1655
vn -0.7715 -0.6145 -0.1650
vn -0.7716 -0.6142 -0.1654
vn -0.7715 -0.6144 -0.1651
vn -0.7717 -0.6142 0.1653
vn -0.7716 -0.6142 0.1653
vn -0.7715 -0.6144 0.1653
vn -0.7964 0.5914 0.1262
vn -0.7964 0.5914 0.1261
vn -0.9406 -0.3320 -0.0711
vn -0.9918 0.0866 0.0945
vn -0.9917 0.0866 0.0945
vn -0.9918 0.0866 0.0944
vn -0.9064 0.4177 0.0631
vn -0.9064 0.4177 0.0630
vn -0.9962 -0.0863 -0.0079
vn -0.9962 -0.0863 -0.0078
vn -0.9980 0.0628 -0.0078
vn -0.9980 0.0629 -0.0079
vn -0.9997 0.0236 0.0079
vn -0.9997 0.0236 0.0078
vn -0.9986 0.0472 0.0235
vn -0.9986 0.0472 0.0236
vn -0.8040 -0.5754 -0.1498
vn -0.9980 -0.0079 0.0629
vn -0.9980 -0.0080 0.0629
vn -0.9973 0.0628 -0.0393
vn -0.9973 0.0628 -0.0392
vn -0.9932 0.1025 0.0551
vn -0.9932 0.1025 0.0552
vn -0.9964 -0.0785 0.0314
vn -0.9855 -0.1577 -0.0631
vn -0.9855 -0.1577 -0.0630
vn -0.9855 -0.1577 -0.0629
vn -0.9481 0.3081 0.0790
vn -0.9890 0.1335 0.0630
vn -0.9891 0.1334 0.0628
vn -0.9891 0.1334 0.0630
vn -0.9997 -0.0000 0.0236
vn -1.0000 -0.0000 -0.0000
vn -0.8425 -0.5197 -0.1418
vn -0.8425 -0.5197 -0.1417
vn -0.8426 -0.5196 -0.1418
vn -0.9985 0.0393 0.0393
vn -0.9985 0.0395 0.0391
vn -0.9260 0.3532 0.1334
vn -0.9260 0.3531 0.1334
vn -0.8011 -0.5655 0.1963
vn -0.8011 -0.5654 0.1963
vn -0.8010 -0.5655 0.1963
vn -0.7716 0.6143 0.1654
vn -0.7715 0.6143 0.1654
vn -0.7717 0.6141 0.1654
vn -0.7717 0.6141 -0.1653
vn -0.7716 0.6142 -0.1653
vn -0.7716 0.6143 -0.1653
vn -0.7717 0.6142 -0.1653
vn -0.9964 0.0706 0.0471
vn -0.8272 0.5200 -0.2128
vn -0.8273 0.5200 -0.2128
vn -0.9838 -0.1416 -0.1101
vn -0.9838 -0.1417 -0.1102
vn -0.8377 0.4663 0.2845
vn -0.8377 0.4662 0.2845
vn -0.8032 -0.4252 -0.4173
vn -0.7801 0.5043 0.3703
vn -0.7801 0.5043 0.3704
vn -0.7800 0.5043 0.3704
vn -0.7947 0.1967 0.5743
vn -0.7946 0.1967 0.5743
vn -0.7946 0.1967 0.5744
vn -0.8409 0.2358 -0.4872
vn -0.8409 0.2358 -0.4871
vn -0.7717 -0.6141 -0.1653
vn -0.7716 -0.6142 -0.1653
vn -0.7713 -0.6148 0.1648
vn -0.7716 -0.6143 0.1652
vn -0.7716 -0.6143 0.1654
vn -0.7716 0.6142 -0.1654
vn -0.7717 0.6141 -0.1654
vn -0.7717 0.6142 -0.1654
vn -0.7716 0.6143 0.1652
vn -0.7716 0.6143 0.1653
vn -0.7717 0.6142 0.1653
vn -0.7723 -0.4492 0.4493
vn -0.7723 -0.4491 0.4492
vn -0.7723 0.4492 -0.4491
vn -0.7723 0.4491 0.4492
vn -0.7717 -0.1654 -0.6141
vn -0.7717 0.1654 -0.6142
vn -0.7716 0.1654 -0.6142
vn -0.7715 -0.1651 0.6144
vn -0.7717 -0.1652 0.6142
vn -0.7715 -0.1654 0.6144
vn -0.7717 0.1653 0.6141
vn -0.7715 0.1651 0.6144
vn -0.7713 0.1653 0.6146
vn -0.0000 -0.7072 -0.7070
vn -0.0000 -0.7073 -0.7070
vn -0.0000 -0.7072 0.7070
vn -0.0000 -0.7075 0.7067
vn -0.0000 -0.7071 0.7071
vn 0.0158 -0.8221 -0.5691
vn -0.0158 -0.8221 -0.5691
vn -0.0158 -0.8221 -0.5692
vn -0.7570 -0.5678 -0.3234
vn -0.0000 -0.9997 0.0236
vn -0.0000 -1.0000 -0.0000
vn -0.0000 -1.0000 0.0079
vn -0.0000 -0.9997 -0.0236
vn -0.0000 -0.9955 -0.0951
vn -0.0000 -0.9955 -0.0948
vn -0.0000 -0.9955 -0.0949
vn -0.0000 -0.9985 0.0550
vn -0.0000 -0.9985 0.0549
vn -0.0000 -0.9985 0.0551
vn -0.0000 -0.9835 -0.1810
vn -0.0000 -0.9659 -0.2591
vn -0.0000 -0.9658 0.2591
vn -0.0000 -0.9541 -0.2996
vn -0.0000 -0.9405 0.3398
vn -0.0000 -0.9405 0.3399
vn -0.0000 -0.9658 -0.2593
vn -0.0000 -0.9658 -0.2592
vn -0.0000 -0.9658 -0.2594
vn -0.0000 -0.9658 -0.2595
vn -0.0000 -0.9659 0.2589
vn -0.0000 -0.9659 0.2588
vn -0.0000 -0.9658 0.2592
vn -0.0000 -0.7075 -0.7067
vn -0.0000 -0.7073 -0.7069
vn -0.0000 -0.7069 0.7073
vn -0.0000 -0.7068 0.7074
vn -0.0000 -0.7070 0.7072
vn -0.0000 -0.2591 -0.9659
vn -0.0000 -0.2593 -0.9658
vn -0.0000 -0.2584 -0.9660
vn -0.0000 0.2592 -0.9658
vn -0.0000 0.2591 -0.9659
vn -0.0000 0.2593 -0.9658
vn -0.0000 -0.2590 -0.9659
vn -0.0000 -0.2591 -0.9658
vn -0.0000 0.2586 -0.9660
vn -0.0000 0.2590 -0.9659
vn 0.0158 -0.3632 -0.9316
vn -0.0158 -0.3632 -0.9316
vn -0.0158 -0.3631 -0.9316
vn 0.6054 -0.3145 -0.7312
vn -0.0000 -0.5887 -0.8084
vn -0.0000 -0.5885 -0.8085
vn -0.0000 0.3304 -0.9438
vn -0.0000 0.3303 -0.9439
vn -0.0000 0.7075 -0.7067
vn -0.0000 0.2589 -0.9659
vn -0.0000 0.2591 -0.9658
vt 12.677900 -3.060000
vt 12.614500 -3.126470
vt 12.654000 -3.149240
vt 12.632400 -3.060000
vt 11.385500 -3.126200
vt 11.367600 -3.059730
vt 11.322100 -3.059730
vt 11.346000 -3.148970
vt 12.614500 -2.993520
vt 12.654000 -2.970750
vt 11.346000 -2.970480
vt 11.385500 -2.993260
vt 12.565900 -3.175130
vt 12.588700 -3.214570
vt 11.411300 -3.214310
vt 11.434100 -3.174860
vt 12.427400 -3.018440
vt 12.398100 -3.060000
vt 12.416300 -3.060000
vt 12.411700 -3.009350
vt 12.588700 -2.905420
vt 12.565900 -2.944860
vt 11.434100 -2.944600
vt 11.411300 -2.905150
vt 11.574700 -3.016920
vt 11.604900 -3.059730
vt 11.591000 -3.007550
vt 11.586200 -3.059730
vt 12.427400 -3.101550
vt 12.411700 -3.110640
vt 11.591000 -3.111910
vt 11.574700 -3.102540
vt 12.330800 -3.052520
vt 12.370500 -2.898160
vt 12.300700 -3.038640
vt 11.396200 -3.059730
vt 11.410200 -3.111910
vt 11.410200 -3.007550
vt 12.457900 -2.988030
vt 12.448800 -2.972270
vt 11.543400 -2.985580
vt 11.552800 -2.969350
vt 11.448400 -3.150110
vt 11.500600 -2.918750
vt 11.500600 -2.873200
vt 12.448800 -3.147720
vt 12.457900 -3.131970
vt 11.448400 -2.969350
vt 11.602600 -3.167860
vt 11.654000 -3.032350
vt 11.607800 -3.022460
vt 11.553400 -3.204880
vt 12.600700 -3.060000
vt 12.587100 -3.110640
vt 11.543400 -3.133870
vt 11.552800 -3.150110
vt 12.587100 -3.009350
vt 12.499400 -2.927050
vt 12.499400 -2.881510
vt 12.550100 -3.147720
vt 12.371800 -2.859050
vt 12.327100 -2.896870
vt 12.404800 -2.869470
vt 12.550100 -2.972270
vt 11.619200 -2.894430
vt 11.641900 -2.854980
vt 11.500600 -3.216220
vt 11.500600 -3.184950
vt 12.499400 -3.214210
vt 12.499400 -3.183210
vt 11.500600 -3.164090
vt 12.005900 -2.848690
vt 11.850900 -2.792470
vt 11.858200 -2.846400
vt 12.026200 -2.795690
vt 11.500600 -2.955370
vt 11.743800 -2.828300
vt 11.783300 -2.873650
vt 12.367300 -3.178990
vt 12.344600 -3.213910
vt 12.157100 -3.105210
vt 12.182900 -3.156640
vt 12.407900 -2.917850
vt 12.385100 -2.878400
vt 12.499400 -3.161290
vt 11.567100 -3.174860
vt 11.589800 -3.214310
vt 12.499400 -2.958700
vt 12.098700 -2.908870
vt 12.109800 -2.868050
vt 11.708400 -2.900890
vt 11.636600 -2.864120
vt 11.840500 -2.956150
vt 12.044800 -3.095380
vt 12.004200 -3.146580
vt 11.711800 -3.123800
vt 11.717500 -3.174330
vt 12.499400 -2.976890
vt 11.500600 -2.974110
vt 12.273800 -2.837500
vt 12.270000 -2.893050
vt 11.749000 -3.069740
vt 11.679400 -3.151290
vt 11.694200 -2.920250
vt 12.185900 -2.996130
vt 11.718800 -3.174060
vt 11.990900 -3.008430
vt 11.850700 -3.038370
vt 12.137500 -3.101410
vt 12.150900 -3.082840
vt 12.318700 -2.968440
vt 12.098000 -3.124190
vt 11.500600 -3.145340
vt 12.499400 -3.143100
vt 11.733600 -2.897480
vt 12.279200 -2.945670
vt 11.794500 -3.069740
vt 11.850900 -2.783780
vt 11.735900 -2.830170
vt 11.827600 -2.924710
vt 12.026200 -2.786990
vt 11.831600 -3.036460
vt 12.187900 -3.008280
vt 12.004000 -3.146580
vt 12.330800 -3.055730
vt 11.995600 -3.005910
vt 12.371800 -2.849910
vt 12.404800 -2.859830
vt 11.621000 -2.867860
vt 12.105400 -3.082840
vt 11.457800 -2.985580
vt 12.541000 -2.988030
vt 11.457800 -3.133870
vt 12.541000 -3.131970
vt 11.426400 -3.016920
vt 12.571400 -3.018440
vt 11.426400 -3.102540
vt 12.571400 -3.101550
vt 11.415000 -3.059730
vt 12.582500 -3.060000
vt 11.927900 -3.653990
vt 12.000000 -3.588660
vt 11.927900 -3.588660
vt 12.000000 -3.653990
vt 12.072100 -3.653990
vt 12.072100 -3.588660
vt 11.923400 -2.411340
vt 12.000000 -2.411340
vt 11.923400 -2.346010
vt 12.000000 -2.346010
vt 12.076600 -2.346010
vt 12.076600 -2.411340
vt 12.000000 -2.500590
vt 12.076600 -2.500590
vt 11.923400 -2.500590
vt 11.928100 -3.404820
vt 11.999800 -3.371790
vt 11.928100 -3.371790
vt 11.999800 -3.404820
vt 12.071500 -3.404820
vt 12.071500 -3.371790
vt 11.928100 -2.743760
vt 11.928100 -2.850910
vt 11.999800 -2.850910
vt 11.999800 -2.735940
vt 12.071500 -2.743760
vt 12.071500 -2.850910
vt 11.927900 -3.499410
vt 12.000000 -3.499410
vt 12.072100 -3.499410
vt 11.928100 -2.636610
vt 11.999800 -2.620970
vt 12.071500 -2.636610
vt 11.907700 -3.457860
vt 12.000000 -3.427440
vt 11.907700 -3.427440
vt 12.000000 -3.457860
vt 12.092300 -3.457860
vt 12.092300 -3.427440
vt 11.928100 -3.026190
vt 11.999800 -3.026190
vt 12.071500 -3.026190
vt 11.947400 -3.273820
vt 11.999800 -3.273820
vt 12.052200 -3.273820
vt 11.923400 -2.641930
vt 12.000000 -2.641930
vt 12.076600 -2.641930
vt 11.941600 -3.109800
vt 11.999800 -3.109800
vt 12.058000 -3.109800
vt 11.927900 -3.385090
vt 12.000000 -3.385090
vt 12.072100 -3.385090
vt 11.907700 -3.499410
vt 12.092300 -3.499410
vt 11.901900 -2.543390
vt 12.000000 -2.543390
vt 11.901900 -2.500590
vt 12.098100 -2.500590
vt 12.098100 -2.543390
vt 12.076400 -2.733630
vt 12.000000 -2.733630
vt 11.923600 -2.733630
vt 11.927900 -3.279230
vt 12.000000 -3.279230
vt 12.072100 -3.279230
vt 11.927900 -3.105380
vt 12.000000 -3.105380
vt 12.072100 -3.105380
vt 11.901900 -2.457780
vt 12.000000 -2.457780
vt 12.098100 -2.457780
vt 12.000000 -3.540970
vt 11.907700 -3.540970
vt 12.092300 -3.540970
vt 12.000000 -3.571380
vt 12.092300 -3.571380
vt 11.907700 -3.571380
vt 12.076600 -3.059730
vt 12.000000 -3.059730
vt 12.076600 -3.148970
vt 12.000000 -3.148970
vt 11.923400 -3.148970
vt 11.923400 -3.059730
vt 12.000000 -2.970480
vt 12.076600 -2.970480
vt 11.923400 -2.970480
vt 12.076600 -3.214310
vt 12.000000 -3.214310
vt 11.923400 -3.214310
vt 12.098100 -3.016920
vt 12.000000 -3.016920
vt 12.098100 -3.059730
vt 11.901900 -3.059730
vt 11.901900 -3.016920
vt 12.098100 -3.102540
vt 12.000000 -3.102540
vt 11.901900 -3.102540
vt 12.071900 -3.022460
vt 12.071900 -2.864120
vt 12.000200 -2.867860
vt 12.000200 -3.022460
vt 11.928500 -2.864120
vt 11.928500 -3.022460
vt 12.000200 -3.204880
vt 11.928500 -3.204880
vt 12.071900 -3.204880
vt 12.098100 -3.133870
vt 12.000000 -3.133870
vt 11.901900 -3.133870
vt 12.072100 -3.082840
vt 12.000000 -3.082840
vt 12.072100 -3.124190
vt 12.000000 -3.124190
vt 11.927900 -3.124190
vt 11.927900 -3.082840
vt 12.092300 -3.018440
vt 12.000000 -3.018440
vt 12.092300 -3.060000
vt 12.000000 -3.060000
vt 11.907700 -3.060000
vt 11.907700 -3.018440
vt 12.092300 -3.101550
vt 12.000000 -3.101550
vt 11.907700 -3.101550
vt 11.322100 -3.060000
vt 11.385500 -3.126470
vt 11.367600 -3.060000
vt 11.346000 -3.149240
vt 12.654000 -3.148970
vt 12.677900 -3.059730
vt 12.614500 -3.126200
vt 12.632400 -3.059730
vt 11.385500 -2.993520
vt 11.346000 -2.970750
vt 12.654000 -2.970480
vt 12.614500 -2.993260
vt 11.411300 -3.214570
vt 11.434100 -3.175130
vt 12.588700 -3.214310
vt 12.565900 -3.174860
vt 11.572600 -3.018440
vt 11.601900 -3.060000
vt 11.588300 -3.009350
vt 11.583700 -3.060000
vt 11.411300 -2.905420
vt 11.434100 -2.944860
vt 12.565900 -2.944600
vt 12.588700 -2.905150
vt 12.425300 -3.016920
vt 12.395100 -3.059730
vt 12.413800 -3.059730
vt 12.409000 -3.007550
vt 11.588300 -3.110640
vt 11.572600 -3.101550
vt 12.409000 -3.111910
vt 12.425300 -3.102540
vt 11.699300 -3.038640
vt 11.629500 -2.898160
vt 11.669200 -3.052520
vt 12.603800 -3.059730
vt 12.589800 -3.111910
vt 12.589800 -3.007550
vt 11.542100 -2.988030
vt 11.551200 -2.972270
vt 12.456600 -2.985580
vt 12.447200 -2.969350
vt 12.551600 -3.150110
vt 12.499400 -2.918750
vt 12.499400 -2.873200
vt 11.542100 -3.131970
vt 11.551200 -3.147720
vt 12.551600 -2.969350
vt 11.399300 -3.060000
vt 11.412900 -3.110640
vt 12.346000 -3.032350
vt 12.397400 -3.167860
vt 12.392200 -3.022460
vt 12.446600 -3.204880
vt 12.456600 -3.133870
vt 12.447200 -3.150110
vt 11.412900 -3.009350
vt 11.500600 -2.881510
vt 11.500600 -2.927050
vt 11.449900 -3.147720
vt 11.449900 -2.972270
vt 11.628200 -2.859050
vt 11.595200 -2.869470
vt 11.672900 -2.896870
vt 12.380800 -2.894430
vt 12.358100 -2.854980
vt 12.499400 -3.216220
vt 12.499400 -3.184950
vt 11.500600 -3.214210
vt 11.500600 -3.183210
vt 12.499400 -3.164090
vt 12.149100 -2.792470
vt 11.994100 -2.848690
vt 12.141800 -2.846400
vt 11.973800 -2.795690
vt 12.499400 -2.955370
vt 12.216700 -2.873650
vt 12.256200 -2.828300
vt 11.632700 -3.178990
vt 11.655400 -3.213910
vt 11.842900 -3.105210
vt 11.817100 -3.156640
vt 11.614900 -2.878400
vt 11.592100 -2.917850
vt 11.500600 -3.161290
vt 12.432900 -3.174860
vt 12.410200 -3.214310
vt 11.500600 -2.958700
vt 11.901300 -2.908870
vt 11.890200 -2.868050
vt 12.291600 -2.900890
vt 12.363400 -2.864120
vt 12.159500 -2.956150
vt 11.955200 -3.095380
vt 11.995800 -3.146580
vt 12.288200 -3.123800
vt 12.282500 -3.174330
vt 11.500600 -2.976890
vt 12.499400 -2.974110
vt 11.726200 -2.837500
vt 11.730000 -2.893050
vt 12.251000 -3.069740
vt 12.320600 -3.151290
vt 12.305800 -2.920250
vt 11.814100 -2.996130
vt 12.281200 -3.174060
vt 12.009100 -3.008430
vt 11.862500 -3.101410
vt 12.149300 -3.038370
vt 11.849100 -3.082840
vt 11.681300 -2.968440
vt 11.902000 -3.124190
vt 12.499400 -3.145340
vt 11.500600 -3.143100
vt 12.266400 -2.897480
vt 11.720800 -2.945670
vt 12.205500 -3.069740
vt 11.894600 -3.082840
vt 12.542200 -2.985580
vt 11.459000 -2.988030
vt 12.542200 -3.133870
vt 11.459000 -3.131970
vt 12.573600 -3.016920
vt 11.428600 -3.018440
vt 12.573600 -3.102540
vt 11.428600 -3.101550
vt 12.585000 -3.059730
vt 11.417500 -3.060000
vt 12.098100 -2.574730
vt 12.000000 -2.574730
vt 11.901900 -2.574730
vt 12.071900 -3.182920
vt 12.000200 -3.330780
vt 12.074700 -3.330780
vt 12.000200 -3.182920
vt 11.928500 -3.182920
vt 11.925800 -3.330780
vt 12.110700 -3.300690
vt 11.889800 -3.300690
vt 12.072100 -3.344560
vt 12.000000 -3.344560
vt 11.927900 -3.344560
vt 12.076600 -2.589830
vt 12.000000 -2.589830
vt 11.923400 -2.589830
vt 11.928500 -2.717450
vt 12.000200 -3.004000
vt 12.000200 -2.717450
vt 11.928500 -3.004150
vt 12.071900 -2.717450
vt 12.071900 -3.004150
vt 12.071900 -2.553440
vt 12.000200 -2.553440
vt 11.928500 -2.553440
vt 12.000000 -2.718840
vt 12.076600 -2.718840
vt 11.923400 -2.718840
vt 12.072100 -3.098030
vt 12.000000 -3.098030
vt 11.927900 -3.098030
vt 12.000000 -2.426440
vt 12.098100 -2.426440
vt 11.901900 -2.426440
vt 11.927900 -3.149240
vt 11.927900 -3.060000
vt 12.000000 -3.149240
vt 12.072100 -3.149240
vt 12.072100 -3.060000
vt 11.927900 -2.970750
vt 12.000000 -2.970750
vt 12.072100 -2.970750
vt 11.927900 -3.214570
vt 12.000000 -3.214570
vt 12.072100 -3.214570
vt 12.074200 -3.052520
vt 12.071500 -2.869470
vt 11.999800 -3.055730
vt 11.999800 -2.859830
vt 11.928100 -2.869470
vt 11.925300 -3.052520
vt 11.893300 -2.898160
vt 12.106300 -2.898160
vt 11.923400 -3.174060
vt 12.000000 -3.069740
vt 11.912100 -3.069740
vt 12.000000 -3.174060
vt 12.076600 -3.174060
vt 12.087900 -3.069740
vt 11.923600 -2.897480
vt 12.000000 -2.897480
vt 12.076400 -2.897480
s 1
usemtl Body1Mtl.002
f 881/525/224 882/526/224 883/527/224
f 882/526/224 881/525/224 884/528/224
f 885/529/225 886/530/226 887/531/227
f 887/531/227 888/532/225 885/529/225
f 889/533/228 890/525/228 891/534/228
f 890/525/228 889/533/228 892/528/228
f 893/535/229 894/530/230 895/536/229
f 894/530/230 893/535/229 896/531/230
f 897/526/231 898/537/231 899/538/232
f 899/538/232 900/527/232 897/526/231
f 901/539/233 902/529/234 903/532/234
f 902/529/234 901/539/233 904/540/234
f 905/541/235 906/542/235 907/543/235
f 906/542/235 905/541/235 908/544/236
f 909/533/237 910/545/238 911/546/238
f 910/545/238 909/533/237 912/534/239
f 913/535/240 914/547/240 915/548/241
f 914/547/240 913/535/240 916/536/240
f 917/549/242 918/550/243 919/551/244
f 918/550/243 917/549/242 920/552/244
f 921/553/245 922/543/245 923/542/245
f 923/542/245 924/554/246 921/553/245
f 925/555/247 926/550/248 927/552/249
f 925/555/247 927/552/249 928/556/249
f 929/557/250 930/558/250 931/559/250
f 932/560/251 933/529/252 934/561/253
f 933/529/252 932/560/251 935/530/254
f 936/536/255 937/560/256 938/562/255
f 937/560/256 936/536/255 939/530/256
f 940/544/257 941/563/258 942/564/259
f 941/563/258 940/544/257 943/541/260
f 944/551/261 945/565/262 946/549/261
f 945/565/262 944/551/261 947/566/263
f 948/540/264 949/561/265 950/529/266
f 949/561/265 948/540/264 951/567/264
f 952/548/267 953/568/268 954/569/268
f 953/568/268 952/548/267 955/547/267
f 956/554/269 957/570/270 958/571/271
f 956/554/269 958/571/271 959/553/269
f 960/562/272 961/547/273 962/536/272
f 961/547/273 960/562/272 963/572/273
f 964/573/274 965/574/275 966/575/274
f 966/575/274 967/576/275 964/573/274
f 968/526/276 969/528/276 970/577/276
f 968/526/276 970/577/276 971/578/276
f 972/579/277 973/555/277 974/556/278
f 973/555/277 972/579/277 975/580/279
f 976/581/280 977/528/280 978/533/280
f 977/528/280 976/581/280 979/577/280
f 980/582/281 981/546/281 982/545/281
f 982/545/281 983/583/281 980/582/281
f 984/578/282 985/584/283 986/537/283
f 986/537/283 987/526/282 984/578/282
f 988/558/284 989/585/284 990/586/285
f 989/585/284 988/558/284 991/587/284
f 992/581/286 993/546/286 994/588/287
f 993/546/286 992/581/286 995/533/287
f 996/589/288 997/569/289 998/568/290
f 997/569/289 996/589/288 999/590/288
f 1000/591/291 1001/540/291 1002/539/291
f 1001/540/291 1000/591/291 1003/592/292
f 1004/537/293 1005/593/293 1006/538/293
f 1005/593/293 1004/537/293 1007/594/294
f 1008/592/295 1009/567/295 1010/540/295
f 1009/567/295 1008/592/295 1011/595/295
f 1012/596/296 1013/597/296 1014/598/296
f 1013/597/296 1012/596/296 1015/599/297
f 1016/547/298 1017/600/298 1018/568/299
f 1017/600/298 1016/547/298 1019/572/298
f 1020/597/300 1021/601/301 1022/602/302
f 1020/597/300 1022/602/302 1023/598/300
f 1024/593/303 1025/603/304 1026/604/303
f 1025/603/304 1024/593/303 1027/594/303
f 1028/559/305 1029/605/305 1030/606/305
f 1031/607/306 1032/582/307 1033/583/307
f 1033/583/307 1034/608/306 1031/607/306
f 1035/594/308 1036/584/309 1037/609/308
f 1036/584/309 1035/594/308 1038/537/309
f 1039/610/310 1040/591/310 1041/611/310
f 1040/591/310 1039/610/310 1042/592/310
f 1043/588/311 1044/582/311 1045/612/311
f 1044/582/311 1043/588/311 1046/546/312
f 1047/596/313 1048/613/314 1049/614/315
f 1047/596/313 1049/614/315 1050/599/313
f 1051/615/316 1052/575/317 1053/574/317
f 1052/575/317 1051/615/316 1054/616/318
f 1055/568/319 1056/566/319 1057/589/319
f 1056/566/319 1055/568/319 1058/600/320
f 1059/615/321 1060/617/321 1061/602/322
f 1060/617/321 1059/615/321 1062/574/321
f 1063/606/323 1064/618/323 1065/619/323
f 1064/618/323 1063/606/323 1066/605/324
f 1067/620/325 1068/619/326 1069/618/326
f 1068/619/326 1067/620/325 1070/621/326
f 1071/594/327 1072/570/327 1073/603/327
f 1072/570/327 1071/594/327 1074/609/328
f 1075/564/329 1076/622/330 1077/612/331
f 1076/622/330 1075/564/329 1078/563/329
f 1079/623/332 1080/565/333 1081/566/334
f 1081/566/334 1082/600/333 1079/623/332
f 1083/624/335 1084/586/336 1085/585/336
f 1084/586/336 1083/624/335 1086/625/337
f 1087/592/338 1088/580/338 1089/595/338
f 1088/580/338 1087/592/338 1090/610/338
f 1091/616/339 1092/615/340 1093/601/340
f 1093/601/340 1092/615/340 1094/602/341
f 1095/625/342 1096/614/342 1097/613/342
f 1096/614/342 1095/625/342 1098/624/342
f 1099/626/343 1100/550/343 1101/627/343
f 1101/627/343 1100/550/343 1102/555/343
f 1103/582/319 1104/607/319 1105/564/319
f 1103/582/319 1105/564/319 1106/612/319
f 1107/551/344 1108/626/345 1109/628/344
f 1108/626/345 1107/551/344 1110/550/344
f 1111/618/346 1112/605/347 1113/629/346
f 1113/629/346 1112/605/347 1114/559/347
f 1115/559/348 1116/586/349 1117/629/349
f 1115/559/348 1118/558/349 1116/586/349
f 1119/627/350 1120/610/350 1121/611/350
f 1121/611/350 1122/630/350 1119/627/350
f 1123/598/351 1124/602/351 1125/617/351
f 1125/617/351 1126/596/351 1123/598/351
f 1127/620/352 1128/618/353 1129/631/352
f 1128/618/353 1130/629/352 1129/631/352
f 1131/551/354 1132/589/354 1133/566/354
f 1132/589/354 1131/551/354 1134/628/354
f 1135/613/355 1136/632/355 1137/631/355
f 1137/631/355 1138/625/355 1135/613/355
f 1139/603/356 1140/554/357 1141/633/356
f 1140/554/357 1139/603/356 1142/570/356
f 1143/555/358 1144/580/359 1145/610/359
f 1145/610/359 1146/627/358 1143/555/358
f 1147/632/360 1148/573/361 1149/620/361
f 1149/620/361 1150/631/362 1147/632/360
f 1151/542/363 1152/634/364 1153/554/363
f 1153/554/363 1152/634/364 1154/633/364
f 1155/574/365 1156/632/365 1157/617/365
f 1156/632/365 1155/574/365 1158/573/365
f 1159/573/366 1160/621/367 1161/620/368
f 1160/621/367 1159/573/366 1162/576/366
f 1163/634/369 1164/542/369 1165/635/369
f 1165/635/369 1164/542/369 1166/544/369
f 1167/629/370 1168/586/371 1169/625/371
f 1169/625/371 1170/631/370 1167/629/370
f 1171/604/372 1172/633/373 1173/636/373
f 1172/633/373 1171/604/372 1174/603/372
f 1175/637/374 1176/580/375 1177/579/376
f 1176/580/375 1175/637/374 1178/595/377
f 1179/638/378 1180/570/379 1181/609/380
f 1180/570/379 1179/638/378 1182/571/381
f 1183/635/382 1184/544/382 1185/607/382
f 1185/607/382 1184/544/382 1186/564/382
f 1187/628/383 1188/590/384 1189/589/384
f 1188/590/384 1187/628/383 1190/639/383
f 1191/632/385 1192/613/386 1193/596/386
f 1191/632/385 1193/596/386 1194/617/385
f 1195/635/387 1196/608/387 1197/640/388
f 1196/608/387 1195/635/387 1198/607/387
f 1199/626/389 1200/627/389 1201/630/389
f 1201/630/389 1202/641/390 1199/626/389
f 1203/642/365 1204/643/365 1205/644/365
f 1205/644/365 1206/645/365 1203/642/365
f 1207/614/365 1208/644/365 1209/646/365
f 1208/644/365 1207/614/365 1210/645/365
f 1211/606/365 1212/647/365 1213/648/365
f 1212/647/365 1211/606/365 1214/649/365
f 1215/650/365 1212/647/365 1216/624/365
f 1216/624/365 1212/647/365 1217/651/365
f 1214/649/365 1217/651/365 1212/647/365
f 1217/651/365 1214/649/365 1218/652/365
f 1215/650/365 1216/624/365 1219/614/365
f 1219/614/365 1220/646/365 1215/650/365
f 1221/621/365 1222/648/365 1223/650/365
f 1222/648/365 1224/647/365 1223/650/365
f 1225/575/365 1226/646/365 1227/644/365
f 1226/646/365 1225/575/365 1228/576/365
f 1229/646/365 1230/576/365 1231/621/365
f 1231/621/365 1232/650/365 1229/646/365
f 1233/644/365 1234/653/365 1235/575/365
f 1234/653/365 1233/644/365 1236/643/365
f 1237/634/391 1238/640/392 1239/654/391
f 1238/640/392 1237/634/391 1240/635/392
f 1241/634/393 1242/654/394 1243/633/393
f 1242/654/394 1244/636/394 1243/633/393
f 1245/639/395 1246/626/396 1247/641/396
f 1246/626/396 1245/639/395 1248/628/395
f 1249/572/397 1250/623/330 1251/600/330
f 1250/623/330 1249/572/397 1252/655/330
f 1253/622/398 1254/656/332 1255/588/399
f 1255/588/399 1256/612/400 1253/622/398
f 1257/637/401 1258/567/402 1259/595/379
f 1258/567/402 1257/637/401 1260/657/403
f 1261/638/404 1262/584/405 1263/658/376
f 1262/584/405 1261/638/404 1264/609/406
f 1265/562/258 1266/655/407 1267/572/407
f 1266/655/407 1265/562/258 1268/659/258
f 1269/581/261 1270/656/408 1271/660/261
f 1270/656/408 1269/581/261 1272/588/261
f 1273/561/409 1274/567/410 1275/657/411
f 1273/561/409 1275/657/411 1276/661/411
f 1277/658/278 1278/578/278 1279/662/412
f 1278/578/278 1277/658/278 1280/584/278
f 1281/562/413 1282/663/235 1283/659/414
f 1282/663/235 1281/562/413 1284/560/235
f 1285/661/245 1286/663/415 1287/560/416
f 1287/560/416 1288/561/417 1285/661/245
f 1289/660/418 1290/577/244 1291/581/419
f 1290/577/244 1289/660/418 1292/664/420
f 1293/577/421 1294/662/422 1295/578/423
f 1294/662/422 1293/577/421 1296/664/424
f 1297/665/425 1298/666/425 1299/667/425
f 1298/666/425 1297/665/425 1300/668/425
f 1298/666/425 1301/669/425 1302/670/425
f 1301/669/425 1298/666/425 1300/668/425
f 1303/671/426 1304/672/426 1305/673/426
f 1305/673/426 1304/672/426 1306/674/426
f 1307/672/426 1308/675/426 1309/674/426
f 1308/675/426 1307/672/426 1310/676/426
f 1311/677/427 1312/676/427 1313/672/427
f 1312/676/427 1311/677/427 1314/678/427
f 1315/679/427 1316/677/427 1317/671/427
f 1317/671/427 1316/677/427 1318/672/428
f 1319/680/429 1320/681/430 1321/682/430
f 1320/681/430 1319/680/429 1322/683/430
f 1323/681/431 1324/684/432 1325/685/432
f 1324/684/432 1323/681/431 1326/683/433
f 1327/686/434 1328/687/435 1329/688/434
f 1327/686/434 1329/688/434 1330/689/434
f 1331/689/436 1332/688/437 1333/690/436
f 1332/688/437 1334/691/436 1333/690/436
f 1335/667/438 1336/666/439 1337/692/439
f 1337/692/439 1336/666/439 1338/693/440
f 1336/666/439 1339/694/439 1338/693/440
f 1339/694/439 1336/666/439 1340/670/438
f 1341/695/441 1342/686/442 1343/689/443
f 1343/689/443 1344/696/442 1341/695/441
f 1345/696/444 1346/689/445 1347/697/446
f 1346/689/445 1348/690/445 1347/697/446
f 1349/698/447 1350/699/448 1351/700/447
f 1350/699/448 1349/698/447 1352/701/447
f 1353/702/447 1350/699/448 1352/701/447
f 1354/699/447 1355/702/447 1356/703/447
f 1357/687/449 1358/704/449 1359/705/449
f 1357/687/449 1359/705/449 1360/688/449
f 1361/706/450 1362/691/450 1363/705/450
f 1364/688/450 1363/705/450 1362/691/450
f 1365/707/451 1366/682/451 1367/681/451
f 1365/707/451 1367/681/451 1368/708/451
f 1369/685/452 1370/709/453 1371/681/452
f 1372/708/453 1371/681/452 1370/709/453
f 1373/679/454 1374/710/454 1375/711/454
f 1373/679/454 1375/711/454 1376/677/454
f 1375/711/454 1377/678/454 1376/677/454
f 1377/678/454 1375/711/454 1378/712/455
f 1379/713/456 1380/705/456 1381/704/456
f 1380/705/456 1379/713/456 1382/714/456
f 1383/705/457 1384/715/457 1385/706/457
f 1384/715/457 1383/705/457 1386/714/457
f 1387/692/458 1388/693/458 1389/716/458
f 1389/716/458 1388/693/458 1390/717/458
f 1388/693/458 1391/718/458 1390/717/458
f 1391/718/458 1388/693/458 1392/694/458
f 1393/709/459 1394/714/460 1395/708/460
f 1394/714/460 1393/709/459 1396/715/460
f 1397/707/460 1398/714/460 1399/713/460
f 1398/714/460 1397/707/460 1400/708/460
f 1401/693/461 1402/698/461 1403/719/461
f 1402/698/461 1401/693/461 1404/701/461
f 1401/693/461 1405/702/461 1404/701/461
f 1405/702/461 1401/693/461 1406/720/461
f 1407/721/462 1408/722/462 1409/723/462
f 1409/723/462 1408/722/462 1410/677/462
f 1408/722/462 1411/724/462 1410/677/462
f 1411/724/462 1408/722/462 1412/725/462
f 1413/711/463 1414/726/464 1415/712/463
f 1414/726/464 1413/711/463 1416/727/465
f 1417/728/463 1418/711/464 1419/710/464
f 1418/711/464 1417/728/463 1420/727/464
f 1421/716/466 1422/717/466 1423/729/466
f 1423/729/466 1422/717/466 1424/730/466
f 1422/717/466 1425/731/466 1424/730/466
f 1425/731/466 1422/717/466 1426/718/466
f 1427/730/467 1428/732/468 1429/729/469
f 1428/732/468 1427/730/467 1430/733/468
f 1427/730/467 1431/734/470 1430/733/468
f 1431/734/470 1427/730/467 1432/731/470
f 1433/677/471 1434/735/472 1435/723/473
f 1434/735/472 1433/677/471 1436/736/473
f 1433/677/471 1437/737/440 1436/736/473
f 1437/737/440 1433/677/471 1438/724/438
f 1439/738/474 1440/719/475 1441/739/475
f 1440/719/475 1439/738/474 1442/693/476
f 1439/738/474 1443/720/475 1442/693/476
f 1443/720/475 1439/738/474 1444/740/474
f 1445/740/477 1446/741/477 1447/742/477
f 1448/743/478 1449/741/478 1450/739/478
f 1450/739/478 1449/741/478 1451/738/477
f 1449/741/478 1452/740/478 1451/738/477
f 1453/744/479 1454/745/480 1455/746/479
f 1455/746/479 1454/745/480 1456/747/480
f 1454/745/480 1457/748/479 1456/747/480
f 1457/748/479 1454/745/480 1458/749/481
f 1459/750/482 1460/744/482 1461/751/482
f 1460/744/482 1459/750/482 1462/745/482
f 1463/750/482 1464/749/482 1465/745/482
f 1464/749/482 1463/750/482 1466/752/482
f 1467/746/483 1468/747/483 1469/753/483
f 1469/753/483 1468/747/483 1470/754/483
f 1468/747/483 1471/755/483 1470/754/483
f 1471/755/483 1468/747/483 1472/748/483
f 1473/756/481 1474/757/479 1475/758/479
f 1475/758/479 1474/757/479 1476/745/481
f 1474/757/479 1477/759/481 1476/745/481
f 1477/759/481 1474/757/479 1478/760/479
f 1479/758/484 1480/745/484 1481/761/482
f 1481/761/482 1480/745/484 1482/762/482
f 1480/745/484 1483/763/485 1482/762/482
f 1483/763/485 1480/745/484 1484/759/485
f 1485/764/486 1486/765/487 1487/766/486
f 1485/764/486 1487/766/486 1488/767/486
f 1489/768/488 1490/769/488 1491/766/488
f 1492/767/489 1491/766/488 1490/769/488
f 1493/769/490 1494/770/490 1495/767/490
f 1494/770/490 1493/769/490 1496/771/490
f 1497/764/490 1498/770/490 1499/772/490
f 1498/770/490 1497/764/490 1500/767/490
f 1501/761/491 1502/762/492 1503/773/426
f 1503/773/426 1502/762/492 1504/774/426
f 1502/762/492 1505/775/426 1504/774/426
f 1505/775/426 1502/762/492 1506/763/492
f 1507/776/493 1508/777/493 1509/778/493
f 1509/778/493 1508/777/493 1510/779/494
f 1508/777/493 1511/780/493 1510/779/494
f 1511/780/493 1508/777/493 1512/781/494
f 1513/782/495 1514/783/496 1515/784/479
f 1515/784/479 1514/783/496 1516/785/479
f 1514/783/496 1517/786/480 1516/785/479
f 1517/786/480 1514/783/496 1518/787/495
f 1519/784/482 1520/785/497 1521/788/498
f 1521/788/498 1520/785/497 1522/789/482
f 1520/785/497 1523/790/482 1522/789/482
f 1523/790/482 1520/785/497 1524/786/498
f 1525/791/499 1526/792/499 1527/793/499
f 1526/792/499 1525/791/499 1528/794/499
f 1529/795/500 1530/796/501 1531/797/500
f 1530/796/501 1532/798/501 1531/797/500
f 1533/799/502 1534/791/502 1535/793/502
f 1534/791/502 1533/799/502 1536/800/503
f 1537/798/504 1538/801/504 1539/802/504
f 1540/796/504 1538/801/504 1537/798/504
f 1541/794/505 1542/803/506 1543/792/505
f 1542/803/506 1544/804/507 1543/792/505
f 1545/805/508 1546/797/509 1547/806/510
f 1546/797/509 1545/805/508 1548/795/511
f 1549/807/512 1550/808/512 1551/809/513
f 1550/808/512 1549/807/512 1552/810/512
f 1553/799/514 1554/811/515 1555/800/516
f 1554/811/515 1553/799/514 1556/812/517
f 1557/813/518 1558/801/519 1559/814/520
f 1558/801/519 1557/813/518 1560/802/521
f 1561/815/522 1562/816/523 1563/817/524
f 1562/816/523 1561/815/522 1564/818/522
f 1565/819/525 1566/808/526 1567/820/527
f 1566/808/526 1568/810/526 1567/820/527
f 1569/821/528 1570/817/529 1571/816/530
f 1570/817/529 1569/821/528 1572/822/528
f 1573/823/531 1574/824/531 1575/825/531
f 1576/797/532 1577/826/533 1578/827/534
f 1577/826/533 1576/797/532 1579/798/533
f 1580/826/535 1581/802/536 1582/828/536
f 1583/798/537 1581/802/536 1580/826/535
f 1584/829/538 1585/809/539 1586/830/540
f 1585/809/539 1584/829/538 1587/807/539
f 1588/831/541 1589/818/541 1590/815/541
f 1591/832/541 1589/818/541 1588/831/541
f 1592/806/542 1593/827/543 1594/833/544
f 1593/827/543 1592/806/542 1595/797/543
f 1596/814/545 1597/834/545 1598/813/546
f 1597/834/545 1596/814/545 1599/835/545
f 1600/819/547 1601/836/548 1602/837/549
f 1601/836/548 1600/819/547 1603/820/550
f 1604/828/551 1605/813/551 1606/838/551
f 1605/813/551 1604/828/551 1607/802/552
f 1608/792/553 1609/839/553 1610/793/553
f 1609/839/553 1608/792/553 1611/840/554
f 1612/841/555 1613/842/556 1614/843/557
f 1615/844/558 1614/843/557 1613/842/556
f 1616/821/559 1617/845/560 1618/822/561
f 1617/845/560 1616/821/559 1619/846/560
f 1620/847/562 1621/793/562 1622/839/562
f 1621/793/562 1620/847/562 1623/799/563
f 1624/848/564 1625/811/565 1626/849/565
f 1625/811/565 1627/812/564 1626/849/565
f 1628/792/566 1629/804/566 1630/840/567
f 1629/804/566 1631/850/567 1630/840/567
f 1632/847/568 1633/812/568 1634/799/569
f 1633/812/568 1632/847/568 1635/851/570
f 1636/824/571 1637/852/572 1638/853/573
f 1637/852/572 1636/824/571 1639/854/571
f 1640/835/574 1641/855/575 1642/834/575
f 1641/855/575 1640/835/574 1643/856/575
f 1644/806/576 1645/857/576 1646/805/576
f 1645/857/576 1644/806/576 1647/858/577
f 1648/804/578 1649/859/578 1650/860/578
f 1651/803/578 1649/859/578 1648/804/578
f 1652/833/579 1653/858/579 1654/806/580
f 1653/858/579 1652/833/579 1655/861/579
f 1656/862/581 1657/863/582 1658/864/581
f 1657/863/582 1656/862/581 1659/865/582
f 1660/813/583 1661/866/583 1662/838/583
f 1661/866/583 1660/813/583 1663/834/584
f 1664/862/585 1665/867/586 1666/868/587
f 1665/867/586 1664/862/585 1667/864/588
f 1668/869/589 1669/859/590 1670/870/589
f 1669/859/590 1668/869/589 1671/860/590
f 1672/871/591 1673/823/591 1674/872/591
f 1675/873/592 1676/848/593 1677/874/592
f 1676/848/593 1678/849/593 1677/874/592
f 1679/850/594 1680/860/594 1681/875/594
f 1682/804/594 1680/860/594 1679/850/594
f 1683/876/595 1684/857/595 1685/858/596
f 1686/877/595 1684/857/595 1683/876/595
f 1687/849/597 1688/851/597 1689/878/597
f 1688/851/597 1687/849/597 1690/812/597
f 1691/879/598 1692/863/598 1693/880/599
f 1694/865/600 1693/880/599 1692/863/598
f 1695/881/601 1696/843/602 1697/882/603
f 1696/843/602 1695/881/601 1698/841/604
f 1699/834/605 1700/832/605 1701/866/605
f 1700/832/605 1699/834/605 1702/855/605
f 1703/881/606 1704/883/606 1705/841/606
f 1704/883/606 1703/881/606 1706/867/606
f 1707/884/607 1708/872/607 1709/885/607
f 1708/872/607 1707/884/607 1710/871/607
f 1711/886/608 1712/885/609 1713/887/610
f 1712/885/609 1711/886/608 1714/884/609
f 1715/860/611 1716/837/611 1717/875/611
f 1716/837/611 1715/860/611 1718/869/611
f 1719/830/612 1720/888/613 1721/829/614
f 1720/888/613 1719/830/612 1722/878/615
f 1723/866/616 1724/832/617 1725/889/617
f 1724/832/617 1726/831/618 1725/889/617
f 1727/890/619 1728/854/619 1729/891/619
f 1728/854/619 1727/890/619 1730/852/620
f 1731/846/621 1732/858/621 1733/861/621
f 1734/876/621 1732/858/621 1731/846/621
f 1735/881/622 1736/868/623 1737/867/623
f 1736/868/623 1735/881/622 1738/882/624
f 1739/880/625 1740/891/626 1741/879/625
f 1740/891/626 1739/880/625 1742/890/626
f 1743/816/627 1744/892/627 1745/893/627
f 1743/816/627 1745/893/627 1746/821/628
f 1747/830/605 1748/874/605 1749/849/605
f 1747/830/605 1749/849/605 1750/878/605
f 1751/818/629 1752/892/630 1753/816/629
f 1752/892/630 1751/818/629 1754/894/630
f 1755/823/631 1756/871/631 1757/895/631
f 1758/884/632 1757/895/631 1756/871/631
f 1759/824/633 1760/823/634 1761/854/634
f 1761/854/634 1760/823/634 1762/895/634
f 1763/876/635 1764/893/635 1765/877/635
f 1766/896/635 1765/877/635 1764/893/635
f 1767/863/636 1768/883/636 1769/864/637
f 1768/883/636 1770/867/636 1769/864/637
f 1771/818/638 1772/855/638 1773/894/639
f 1772/855/638 1771/818/638 1774/832/638
f 1775/886/640 1776/897/641 1777/884/641
f 1776/897/641 1778/895/641 1777/884/641
f 1779/869/642 1780/819/642 1781/837/642
f 1780/819/642 1779/869/642 1782/898/642
f 1783/893/643 1784/876/644 1785/821/644
f 1784/876/644 1786/846/645 1785/821/644
f 1787/899/646 1788/879/646 1789/897/646
f 1790/891/646 1789/897/646 1788/879/646
f 1791/842/647 1792/899/648 1793/886/649
f 1794/897/648 1793/886/649 1792/899/648
f 1795/819/650 1796/898/650 1797/900/650
f 1797/900/650 1798/808/650 1795/819/650
f 1799/841/651 1800/899/651 1801/842/651
f 1800/899/651 1799/841/651 1802/883/651
f 1803/887/652 1804/844/653 1805/842/653
f 1805/842/653 1806/886/654 1803/887/652
f 1807/900/655 1808/901/656 1809/808/655
f 1808/901/656 1810/809/655 1809/808/655
f 1811/854/657 1812/895/658 1813/891/657
f 1814/897/658 1813/891/657 1812/895/658
f 1815/870/659 1816/898/659 1817/869/660
f 1816/898/659 1815/870/659 1818/902/661
f 1819/903/662 1820/846/663 1821/861/664
f 1820/846/663 1819/903/662 1822/845/663
f 1823/904/665 1824/837/666 1825/836/667
f 1824/837/666 1823/904/665 1826/875/668
f 1827/809/669 1828/874/669 1829/830/669
f 1828/874/669 1827/809/669 1830/901/669
f 1831/894/670 1832/856/671 1833/905/670
f 1832/856/671 1831/894/670 1834/855/671
f 1835/883/672 1836/863/673 1837/899/673
f 1838/879/673 1837/899/673 1836/863/673
f 1839/901/674 1840/873/675 1841/874/675
f 1840/873/675 1839/901/674 1842/906/675
f 1843/907/676 1844/896/676 1845/892/676
f 1844/896/676 1846/893/676 1845/892/676
f 1847/901/677 1848/900/678 1849/906/677
f 1850/908/679 1849/906/677 1848/900/678
f 1851/902/680 1852/908/681 1853/898/682
f 1852/908/681 1854/900/682 1853/898/682
f 1855/892/683 1856/905/683 1857/907/683
f 1856/905/683 1855/892/683 1858/894/684
f 1859/838/685 1860/889/686 1861/909/686
f 1860/889/686 1859/838/685 1862/866/686
f 1863/878/687 1864/851/617 1865/888/688
f 1864/851/617 1866/910/689 1865/888/688
f 1867/903/690 1868/833/691 1869/911/690
f 1868/833/691 1867/903/690 1870/861/692
f 1871/904/693 1872/850/694 1873/875/693
f 1872/850/694 1871/904/693 1874/912/695
f 1875/909/539 1876/828/539 1877/838/539
f 1876/828/539 1875/909/539 1878/913/539
f 1879/910/696 1880/847/697 1881/914/541
f 1882/851/541 1880/847/697 1879/910/696
f 1883/827/548 1884/911/698 1885/833/698
f 1884/911/698 1883/827/548 1886/915/548
f 1887/840/699 1888/912/560 1889/916/560
f 1888/912/560 1887/840/699 1890/850/560
f 1891/917/700 1892/828/700 1893/913/700
f 1894/826/700 1892/828/700 1891/917/700
f 1895/827/701 1896/826/702 1897/915/702
f 1896/826/702 1898/917/526 1897/915/702
f 1899/914/703 1900/839/524 1901/918/704
f 1900/839/524 1899/914/703 1902/847/705
f 1903/839/706 1904/916/707 1905/918/530
f 1904/916/707 1903/839/706 1906/840/708
f 1907/703/709 1908/701/709 1909/702/710
f 1908/701/709 1907/703/709 1910/699/709
f 1911/701/709 1912/700/709 1913/698/710
f 1912/700/709 1911/701/709 1914/699/709
f 1915/725/711 1916/722/712 1917/919/712
f 1917/919/712 1916/722/712 1918/920/712
f 1916/722/712 1919/921/711 1918/920/712
f 1919/921/711 1916/722/712 1920/721/713
f 1921/922/714 1922/923/714 1923/924/714
f 1922/923/714 1921/922/714 1924/925/714
f 1925/926/715 1926/923/716 1927/925/715
f 1926/923/716 1925/926/715 1928/927/716
f 1929/922/305 1930/924/305 1931/928/305
f 1932/927/717 1933/926/717 1934/929/717
f 1935/672/718 1936/678/718 1937/676/718
f 1936/678/718 1935/672/718 1938/677/718
f 1935/672/718 1939/679/718 1938/677/718
f 1939/679/718 1935/672/718 1940/671/718
f 1941/694/719 1942/930/719 1943/931/719
f 1941/694/719 1943/931/719 1944/693/719
f 1943/931/719 1945/692/719 1944/693/719
f 1945/692/719 1943/931/719 1946/932/719
f 1947/694/720 1948/693/720 1949/670/720
f 1949/670/720 1948/693/720 1950/666/720
f 1948/693/720 1951/667/720 1950/666/720
f 1951/667/720 1948/693/720 1952/692/720
f 1953/677/721 1954/933/721 1955/678/721
f 1954/933/721 1953/677/721 1956/934/721
f 1953/677/721 1957/935/721 1956/934/721
f 1957/935/721 1953/677/721 1958/679/721
f 1959/936/722 1960/937/723 1961/938/722
f 1960/937/723 1959/936/722 1962/939/723
f 1963/940/722 1964/937/723 1965/941/723
f 1964/937/723 1963/940/722 1966/938/724
f 1967/941/725 1968/925/726 1969/922/727
f 1968/925/726 1967/941/725 1970/937/725
f 1971/939/726 1972/925/725 1973/937/725
f 1972/925/725 1971/939/726 1974/926/725
f 1975/940/728 1976/942/728 1977/943/728
f 1975/940/728 1977/943/728 1978/938/728
f 1979/944/728 1980/936/728 1981/943/728
f 1982/938/728 1981/943/728 1980/936/728
f 1983/702/729 1984/701/729 1985/720/729
f 1985/720/729 1984/701/729 1986/693/729
f 1984/701/729 1987/719/729 1986/693/729
f 1987/719/729 1984/701/729 1988/698/729
f 1989/724/730 1990/677/730 1991/725/730
f 1991/725/730 1990/677/730 1992/722/730
f 1990/677/730 1993/721/730 1992/722/730
f 1993/721/730 1990/677/730 1994/723/730
f 1995/933/731 1996/945/731 1997/946/731
f 1996/945/731 1995/933/731 1998/934/731
f 1996/945/731 1999/935/731 2000/947/731
f 1999/935/731 1996/945/731 1998/934/731
f 2001/930/732 2002/948/732 2003/949/732
f 2001/930/732 2003/949/732 2004/931/733
f 2003/949/732 2005/932/732 2004/931/733
f 2005/932/732 2003/949/732 2006/950/732
f 2007/737/729 2008/736/734 2009/724/735
f 2009/724/735 2008/736/734 2010/677/735
f 2008/736/734 2011/723/736 2010/677/735
f 2011/723/736 2008/736/734 2012/735/737
f 2013/720/738 2014/693/739 2015/740/740
f 2015/740/740 2014/693/739 2016/738/738
f 2014/693/739 2017/739/740 2016/738/738
f 2017/739/740 2014/693/739 2018/719/738
f 2019/951/709 2020/737/741 2021/952/742
f 2020/737/741 2019/951/709 2022/736/741
f 2019/951/709 2023/735/709 2022/736/741
f 2023/735/709 2019/951/709 2024/953/742
f 2025/740/713 2026/738/743 2027/742/743
f 2027/742/743 2026/738/743 2028/741/744
f 2026/738/743 2029/743/743 2028/741/744
f 2030/743/745 2031/738/745 2032/739/745
f 2033/954/746 2034/785/746 2035/955/746
f 2034/785/746 2033/954/746 2036/956/747
f 2034/785/746 2037/957/748 2038/958/746
f 2037/957/748 2034/785/746 2036/956/747
f 2039/955/749 2040/785/750 2041/959/749
f 2041/959/749 2040/785/750 2042/960/751
f 2040/785/750 2043/961/751 2042/960/751
f 2043/961/751 2040/785/750 2044/958/750
f 2045/962/742 2046/956/742 2047/954/742
f 2046/956/742 2045/962/742 2048/963/742
f 2046/956/742 2049/964/742 2050/957/742
f 2049/964/742 2046/956/742 2048/963/742
f 2051/786/752 2052/785/752 2053/787/753
f 2053/787/753 2052/785/752 2054/783/753
f 2052/785/752 2055/782/753 2054/783/753
f 2055/782/753 2052/785/752 2056/784/752
f 2057/789/754 2058/786/754 2059/790/754
f 2058/786/754 2057/789/754 2060/785/755
f 2057/789/754 2061/784/754 2060/785/755
f 2061/784/754 2057/789/754 2062/788/749
f 2063/965/756 2064/966/756 2065/967/756
f 2066/968/756 2065/967/756 2064/966/756
f 2067/969/757 2068/970/757 2069/967/757
f 2067/969/757 2069/967/757 2070/968/758
f 2071/970/759 2072/969/759 2073/971/759
f 2074/966/531 2075/965/531 2076/972/531
f 2077/973/760 2078/974/760 2079/975/760
f 2078/974/760 2077/973/760 2080/976/761
f 2078/974/760 2081/977/760 2082/978/760
f 2081/977/760 2078/974/760 2080/976/761
f 2083/979/762 2084/975/762 2085/974/762
f 2083/979/762 2085/974/762 2086/980/763
f 2085/974/762 2087/981/762 2086/980/763
f 2087/981/762 2085/974/762 2088/978/763
f 2089/775/447 2090/762/425 2091/763/447
f 2090/762/425 2089/775/447 2092/774/764
f 2090/762/425 2093/773/764 2094/761/447
f 2093/773/764 2090/762/425 2092/774/764
f 2095/745/746 2096/760/752 2097/759/752
f 2096/760/752 2095/745/746 2098/757/746
f 2095/745/746 2099/756/752 2098/757/746
f 2099/756/752 2095/745/746 2100/758/746
f 2101/762/750 2102/759/750 2103/763/765
f 2102/759/750 2101/762/750 2104/745/750
f 2101/762/750 2105/758/766 2104/745/750
f 2105/758/766 2101/762/750 2106/761/766
o windshield
v -0.570390 1.799579 0.858926
v -0.570390 1.838409 2.057924
v -0.570390 2.314679 1.032930
v -0.450395 2.292499 0.601930
v -0.570390 1.214119 2.905931
v -0.570390 1.838409 2.057924
v -0.570390 1.493929 1.338930
v -0.570390 1.799579 0.858926
v -0.003389 1.807499 0.761926
v -0.003389 1.917509 2.257928
v -0.003389 2.495548 1.060930
v -0.003389 2.382259 0.445924
v -0.003389 1.420019 1.300928
v -0.003389 1.191429 3.279924
v 0.563612 1.214119 2.905931
v -0.003389 1.917509 2.257928
v -0.003389 1.191429 3.279924
v 0.563612 1.838409 2.057924
v -0.570390 1.214119 2.905931
v -0.003389 1.917509 2.257928
v -0.570390 1.838409 2.057924
v -0.003389 1.191429 3.279924
v 0.563612 1.838409 2.057924
v 0.563612 2.314679 1.032930
v -0.003389 1.917509 2.257928
v -0.003389 2.495548 1.060930
v -0.570390 2.314679 1.032930
v -0.570390 1.838409 2.057924
v -0.003389 1.917509 2.257928
v -0.003389 2.495548 1.060930
v -0.003389 2.495548 1.060930
v -0.450395 2.292499 0.601930
v -0.570390 2.314679 1.032930
v -0.003389 2.382259 0.445924
v -0.003389 2.382259 0.445924
v -0.003389 2.495548 1.060930
v 0.443602 2.292499 0.601930
v 0.563612 2.314679 1.032930
v 0.563612 1.838409 2.057924
v 0.563613 1.799579 0.858926
v 0.563612 2.314679 1.032930
v 0.443602 2.292499 0.601930
v 0.563613 1.799579 0.858926
v 0.563612 1.838409 2.057924
v 0.563613 1.493929 1.338930
v 0.563612 1.214119 2.905931
v -0.003389 1.807499 0.761926
v 0.443602 2.292499 0.601930
v 0.563613 1.799579 0.858926
v -0.003389 2.382259 0.445924
v -0.450395 2.292499 0.601930
v -0.003389 1.807499 0.761926
v -0.570390 1.799579 0.858926
v -0.003389 2.382259 0.445924
v -0.570390 1.214119 2.905931
v -0.570390 1.493929 1.338930
v -0.003389 1.420019 1.300928
v -0.003389 1.191429 3.279924
v 0.563613 1.493929 1.338930
v 0.563612 1.214119 2.905931
v -0.003389 1.420019 1.300928
v -0.003389 1.191429 3.279924
v -0.003389 1.420019 1.300928
v 0.563613 1.799579 0.858926
v 0.563613 1.493929 1.338930
v -0.003389 1.807499 0.761926
v -0.570390 1.799579 0.858926
v -0.003389 1.420019 1.300928
v -0.570390 1.493929 1.338930
v -0.003389 1.807499 0.761926
vn -0.9972 0.0236 -0.0707
vn -0.9972 0.0235 -0.0706
vn -1.0000 -0.0000 -0.0000
vn 0.3223 0.7703 0.5502
vn -0.3223 0.7703 0.5503
vn -0.3223 0.7703 0.5502
vn 0.2837 0.8669 0.4098
vn -0.2837 0.8669 0.4098
vn -0.2744 0.9487 -0.1568
vn 0.2744 0.9487 -0.1568
vn 0.2744 0.9488 -0.1568
vn 0.9972 0.0235 -0.0707
vn 0.9972 0.0236 -0.0707
vn 1.0000 -0.0000 -0.0000
vn 0.1736 -0.4498 -0.8761
vn 0.1737 -0.4499 -0.8760
vn 0.1736 -0.4499 -0.8761
vn 0.1736 -0.4499 -0.8760
vn -0.1736 -0.4499 -0.8760
vn -0.1736 -0.4498 -0.8761
vn -0.1736 -0.4499 -0.8761
vn -0.0393 -0.9892 -0.1413
vn -0.0392 -0.9892 -0.1413
vn 0.0393 -0.9892 -0.1413
vn 0.0392 -0.9892 -0.1413
vn 0.1183 -0.8201 -0.5599
vn -0.1183 -0.8201 -0.5599
vt 47.918098 -17.087000
vt 48.010700 -16.969200
vt 47.882702 -17.028999
vt 47.850201 -17.072001
vt 48.138699 -16.938299
vt 47.985901 -17.065701
vt 47.909500 -17.095699
vt 48.019299 -16.943701
vt 47.867599 -17.011801
vt 47.829102 -17.079700
vt 47.989899 -17.075300
vt 48.170898 -16.904301
vt 48.070900 -17.138700
vt 48.000000 -17.019300
vt 48.000000 -17.170900
vt 48.070900 -17.010700
vt 47.929100 -17.138700
vt 47.929100 -17.010700
vt 48.070900 -16.882700
vt 48.000000 -16.867599
vt 47.929100 -16.882700
vt 48.000000 -17.011801
vt 48.055901 -17.072001
vt 48.070900 -17.028999
vt 48.000000 -17.079700
vt 47.944099 -17.072001
vt 47.929100 -17.028999
vt 47.989300 -16.969200
vt 48.081902 -17.087000
vt 48.117298 -17.028999
vt 48.149799 -17.072001
vt 48.014099 -17.065701
vt 47.861301 -16.938299
vt 48.000000 -16.909500
vt 47.944099 -16.850201
vt 47.929100 -16.918100
vt 48.000000 -16.829100
vt 48.055901 -16.850201
vt 48.070900 -16.918100
vt 48.070900 -16.985901
vt 48.000000 -16.989901
vt 47.929100 -16.985901
s 1
usemtl Control1Mtl.002
f 2107/982/767 2108/983/768 2109/984/767
f 2107/982/767 2109/984/767 2110/985/767
f 2111/986/769 2112/983/769 2113/987/769
f 2112/983/769 2114/982/769 2113/987/769
f 2115/988/769 2116/989/769 2117/990/769
f 2115/988/769 2117/990/769 2118/991/769
f 2116/989/769 2115/988/769 2119/992/769
f 2119/992/769 2120/993/769 2116/989/769
f 2121/994/770 2122/995/770 2123/996/770
f 2122/995/770 2121/994/770 2124/997/770
f 2125/998/771 2126/995/772 2127/999/772
f 2126/995/772 2125/998/771 2128/996/772
f 2129/997/773 2130/1000/773 2131/995/773
f 2132/1001/773 2131/995/773 2130/1000/773
f 2133/1002/774 2134/999/774 2135/995/774
f 2135/995/774 2136/1001/774 2133/1002/774
f 2137/1003/775 2138/1004/775 2139/1005/775
f 2138/1004/775 2137/1003/775 2140/1006/775
f 2141/1006/776 2142/1003/776 2143/1007/777
f 2142/1003/776 2144/1008/776 2143/1007/777
f 2145/1009/778 2146/1010/779 2147/1011/779
f 2146/1010/779 2148/1012/779 2147/1011/779
f 2149/1010/780 2150/1009/780 2151/1013/780
f 2152/1014/780 2151/1013/780 2150/1009/780
f 2153/1015/781 2154/1016/782 2155/1017/783
f 2154/1016/782 2153/1015/781 2156/1018/784
f 2157/1019/785 2158/1015/786 2159/1020/787
f 2158/1015/786 2157/1019/785 2160/1018/787
f 2161/994/788 2162/1021/788 2163/1022/788
f 2163/1022/788 2164/996/789 2161/994/788
f 2165/1023/790 2166/998/790 2167/1022/790
f 2168/996/791 2167/1022/790 2166/998/790
f 2169/1022/792 2170/1017/792 2171/1023/792
f 2170/1017/792 2169/1022/792 2172/1015/792
f 2173/1020/793 2174/1022/793 2175/1021/793
f 2174/1022/793 2173/1020/793 2176/1015/793
