# This file is brought to you by Roblox Corporation
# Generated by Roblox Studio

mtllib light.mtl

g Led1

v 117.103 4.75847 245.721 
v 116.968 5.25462 245.721 
v 116.968 5.25462 244.691 
v 117.103 4.75847 244.691 
v 116.968 5.25462 244.873 
v 117.103 4.75847 244.873 
v 117.16 5.98979 245.721 
v 117.16 5.98979 244.691 
v 117.16 5.98979 244.873 
v 117.695 6.53045 244.691 
v 117.695 6.53045 244.873 
v 117.695 6.53045 245.721 
v 117.695 6.53045 245.538 
v 127.64 4.52142 245.206 
v 127.841 5.26284 245.206 
v 127.466 4.70509 245.206 
v 127.622 5.29304 245.206 
v 127.648 5.96951 245.314 
v 127.461 5.87758 245.206 
v 127.105 4.01745 245.206 
v 127.105 4.01745 245.097 
v 127.105 4.01745 245.314 
v 127.03 4.28955 245.206 
v 127.096 6.51131 245.206 
v 127.096 6.51131 245.314 
v 127.095 4.15845 245.102 
v 127.095 4.15845 245.31 
v 118.163 6.68267 245.721 
v 118.163 6.68267 244.691 
v 118.163 6.68267 244.873 
v 120.351 7.14167 245.8 
v 120.202 7.08674 245.8 
v 125.672 6.48125 245.206 
v 125.672 6.62695 245.206 
v 121.317 4.81839 246.058 
v 121.393 5.34176 246.009 
v 120.54 6.67709 245.931 
v 120.645 6.51681 245.948 
v 126.378 6.70929 245.206 
v 126.378 6.70929 245.314 
v 125.25 6.22666 246.114 
v 125.338 6.38611 246.114 
v 126.419 6.47242 245.206 
v 121.644 5.68447 245.954 
v 121.847 5.05145 246.048 
v 120.957 6.22985 245.989 
v 124.901 5.76761 246.102 
v 124.981 5.90564 246.102 
v 120.202 7.08674 245.8 
v 120.54 6.67709 245.931 
v 120.351 7.14167 245.8 
v 120.681 6.75149 245.931 
v 121.476 4.45258 245.831 
v 121.477 4.81839 246.058 
v 121.317 4.81839 246.058 
v 121.318 4.43375 245.831 
v 121.945 5.3157 246.048 
v 125.547 6.71895 245.206 
v 125.547 6.71895 245.314 
v 120.645 6.51681 245.948 
v 120.957 6.22985 245.989 
v 120.786 6.5912 245.948 
v 121.028 6.37265 245.989 
v 121.348 6.31143 246.019 
v 121.028 6.37265 245.989 
v 121.315 6.15545 246.019 
v 120.957 6.22985 245.989 
v 122.298 5.08227 246.078 
v 121.878 5.18358 246.048 
v 121.847 5.05145 246.048 
v 122.325 5.21132 246.078 
v 121.549 5.30813 246.022 
v 121.644 5.68447 245.954 
v 121.393 5.34176 246.009 
v 121.754 5.56957 246.003 
v 120.681 6.75149 245.931 
v 120.54 6.67709 245.931 
v 120.645 6.51681 245.948 
v 120.786 6.5912 245.948 
v 123.814 5.71813 246.102 
v 123.867 5.85475 246.102 
v 123.704 5.71275 246.102 
v 123.994 5.85973 246.102 
v 124.981 5.90564 246.102 
v 123.994 5.85973 246.102 
v 124.901 5.76761 246.102 
v 123.814 5.71813 246.102 
v 123.365 5.15625 246.102 
v 123.368 5.4052 246.102 
v 123.023 5.13856 246.104 
v 123.414 5.40818 246.102 
v 123.023 5.13856 246.104 
v 123.368 5.4052 246.102 
v 123.038 5.38352 246.09 
v 122.989 5.13159 246.09 
v 123.412 5.5285 246.09 
v 123.081 5.50681 246.09 
v 123.368 5.4052 246.102 
v 123.038 5.38352 246.09 
v 122.748 5.11309 246.078 
v 122.325 5.21132 246.078 
v 122.298 5.08227 246.078 
v 122.773 5.23906 246.078 
v 123.414 5.40818 246.102 
v 123.457 5.53147 246.094 
v 123.412 5.5285 246.09 
v 123.368 5.4052 246.102 
v 123.867 5.85475 246.102 
v 122.143 5.78696 245.954 
v 123.704 5.71275 246.102 
v 122.204 5.63969 246.003 
v 122.223 5.439 246.048 
v 122.371 5.34036 246.048 
v 122.532 5.46366 246.048 
v 121.945 5.3157 246.048 
v 125.338 6.38611 246.114 
v 124.747 6.38098 246.082 
v 125.25 6.22666 246.114 
v 124.544 6.22152 246.082 
v 122.325 5.21132 246.078 
v 121.945 5.3157 246.048 
v 121.878 5.18358 246.048 
v 122.371 5.34036 246.048 
v 122.773 5.23906 246.078 
v 122.371 5.34036 246.048 
v 122.325 5.21132 246.078 
v 122.798 5.36502 246.078 
v 122.798 5.36502 246.078 
v 122.532 5.46366 246.048 
v 122.371 5.34036 246.048 
v 122.841 5.48832 246.048 
v 121.477 4.81839 246.058 
v 121.393 5.34176 246.009 
v 121.317 4.81839 246.058 
v 121.549 5.30813 246.022 
v 122.143 5.78696 245.954 
v 121.754 5.56957 246.003 
v 122.204 5.63969 246.003 
v 121.644 5.68447 245.954 
v 121.829 6.17242 246.009 
v 121.348 6.31143 246.019 
v 121.315 6.15545 246.019 
v 121.925 6.32929 246.023 
v 124.544 6.22152 246.082 
v 124.235 6.36738 245.933 
v 123.891 6.20793 245.933 
v 124.747 6.38098 246.082 
v 123.057 6.38098 245.86 
v 117.695 6.53045 245.721 
v 117.269 5.92523 245.721 
v 117.769 6.42846 245.721 
v 117.16 5.98979 245.721 
v 117.769 6.42846 245.721 
v 118.163 6.68267 245.721 
v 117.695 6.53045 245.721 
v 118.205 6.55024 245.721 
v 116.968 5.25462 245.721 
v 117.103 4.75847 245.721 
v 117.094 5.25277 245.721 
v 117.219 4.80777 245.721 
v 117.16 5.98979 245.721 
v 116.968 5.25462 245.721 
v 117.269 5.92523 245.721 
v 117.094 5.25277 245.721 
v 117.219 4.80777 244.691 
v 117.269 5.92523 244.691 
v 117.769 6.42846 244.691 
v 122.779 6.22152 245.86 
v 121.925 6.32929 246.023 
v 121.829 6.17242 246.009 
v 123.057 6.38098 245.86 
v 127.034 4.16092 245.314 
v 127.095 4.15845 245.31 
v 127.03 4.28955 245.31 
v 127.105 4.01745 245.314 
v 127.505 5.89884 245.097 
v 127.622 5.29304 245.102 
v 127.681 5.25912 245.097 
v 127.461 5.87758 245.102 
v 127.466 4.70509 245.102 
v 127.681 5.25912 245.097 
v 127.622 5.29304 245.102 
v 127.51 4.61569 245.097 
v 127.007 6.37793 245.314 
v 127.505 5.89884 245.097 
v 127.007 6.37793 245.097 
v 127.006 6.31535 245.102 
v 127.461 5.87758 245.102 
v 125.672 6.48125 245.31 
v 125.672 6.62695 245.31 
v 125.547 6.55949 245.314 
v 125.547 6.71895 245.314 
v 125.547 6.55949 245.097 
v 127.03 4.28955 245.102 
v 127.51 4.61569 245.097 
v 127.466 4.70509 245.102 
v 127.034 4.16092 245.097 
v 126.378 6.70929 245.314 
v 125.672 6.62695 245.31 
v 126.431 6.61813 245.31 
v 125.547 6.71895 245.314 
v 126.419 6.47242 245.102 
v 127.006 6.31535 245.102 
v 127.007 6.37793 245.097 
v 126.364 6.54983 245.097 
v 126.364 6.54983 245.314 
v 126.378 6.70929 245.206 
v 125.547 6.71895 245.206 
v 126.364 6.54983 245.206 
v 127.096 6.51131 245.206 
v 127.007 6.37793 245.206 
v 125.547 6.55949 245.206 
v 127.505 5.89884 245.206 
v 127.648 5.96951 245.206 
v 127.681 5.25912 245.206 
v 127.841 5.26284 245.206 
v 127.51 4.61569 245.206 
v 127.64 4.52142 245.206 
v 127.034 4.16092 245.206 
v 127.105 4.01745 245.206 
v 126.431 6.61813 245.206 
v 127.087 6.43722 245.206 
v 127.592 5.94215 245.206 
v 127.768 5.29643 245.206 
v 127.584 4.61896 245.206 
v 127.096 6.51131 245.314 
v 126.431 6.61813 245.31 
v 127.087 6.43722 245.31 
v 126.378 6.70929 245.314 
v 127.095 4.15845 245.31 
v 127.64 4.52142 245.314 
v 127.584 4.61896 245.31 
v 127.105 4.01745 245.314 
v 125.672 6.48125 245.102 
v 126.419 6.47242 245.102 
v 126.364 6.54983 245.097 
v 125.547 6.55949 245.097 
v 127.648 5.96951 245.314 
v 127.087 6.43722 245.31 
v 127.592 5.94215 245.31 
v 127.096 6.51131 245.314 
v 127.768 5.29643 245.31 
v 127.584 4.61896 245.31 
v 127.841 5.26284 245.314 
v 127.64 4.52142 245.314 
v 127.592 5.94215 245.31 
v 127.768 5.29643 245.31 
v 127.648 5.96951 245.314 
v 127.841 5.26284 245.314 
v 117.769 6.42846 244.873 
v 118.163 6.68267 244.873 
v 117.695 6.53045 244.873 
v 118.205 6.55024 244.873 
v 117.695 6.53045 244.873 
v 117.269 5.92523 244.873 
v 117.769 6.42846 244.873 
v 117.16 5.98979 244.873 
v 117.16 5.98979 244.873 
v 116.968 5.25462 244.873 
v 117.269 5.92523 244.873 
v 117.094 5.25277 244.873 
v 116.968 5.25462 244.873 
v 117.103 4.75847 244.873 
v 117.094 5.25277 244.873 
v 117.219 4.80777 244.873 
v 117.16 5.98979 245.538 
v 117.16 5.98979 244.873 
v 117.695 6.53045 245.538 
v 127.64 4.52142 245.206 
v 127.466 4.70509 245.206 
v 127.466 4.70509 245.31 
v 127.648 5.96951 245.314 
v 127.461 5.87758 245.206 
v 127.64 4.52142 245.206 
v 127.105 4.01745 245.206 
v 127.105 4.01745 245.097 
v 127.64 4.52142 245.097 
v 127.105 4.01745 245.206 
v 127.64 4.52142 245.206 
v 127.105 4.01745 245.314 
v 127.64 4.52142 245.314 
v 127.466 4.70509 245.31 
v 127.03 4.28955 245.31 
v 127.03 4.28955 245.206 
v 127.466 4.70509 245.206 
v 127.466 4.70509 245.102 
v 127.03 4.28955 245.102 
v 118.163 6.68267 245.721 
v 118.163 6.68267 245.538 
v 118.163 6.68267 244.691 
v 120.351 7.14167 245.8 
v 120.202 7.08441 245.746 
v 120.202 7.08674 245.8 
v 120.202 7.08674 244.612 
v 120.645 6.51448 244.518 
v 120.645 6.51681 244.464 
v 125.25 6.22666 246.114 
v 125.348 6.23179 245.901 
v 121.847 5.05145 244.363 
v 121.847 5.04912 244.418 
v 121.847 5.05145 246.048 
v 121.847 5.04912 245.994 
v 120.645 6.51681 244.464 
v 120.957 6.22753 244.477 
v 120.645 6.51448 244.518 
v 120.957 6.22985 244.423 
v 120.645 6.51681 245.948 
v 120.957 6.22753 245.934 
v 120.957 6.22985 245.989 
v 120.645 6.51448 245.894 
v 121.476 4.45258 244.581 
v 121.477 4.45025 245.206 
v 121.318 4.43142 245.206 
v 121.318 4.43375 244.581 
v 121.318 4.43375 245.831 
v 121.318 4.43142 245.206 
v 121.476 4.45258 245.831 
v 121.477 4.45025 245.206 
v 120.786 6.5912 245.948 
v 120.786 6.5912 244.464 
v 121.315 6.15545 244.393 
v 122.298 5.08227 246.078 
v 122.298 5.08227 244.334 
v 122.748 5.11309 246.078 
v 124.544 6.22152 246.082 
v 124.544 6.22152 244.329 
v 121.829 6.17242 246.009 
v 121.829 6.17242 244.403 
v 123.891 6.20793 245.933 
v 123.891 6.20793 244.479 
v 123.057 6.38098 245.86 
v 123.057 6.37865 245.806 
v 123.057 6.38098 244.551 
v 123.057 6.37865 244.605 
v 121.847 5.05145 246.048 
v 122.298 5.07995 246.024 
v 122.298 5.08227 246.078 
v 121.847 5.04912 245.994 
v 121.847 5.05145 244.363 
v 122.298 5.07995 244.388 
v 121.847 5.04912 244.418 
v 122.298 5.08227 244.334 
v 123.365 5.15625 246.102 
v 123.023 5.13856 246.104 
v 123.024 5.13624 246.05 
v 123.365 5.15392 246.048 
v 123.023 5.13856 244.308 
v 123.365 5.15625 244.309 
v 123.024 5.13624 244.362 
v 123.365 5.15392 244.364 
v 122.298 5.08227 244.334 
v 122.748 5.1131 244.334 
v 122.298 5.07995 244.388 
v 122.749 5.11077 244.388 
v 122.748 5.11309 246.078 
v 122.298 5.08227 246.078 
v 122.298 5.07995 246.024 
v 122.749 5.11077 246.024 
v 123.024 5.13624 244.362 
v 122.989 5.13159 244.322 
v 123.023 5.13856 244.308 
v 122.989 5.12926 244.376 
v 122.989 5.13159 246.09 
v 123.024 5.13624 246.05 
v 123.023 5.13856 246.104 
v 122.989 5.12926 246.036 
v 117.269 5.92523 245.721 
v 117.769 6.42846 245.721 
v 118.205 6.55024 245.721 
v 117.269 5.92523 244.691 
v 117.769 6.42846 244.691 
v 118.205 6.55024 244.691 
v 122.779 6.22152 245.86 
v 122.779 6.22152 244.551 
v 127.505 5.89884 245.314 
v 123.891 6.2056 244.533 
v 127.007 6.37793 245.314 
v 125.547 6.55949 245.314 
v 125.547 6.55949 245.097 
v 123.704 5.71275 244.309 
v 123.814 5.71813 244.309 
v 123.705 5.71043 244.364 
v 123.815 5.7158 244.364 
v 123.814 5.71813 246.102 
v 123.704 5.71275 246.102 
v 123.705 5.71043 246.048 
v 123.815 5.7158 246.048 
v 122.204 5.63969 244.408 
v 123.705 5.71043 244.364 
v 122.205 5.63736 244.463 
v 123.704 5.71275 244.309 
v 122.204 5.63969 246.003 
v 123.705 5.71043 246.048 
v 123.704 5.71275 246.102 
v 122.205 5.63736 245.949 
v 123.814 5.71813 244.309 
v 124.901 5.76761 244.309 
v 123.815 5.7158 244.364 
v 124.901 5.76528 244.364 
v 124.901 5.76761 246.102 
v 123.814 5.71813 246.102 
v 123.815 5.7158 246.048 
v 124.901 5.76528 246.048 
v 120.957 6.22985 244.423 
v 121.315 6.15312 244.457 
v 120.957 6.22753 244.477 
v 121.315 6.15545 244.393 
v 120.957 6.22985 245.989 
v 121.315 6.15312 245.955 
v 121.315 6.15545 246.019 
v 120.957 6.22753 245.934 
v 126.364 6.54983 245.314 
v 126.364 6.54983 245.206 
v 127.007 6.37793 245.206 
v 127.592 5.94215 245.206 
v 122.204 5.63969 246.003 
v 121.754 5.56957 246.003 
v 121.755 5.56724 245.949 
v 122.205 5.63736 245.949 
v 121.754 5.56957 244.408 
v 122.204 5.63969 244.408 
v 121.755 5.56724 244.463 
v 122.205 5.63736 244.463 
v 125.25 6.22666 244.298 
v 125.348 6.23179 244.511 
v 125.251 6.22433 244.383 
v 125.348 6.22947 244.565 
v 125.348 6.23179 245.901 
v 125.25 6.22666 246.114 
v 125.251 6.22433 246.028 
v 125.348 6.22947 245.847 
v 117.769 6.42846 244.873 
v 118.205 6.55024 244.873 
v 117.769 6.42846 245.538 
v 118.205 6.55024 245.538 
v 123.891 6.20793 245.933 
v 124.545 6.21919 246.028 
v 124.544 6.22152 246.082 
v 123.891 6.2056 245.878 
v 123.891 6.20793 244.479 
v 124.545 6.21919 244.383 
v 123.891 6.2056 244.533 
v 124.544 6.22152 244.329 
v 124.544 6.22152 244.329 
v 125.251 6.22433 244.383 
v 124.545 6.21919 244.383 
v 125.25 6.22666 244.298 
v 124.544 6.22152 246.082 
v 125.251 6.22433 246.028 
v 125.25 6.22666 246.114 
v 124.545 6.21919 246.028 
v 121.315 6.15545 244.393 
v 121.829 6.17242 244.403 
v 121.315 6.15312 244.457 
v 121.829 6.1701 244.457 
v 121.829 6.17242 246.009 
v 121.315 6.15545 246.019 
v 121.315 6.15312 245.955 
v 121.829 6.1701 245.955 
v 121.829 6.17242 244.403 
v 122.779 6.22152 244.551 
v 121.829 6.1701 244.457 
v 122.78 6.21919 244.605 
v 122.779 6.22152 245.86 
v 121.829 6.17242 246.009 
v 121.829 6.1701 245.955 
v 122.78 6.21919 245.806 
v 123.057 6.38098 245.86 
v 122.779 6.22152 245.86 
v 122.78 6.21919 245.806 
v 123.057 6.37865 245.806 
v 122.779 6.22152 244.551 
v 123.057 6.38098 244.551 
v 122.78 6.21919 244.605 
v 123.057 6.37865 244.605 
v 126.364 6.54983 245.206 
v 125.547 6.55949 245.206 
v 125.547 6.55949 245.097 
v 126.364 6.54983 245.097 
v 125.547 6.55949 245.206 
v 126.364 6.54983 245.206 
v 125.547 6.55949 245.314 
v 126.364 6.54983 245.314 
v 126.431 6.61813 245.31 
v 125.672 6.62695 245.31 
v 125.672 6.62695 245.206 
v 126.431 6.61813 245.206 
v 125.672 6.62695 245.206 
v 126.431 6.61813 245.102 
v 126.431 6.61813 245.206 
v 125.672 6.62695 245.102 
v 120.786 6.58888 244.518 
v 127.007 6.37793 245.206 
v 126.364 6.54983 245.206 
v 126.364 6.54983 245.097 
v 127.007 6.37793 245.097 
v 126.364 6.54983 245.206 
v 127.007 6.37793 245.206 
v 126.364 6.54983 245.314 
v 127.007 6.37793 245.314 
v 117.103 4.75847 245.721 
v 117.219 4.80777 245.538 
v 117.219 4.80777 245.721 
v 117.103 4.75847 245.538 
v 117.219 4.80777 244.873 
v 117.103 4.75847 244.691 
v 117.219 4.80777 244.691 
v 117.103 4.75847 244.873 
v 127.087 6.43722 245.31 
v 126.431 6.61813 245.31 
v 126.431 6.61813 245.206 
v 127.087 6.43722 245.206 
v 126.431 6.61813 245.206 
v 127.087 6.43722 245.102 
v 127.087 6.43722 245.206 
v 126.431 6.61813 245.102 
v 117.769 6.42846 244.691 
v 118.205 6.55024 244.691 
v 117.769 6.42846 244.873 
v 118.205 6.55024 244.873 
v 118.205 6.55024 245.721 
v 117.769 6.42846 245.721 
v 117.769 6.42846 245.538 
v 118.205 6.55024 245.538 
v 127.007 6.37793 245.206 
v 127.505 5.89884 245.206 
v 127.007 6.37793 245.314 
v 127.505 5.89884 245.314 
v 127.505 5.89884 245.206 
v 127.007 6.37793 245.206 
v 127.007 6.37793 245.097 
v 127.505 5.89884 245.097 
v 127.592 5.94215 245.31 
v 127.087 6.43722 245.31 
v 127.087 6.43722 245.206 
v 127.592 5.94215 245.206 
v 127.087 6.43722 245.206 
v 127.592 5.94215 245.102 
v 127.592 5.94215 245.206 
v 127.087 6.43722 245.102 
v 117.103 4.75847 245.721 
v 117.103 4.75847 245.538 
v 117.103 4.75847 244.691 
v 117.103 4.75847 244.873 
v 117.16 5.98979 245.538 
v 117.16 5.98979 244.873 
v 117.695 6.53045 245.538 
v 127.64 4.52142 245.206 
v 127.841 5.26284 245.097 
v 127.841 5.26284 245.206 
v 127.64 4.52142 245.097 
v 127.64 4.52142 245.206 
v 127.841 5.26284 245.314 
v 127.64 4.52142 245.314 
v 127.841 5.26284 245.206 
v 127.466 4.70509 245.206 
v 127.622 5.29304 245.31 
v 127.466 4.70509 245.31 
v 127.622 5.29304 245.206 
v 127.466 4.70509 245.206 
v 127.622 5.29304 245.102 
v 127.622 5.29304 245.206 
v 127.466 4.70509 245.102 
v 127.841 5.26284 245.206 
v 127.648 5.96951 245.314 
v 127.841 5.26284 245.314 
v 127.648 5.96951 245.206 
v 127.841 5.26284 245.206 
v 127.648 5.96951 245.097 
v 127.648 5.96951 245.206 
v 127.841 5.26284 245.097 
v 127.461 5.87758 245.31 
v 127.622 5.29304 245.31 
v 127.622 5.29304 245.206 
v 127.461 5.87758 245.206 
v 127.461 5.87758 245.102 
v 127.622 5.29304 245.102 
v 127.03 4.28955 245.31 
v 127.03 4.28955 245.206 
v 127.096 6.51131 245.206 
v 127.095 4.15845 245.206 
v 127.03 4.28955 245.102 
v 127.03 4.28955 245.206 
v 127.095 4.15845 245.102 
v 127.095 4.15845 245.206 
v 127.03 4.28955 245.31 
v 127.095 4.15845 245.31 
v 127.03 4.28955 245.206 
v 118.163 6.68267 245.721 
v 118.163 6.68267 245.538 
v 118.163 6.68267 244.691 
v 118.163 6.68267 244.873 
v 125.672 6.48125 245.206 
v 125.672 6.62695 245.102 
v 125.672 6.62695 245.206 
v 125.672 6.48125 245.102 
v 125.672 6.48125 245.206 
v 125.672 6.62695 245.31 
v 125.672 6.48125 245.31 
v 125.672 6.62695 245.206 
v 121.318 4.43375 245.831 
v 121.317 4.81839 246.058 
v 121.318 4.8541 245.206 
v 121.318 4.43142 245.206 
v 121.318 4.43375 244.581 
v 121.317 4.81839 244.354 
v 125.435 6.39125 245.657 
v 125.435 6.39125 245.901 
v 125.436 6.38893 245.847 
v 125.436 6.38893 245.603 
v 125.436 6.38893 244.809 
v 125.436 6.38893 244.565 
v 125.435 6.39125 244.755 
v 125.435 6.39125 244.511 
v 121.393 5.34176 244.402 
v 125.348 6.23179 244.511 
v 125.338 6.38611 244.298 
v 125.435 6.39125 244.511 
v 125.25 6.22666 244.298 
v 125.25 6.22666 246.114 
v 125.348 6.23179 245.901 
v 125.338 6.38611 246.114 
v 125.435 6.39125 245.901 
v 125.348 6.23179 245.901 
v 125.436 6.38893 245.847 
v 125.435 6.39125 245.901 
v 125.348 6.22947 245.847 
v 125.348 6.23179 244.511 
v 125.436 6.38893 244.565 
v 125.348 6.22947 244.565 
v 125.435 6.39125 244.511 
v 121.644 5.68447 245.954 
v 120.957 6.22985 244.423 
v 124.901 5.76761 244.309 
v 124.981 5.90331 244.364 
v 124.901 5.76528 244.364 
v 124.981 5.90564 244.309 
v 124.901 5.76761 246.102 
v 124.981 5.90331 246.048 
v 124.981 5.90564 246.102 
v 124.901 5.76528 246.048 
v 120.786 6.5912 244.464 
v 121.549 5.30813 246.022 
v 121.549 5.30813 244.39 
v 121.754 5.56957 244.408 
v 122.748 5.11309 246.078 
v 122.798 5.36502 246.078 
v 122.798 5.36502 244.334 
v 122.841 5.48832 246.048 
v 122.841 5.48832 244.363 
v 122.749 5.11077 246.024 
v 117.269 5.92523 245.721 
v 117.769 6.42846 245.721 
v 118.205 6.55024 245.721 
v 117.094 5.25277 245.721 
v 117.094 5.25277 244.691 
v 117.269 5.92523 244.691 
v 117.769 6.42846 244.691 
v 118.205 6.55024 244.691 
v 127.505 5.89884 245.314 
v 127.681 5.25912 245.314 
v 127.007 6.37793 245.314 
v 123.414 5.40818 244.309 
v 123.457 5.53147 244.318 
v 123.414 5.40585 244.364 
v 123.457 5.52915 244.372 
v 123.457 5.53147 246.094 
v 123.414 5.40818 246.102 
v 123.414 5.40585 246.048 
v 123.457 5.52915 246.039 
v 123.365 5.15625 246.102 
v 123.414 5.40585 246.048 
v 123.414 5.40818 246.102 
v 123.365 5.15392 246.048 
v 123.365 5.15625 244.309 
v 123.414 5.40585 244.364 
v 123.365 5.15392 244.364 
v 123.414 5.40818 244.309 
v 127.007 6.37793 245.206 
v 127.592 5.94215 245.206 
v 127.768 5.29643 245.206 
v 127.584 4.61896 245.31 
v 122.841 5.48599 245.994 
v 122.841 5.48599 244.418 
v 117.769 6.42846 244.873 
v 118.205 6.55024 244.873 
v 117.094 5.25277 244.873 
v 117.094 5.25277 245.538 
v 117.769 6.42846 245.538 
v 118.205 6.55024 245.538 
v 122.841 5.48832 246.048 
v 122.798 5.36502 246.078 
v 122.798 5.3627 246.024 
v 122.841 5.48599 245.994 
v 122.798 5.36502 244.334 
v 122.841 5.48832 244.363 
v 122.798 5.3627 244.388 
v 122.841 5.48599 244.418 
v 122.748 5.11309 246.078 
v 122.773 5.23673 246.024 
v 122.773 5.23906 246.078 
v 122.749 5.11077 246.024 
v 122.773 5.23906 246.078 
v 122.798 5.3627 246.024 
v 122.798 5.36502 246.078 
v 122.773 5.23673 246.024 
v 122.773 5.23906 244.334 
v 122.798 5.3627 244.388 
v 122.773 5.23673 244.388 
v 122.798 5.36502 244.334 
v 122.748 5.1131 244.334 
v 122.773 5.23673 244.388 
v 122.749 5.11077 244.388 
v 122.773 5.23906 244.334 
v 120.786 6.58888 244.518 
v 121.549 5.30813 246.022 
v 121.755 5.56724 245.949 
v 121.754 5.56957 246.003 
v 121.549 5.30581 245.949 
v 121.549 5.30813 244.39 
v 121.755 5.56724 244.463 
v 121.549 5.30581 244.463 
v 121.754 5.56957 244.408 
v 120.351 7.14167 245.8 
v 120.681 6.75149 245.931 
v 120.681 6.74916 245.877 
v 120.352 7.13934 245.746 
v 120.681 6.75149 244.48 
v 120.351 7.14167 244.612 
v 120.681 6.74916 244.534 
v 120.352 7.13934 244.666 
v 120.681 6.75149 245.931 
v 120.786 6.5912 245.948 
v 120.786 6.58888 245.894 
v 120.681 6.74916 245.877 
v 120.786 6.5912 244.464 
v 120.681 6.75149 244.48 
v 120.786 6.58888 244.518 
v 120.681 6.74916 244.534 
v 121.477 4.81839 244.354 
v 121.549 5.30581 244.463 
v 121.477 4.8541 245.206 
v 121.549 5.30813 244.39 
v 121.477 4.81839 246.058 
v 121.549 5.30581 245.949 
v 121.549 5.30813 246.022 
v 121.477 4.8541 245.206 
v 121.476 4.45258 245.831 
v 121.477 4.8541 245.206 
v 121.477 4.81839 246.058 
v 121.477 4.45025 245.206 
v 121.477 4.8541 245.206 
v 121.476 4.45258 244.581 
v 121.477 4.81839 244.354 
v 121.477 4.45025 245.206 
v 117.269 5.92523 245.721 
v 117.769 6.42846 245.538 
v 117.769 6.42846 245.721 
v 117.269 5.92523 245.538 
v 117.269 5.92523 244.691 
v 117.769 6.42846 244.873 
v 117.269 5.92523 244.873 
v 117.769 6.42846 244.691 
v 118.163 6.68267 245.721 
v 118.205 6.55024 245.721 
v 118.205 6.55024 245.538 
v 118.163 6.68267 245.538 
v 118.163 6.68267 244.873 
v 118.205 6.55024 244.873 
v 118.163 6.68267 244.691 
v 118.205 6.55024 244.691 
v 117.269 5.92523 245.721 
v 117.094 5.25277 245.721 
v 117.094 5.25277 245.538 
v 117.269 5.92523 245.538 
v 117.094 5.25277 244.691 
v 117.269 5.92523 244.691 
v 117.094 5.25277 244.873 
v 117.269 5.92523 244.873 
v 117.219 4.80777 245.721 
v 117.094 5.25277 245.538 
v 117.094 5.25277 245.721 
v 117.219 4.80777 245.538 
v 117.219 4.80777 244.691 
v 117.094 5.25277 244.873 
v 117.219 4.80777 244.873 
v 117.094 5.25277 244.691 
v 117.103 4.75847 245.721 
v 116.968 5.25462 245.721 
v 116.968 5.25462 245.538 
v 117.103 4.75847 245.538 
v 116.968 5.25462 244.691 
v 117.103 4.75847 244.691 
v 117.16 5.98979 245.721 
v 117.16 5.98979 245.538 
v 117.16 5.98979 244.691 
v 117.695 6.53045 244.691 
v 117.695 6.53045 245.538 
v 127.64 4.52142 245.206 
v 127.841 5.26284 245.206 
v 127.466 4.70509 245.206 
v 127.466 4.70509 245.31 
v 127.622 5.29304 245.206 
v 127.461 5.87758 245.206 
v 127.105 4.01745 245.206 
v 127.105 4.01745 245.097 
v 127.03 4.28955 245.31 
v 127.03 4.28955 245.206 
v 127.096 6.51131 245.206 
v 127.095 4.15845 245.102 
v 127.095 4.15845 245.31 
v 118.163 6.68267 245.538 
v 118.163 6.68267 244.691 
v 120.351 7.14167 244.612 
v 120.202 7.08674 244.612 
v 125.672 6.48125 245.206 
v 125.672 6.62695 245.206 
v 121.317 4.81839 244.354 
v 121.393 5.34176 244.402 
v 120.54 6.67709 244.48 
v 120.645 6.51681 244.464 
v 126.378 6.70929 245.206 
v 125.338 6.38611 244.298 
v 125.25 6.22666 244.298 
v 126.419 6.47242 245.206 
v 121.644 5.68447 244.458 
v 121.644 5.68215 244.512 
v 121.847 5.05145 244.363 
v 120.957 6.22985 244.423 
v 124.901 5.76761 244.309 
v 124.981 5.90564 244.309 
v 120.351 7.14167 244.612 
v 120.681 6.75149 244.48 
v 120.54 6.67709 244.48 
v 120.202 7.08674 244.612 
v 121.477 4.81839 244.354 
v 121.476 4.45258 244.581 
v 121.317 4.81839 244.354 
v 121.318 4.43375 244.581 
v 121.945 5.3157 244.363 
v 125.547 6.71895 245.206 
v 120.786 6.5912 244.464 
v 121.028 6.37265 244.423 
v 120.957 6.22985 244.423 
v 120.645 6.51681 244.464 
v 121.315 6.15545 244.393 
v 121.028 6.37265 244.423 
v 121.348 6.31143 244.393 
v 120.957 6.22985 244.423 
v 121.878 5.18358 244.363 
v 122.298 5.08227 244.334 
v 121.847 5.05145 244.363 
v 122.325 5.21132 244.334 
v 121.549 5.30813 244.39 
v 121.644 5.68447 244.458 
v 121.754 5.56957 244.408 
v 121.393 5.34176 244.402 
v 120.786 6.5912 244.464 
v 120.645 6.51681 244.464 
v 120.681 6.75149 244.48 
v 120.54 6.67709 244.48 
v 124.901 5.76761 244.309 
v 123.814 5.71813 244.309 
v 123.994 5.85973 244.309 
v 124.981 5.90564 244.309 
v 123.994 5.85973 244.309 
v 123.814 5.71813 244.309 
v 123.867 5.85475 244.309 
v 123.704 5.71275 244.309 
v 123.414 5.40818 244.309 
v 123.365 5.15625 244.309 
v 123.368 5.4052 244.309 
v 123.023 5.13856 244.308 
v 123.368 5.4052 244.309 
v 123.023 5.13856 244.308 
v 123.038 5.38352 244.322 
v 122.989 5.13159 244.322 
v 123.368 5.4052 244.309 
v 123.038 5.38352 244.322 
v 123.081 5.50681 244.322 
v 123.412 5.5285 244.322 
v 122.325 5.21132 244.334 
v 122.748 5.1131 244.334 
v 122.298 5.08227 244.334 
v 122.773 5.23906 244.334 
v 123.457 5.53147 244.318 
v 123.414 5.40818 244.309 
v 123.412 5.5285 244.322 
v 123.368 5.4052 244.309 
v 123.704 5.71275 244.309 
v 122.204 5.63969 244.408 
v 122.143 5.78696 244.458 
v 123.867 5.85475 244.309 
v 122.371 5.34036 244.363 
v 121.945 5.3157 244.363 
v 122.223 5.439 244.363 
v 122.532 5.46366 244.363 
v 125.25 6.22666 244.298 
v 124.544 6.22152 244.329 
v 124.747 6.38098 244.329 
v 125.338 6.38611 244.298 
v 121.945 5.3157 244.363 
v 122.325 5.21132 244.334 
v 121.878 5.18358 244.363 
v 122.371 5.34036 244.363 
v 122.371 5.34036 244.363 
v 122.773 5.23906 244.334 
v 122.325 5.21132 244.334 
v 122.798 5.36502 244.334 
v 122.798 5.36502 244.334 
v 122.532 5.46366 244.363 
v 122.841 5.48832 244.363 
v 122.371 5.34036 244.363 
v 121.393 5.34176 244.402 
v 121.477 4.81839 244.354 
v 121.317 4.81839 244.354 
v 121.549 5.30813 244.39 
v 121.754 5.56957 244.408 
v 122.143 5.78696 244.458 
v 122.204 5.63969 244.408 
v 121.644 5.68447 244.458 
v 121.348 6.31143 244.393 
v 121.829 6.17242 244.403 
v 121.315 6.15545 244.393 
v 121.925 6.32929 244.389 
v 124.235 6.36738 244.479 
v 124.544 6.22152 244.329 
v 123.891 6.20793 244.479 
v 124.747 6.38098 244.329 
v 123.057 6.38098 244.551 
v 117.269 5.92523 245.721 
v 117.219 4.80777 245.721 
v 117.103 4.75847 244.691 
v 116.968 5.25462 244.691 
v 117.094 5.25277 244.691 
v 117.219 4.80777 244.691 
v 116.968 5.25462 244.691 
v 117.16 5.98979 244.691 
v 117.269 5.92523 244.691 
v 117.094 5.25277 244.691 
v 117.695 6.53045 244.691 
v 117.269 5.92523 244.691 
v 117.16 5.98979 244.691 
v 117.769 6.42846 244.691 
v 117.769 6.42846 244.691 
v 118.163 6.68267 244.691 
v 118.205 6.55024 244.691 
v 117.695 6.53045 244.691 
v 121.925 6.32929 244.389 
v 122.779 6.22152 244.551 
v 121.829 6.17242 244.403 
v 123.057 6.38098 244.551 
v 127.095 4.15845 245.102 
v 127.034 4.16092 245.097 
v 127.03 4.28955 245.102 
v 127.105 4.01745 245.097 
v 127.505 5.89884 245.314 
v 127.622 5.29304 245.31 
v 127.461 5.87758 245.31 
v 127.681 5.25912 245.314 
v 127.681 5.25912 245.314 
v 127.466 4.70509 245.31 
v 127.622 5.29304 245.31 
v 127.51 4.61569 245.314 
v 127.006 6.31535 245.31 
v 127.505 5.89884 245.314 
v 127.461 5.87758 245.31 
v 127.007 6.37793 245.314 
v 125.547 6.71895 245.097 
v 125.672 6.62695 245.102 
v 125.547 6.55949 245.097 
v 125.672 6.48125 245.102 
v 127.03 4.28955 245.31 
v 127.51 4.61569 245.314 
v 127.034 4.16092 245.314 
v 127.466 4.70509 245.31 
v 125.672 6.62695 245.102 
v 126.378 6.70929 245.097 
v 126.431 6.61813 245.102 
v 125.547 6.71895 245.097 
v 127.006 6.31535 245.31 
v 126.419 6.47242 245.31 
v 127.007 6.37793 245.314 
v 126.364 6.54983 245.314 
v 126.364 6.54983 245.206 
v 127.007 6.37793 245.206 
v 125.547 6.55949 245.206 
v 127.681 5.25912 245.206 
v 127.034 4.16092 245.206 
v 126.419 6.47242 245.206 
v 125.672 6.48125 245.206 
v 125.672 6.62695 245.206 
v 126.431 6.61813 245.206 
v 127.006 6.31535 245.206 
v 127.087 6.43722 245.206 
v 127.461 5.87758 245.206 
v 127.592 5.94215 245.206 
v 127.622 5.29304 245.206 
v 127.768 5.29643 245.206 
v 127.466 4.70509 245.206 
v 127.584 4.61896 245.206 
v 127.03 4.28955 245.206 
v 127.095 4.15845 245.206 
v 126.431 6.61813 245.102 
v 127.096 6.51131 245.097 
v 127.087 6.43722 245.102 
v 126.378 6.70929 245.097 
v 127.095 4.15845 245.102 
v 127.584 4.61896 245.102 
v 127.64 4.52142 245.097 
v 127.105 4.01745 245.097 
v 127.584 4.61896 245.31 
v 125.547 6.55949 245.314 
v 126.364 6.54983 245.314 
v 125.672 6.48125 245.31 
v 126.419 6.47242 245.31 
v 127.648 5.96951 245.097 
v 127.087 6.43722 245.102 
v 127.096 6.51131 245.097 
v 127.592 5.94215 245.102 
v 127.584 4.61896 245.102 
v 127.768 5.29643 245.102 
v 127.841 5.26284 245.097 
v 127.64 4.52142 245.097 
v 127.648 5.96951 245.097 
v 127.841 5.26284 245.097 
v 127.768 5.29643 245.102 
v 127.592 5.94215 245.102 
v 116.968 5.25462 245.538 
v 117.16 5.98979 245.538 
v 117.269 5.92523 245.538 
v 117.094 5.25277 245.538 
v 117.103 4.75847 245.538 
v 116.968 5.25462 245.538 
v 117.094 5.25277 245.538 
v 117.219 4.80777 245.538 
v 117.769 6.42846 245.538 
v 118.163 6.68267 245.538 
v 118.205 6.55024 245.538 
v 117.695 6.53045 245.538 
v 117.695 6.53045 245.538 
v 117.269 5.92523 245.538 
v 117.16 5.98979 245.538 
v 117.769 6.42846 245.538 
v 117.16 5.98979 245.538 
v 117.695 6.53045 244.691 
v 117.695 6.53045 244.873 
v 117.695 6.53045 245.721 
v 117.695 6.53045 245.538 
v 127.64 4.52142 245.206 
v 127.648 5.96951 245.314 
v 127.461 5.87758 245.206 
v 127.096 6.51131 245.206 
v 127.648 5.96951 245.206 
v 127.648 5.96951 245.097 
v 127.096 6.51131 245.097 
v 127.648 5.96951 245.206 
v 127.096 6.51131 245.206 
v 127.648 5.96951 245.314 
v 127.096 6.51131 245.314 
v 127.461 5.87758 245.206 
v 127.006 6.31535 245.102 
v 127.006 6.31535 245.206 
v 127.461 5.87758 245.102 
v 127.006 6.31535 245.31 
v 127.461 5.87758 245.31 
v 127.461 5.87758 245.206 
v 127.006 6.31535 245.206 
v 127.095 4.15845 245.102 
v 127.095 4.15845 245.31 
v 117.695 6.53045 245.721 
v 118.163 6.68267 245.721 
v 118.163 6.68267 245.538 
v 117.695 6.53045 245.538 
v 118.163 6.68267 244.691 
v 117.695 6.53045 244.691 
v 118.163 6.68267 244.873 
v 117.695 6.53045 244.873 
v 120.351 7.14167 245.8 
v 120.202 7.08441 245.746 
v 120.202 7.08674 245.8 
v 120.352 7.13934 245.746 
v 120.351 7.14167 244.612 
v 120.202 7.08441 244.666 
v 120.352 7.13934 244.666 
v 120.202 7.08674 244.612 
v 125.435 6.39125 245.901 
v 121.393 5.34176 244.402 
v 120.645 6.51448 244.518 
v 120.645 6.51681 244.464 
v 126.378 6.70929 245.206 
v 127.096 6.51131 245.206 
v 127.096 6.51131 245.097 
v 126.378 6.70929 245.097 
v 127.096 6.51131 245.206 
v 126.378 6.70929 245.206 
v 127.096 6.51131 245.314 
v 126.378 6.70929 245.314 
v 125.338 6.38611 246.114 
v 127.006 6.31535 245.206 
v 126.419 6.47242 245.102 
v 126.419 6.47242 245.206 
v 127.006 6.31535 245.102 
v 126.419 6.47242 245.31 
v 127.006 6.31535 245.31 
v 127.006 6.31535 245.206 
v 126.419 6.47242 245.206 
v 121.644 5.68215 244.512 
v 121.945 5.3157 244.363 
v 121.946 5.31338 244.418 
v 121.945 5.3157 246.048 
v 121.946 5.31338 245.994 
v 125.547 6.71895 245.206 
v 126.378 6.70929 245.206 
v 126.378 6.70929 245.097 
v 125.547 6.71895 245.097 
v 126.378 6.70929 245.206 
v 125.547 6.71895 245.206 
v 126.378 6.70929 245.314 
v 125.547 6.71895 245.314 
v 120.786 6.5912 245.948 
v 120.786 6.5912 244.464 
v 121.028 6.37265 244.423 
v 121.348 6.31143 244.393 
v 121.754 5.56957 244.408 
v 123.994 5.85973 244.309 
v 122.143 5.78696 244.458 
v 122.223 5.439 246.048 
v 122.532 5.46366 246.048 
v 122.223 5.439 244.363 
v 122.532 5.46366 244.363 
v 124.747 6.38098 246.082 
v 124.544 6.22152 244.329 
v 122.841 5.48832 246.048 
v 122.841 5.48832 244.363 
v 125.672 6.48125 245.31 
v 126.419 6.47242 245.31 
v 126.419 6.47242 245.206 
v 125.672 6.48125 245.206 
v 126.419 6.47242 245.206 
v 125.672 6.48125 245.102 
v 125.672 6.48125 245.206 
v 126.419 6.47242 245.102 
v 121.925 6.32929 246.023 
v 121.925 6.32929 244.389 
v 124.235 6.36738 245.933 
v 124.235 6.36738 244.479 
v 123.891 6.20793 244.479 
v 123.057 6.38098 245.86 
v 121.925 6.32697 245.969 
v 121.925 6.32929 246.023 
v 123.057 6.37865 245.806 
v 123.057 6.38098 244.551 
v 121.925 6.32697 244.443 
v 123.057 6.37865 244.605 
v 121.925 6.32929 244.389 
v 121.925 6.32929 244.389 
v 121.348 6.31143 244.393 
v 121.925 6.32697 244.443 
v 121.348 6.3091 244.457 
v 121.348 6.31143 246.019 
v 121.925 6.32929 246.023 
v 121.925 6.32697 245.969 
v 121.348 6.3091 245.955 
v 125.338 6.38611 244.298 
v 124.747 6.38098 244.329 
v 125.338 6.38379 244.383 
v 124.747 6.37865 244.383 
v 124.747 6.38098 246.082 
v 125.338 6.38611 246.114 
v 125.338 6.38379 246.028 
v 124.747 6.37865 246.028 
v 124.747 6.38098 244.329 
v 124.235 6.36738 244.479 
v 124.747 6.37865 244.383 
v 124.235 6.36506 244.533 
v 124.235 6.36738 245.933 
v 124.747 6.38098 246.082 
v 124.747 6.37865 246.028 
v 124.235 6.36506 245.878 
v 117.769 6.42846 245.721 
v 117.269 5.92523 244.691 
v 117.769 6.42846 244.691 
v 125.435 6.39125 245.901 
v 125.338 6.38379 246.028 
v 125.338 6.38611 246.114 
v 125.436 6.38893 245.847 
v 125.338 6.38379 244.383 
v 125.435 6.39125 244.511 
v 125.338 6.38611 244.298 
v 125.436 6.38893 244.565 
v 127.505 5.89884 245.314 
v 122.143 5.78696 244.458 
v 121.644 5.68215 244.512 
v 122.143 5.78464 244.512 
v 121.644 5.68447 244.458 
v 122.143 5.78696 245.954 
v 121.644 5.68215 245.899 
v 121.644 5.68447 245.954 
v 122.143 5.78464 245.899 
v 124.235 6.36738 244.479 
v 123.891 6.2056 244.533 
v 124.235 6.36506 244.533 
v 123.891 6.20793 244.479 
v 124.235 6.36738 245.933 
v 123.891 6.2056 245.878 
v 123.891 6.20793 245.933 
v 124.235 6.36506 245.878 
v 127.007 6.37793 245.314 
v 125.547 6.55949 245.314 
v 125.547 6.55949 245.097 
v 122.223 5.439 244.363 
v 121.946 5.31338 244.418 
v 122.223 5.43667 244.418 
v 121.945 5.3157 244.363 
v 122.223 5.439 246.048 
v 121.946 5.31338 245.994 
v 121.945 5.3157 246.048 
v 122.223 5.43667 245.994 
v 121.348 6.31143 244.393 
v 121.028 6.37265 244.423 
v 121.348 6.3091 244.457 
v 121.028 6.37032 244.477 
v 121.028 6.37265 245.989 
v 121.348 6.31143 246.019 
v 121.348 6.3091 245.955 
v 121.028 6.37032 245.934 
v 123.867 5.85475 244.309 
v 122.143 5.78696 244.458 
v 123.868 5.85242 244.364 
v 122.143 5.78464 244.512 
v 122.143 5.78696 245.954 
v 123.867 5.85475 246.102 
v 123.868 5.85242 246.048 
v 122.143 5.78464 245.899 
v 123.994 5.85973 246.102 
v 123.868 5.85242 246.048 
v 123.867 5.85475 246.102 
v 123.994 5.85741 246.048 
v 123.994 5.85973 244.309 
v 123.868 5.85242 244.364 
v 123.994 5.85741 244.364 
v 123.867 5.85475 244.309 
v 124.981 5.90564 246.102 
v 123.994 5.85741 246.048 
v 123.994 5.85973 246.102 
v 124.981 5.90331 246.048 
v 124.981 5.90564 244.309 
v 123.994 5.85741 244.364 
v 124.981 5.90331 244.364 
v 123.994 5.85973 244.309 
v 126.364 6.54983 245.314 
v 126.364 6.54983 245.206 
v 127.007 6.37793 245.206 
v 122.532 5.46366 244.363 
v 122.223 5.43667 244.418 
v 122.532 5.46133 244.418 
v 122.223 5.439 244.363 
v 122.841 5.48832 246.048 
v 122.532 5.46133 245.994 
v 122.532 5.46366 246.048 
v 122.841 5.48599 245.994 
v 122.841 5.48832 244.363 
v 122.532 5.46133 244.418 
v 122.841 5.48599 244.418 
v 122.532 5.46366 244.363 
v 122.532 5.46366 246.048 
v 122.223 5.43667 245.994 
v 122.223 5.439 246.048 
v 122.532 5.46133 245.994 
v 123.412 5.5285 246.09 
v 123.081 5.50449 246.036 
v 123.081 5.50681 246.09 
v 123.412 5.52617 246.036 
v 123.412 5.5285 244.322 
v 123.081 5.50449 244.376 
v 123.412 5.52617 244.376 
v 123.081 5.50681 244.322 
v 123.412 5.5285 246.09 
v 123.457 5.53147 246.094 
v 123.457 5.52915 246.039 
v 123.412 5.52617 246.036 
v 123.412 5.52617 244.376 
v 123.457 5.52915 244.372 
v 123.412 5.5285 244.322 
v 123.457 5.53147 244.318 
v 117.769 6.42846 245.538 
v 121.028 6.37265 244.423 
v 120.786 6.5912 244.464 
v 121.028 6.37032 244.477 
v 120.786 6.58888 244.518 
v 120.786 6.5912 245.948 
v 121.028 6.37265 245.989 
v 121.028 6.37032 245.934 
v 120.786 6.58888 245.894 
v 127.034 4.16092 245.206 
v 127.51 4.61569 245.206 
v 127.51 4.61569 245.097 
v 127.034 4.16092 245.097 
v 127.51 4.61569 245.206 
v 127.034 4.16092 245.206 
v 127.51 4.61569 245.314 
v 127.034 4.16092 245.314 
v 127.095 4.15845 245.31 
v 127.584 4.61896 245.31 
v 127.584 4.61896 245.206 
v 127.095 4.15845 245.206 
v 127.095 4.15845 245.102 
v 127.584 4.61896 245.102 
v 117.103 4.75847 245.721 
v 116.968 5.25462 245.721 
v 116.968 5.25462 245.538 
v 117.103 4.75847 245.538 
v 116.968 5.25462 244.691 
v 117.103 4.75847 244.691 
v 116.968 5.25462 244.873 
v 117.103 4.75847 244.873 
v 116.968 5.25462 245.721 
v 117.16 5.98979 245.721 
v 117.16 5.98979 245.538 
v 116.968 5.25462 245.538 
v 117.16 5.98979 244.691 
v 116.968 5.25462 244.691 
v 117.16 5.98979 244.873 
v 116.968 5.25462 244.873 
v 117.695 6.53045 244.691 
v 117.16 5.98979 244.691 
v 117.695 6.53045 244.873 
v 117.16 5.98979 244.873 
v 117.16 5.98979 245.721 
v 117.695 6.53045 245.721 
v 117.695 6.53045 245.538 
v 117.16 5.98979 245.538 
v 127.64 4.52142 245.206 
v 127.841 5.26284 245.314 
v 127.622 5.29304 245.206 
v 127.648 5.96951 245.314 
v 127.461 5.87758 245.206 
v 127.105 4.01745 245.097 
v 127.105 4.01745 245.314 
v 127.095 4.15845 245.102 
v 127.095 4.15845 245.31 
v 121.318 4.43375 245.831 
v 121.317 4.81839 246.058 
v 121.318 4.8541 245.206 
v 121.318 4.43142 245.206 
v 121.318 4.43142 245.206 
v 121.318 4.8541 245.206 
v 121.318 4.43375 244.581 
v 121.317 4.81839 244.354 
v 121.393 5.34176 244.402 
v 121.317 4.81839 244.354 
v 121.393 5.33944 244.475 
v 121.318 4.8541 245.206 
v 121.317 4.81839 246.058 
v 121.393 5.33943 245.937 
v 121.318 4.8541 245.206 
v 121.393 5.34176 246.009 
v 120.54 6.67709 244.48 
v 120.645 6.51448 244.518 
v 120.54 6.67476 244.534 
v 120.645 6.51681 244.464 
v 120.54 6.67709 245.931 
v 120.645 6.51448 245.894 
v 120.645 6.51681 245.948 
v 120.54 6.67476 245.877 
v 120.202 7.08674 244.612 
v 120.54 6.67476 244.534 
v 120.202 7.08441 244.666 
v 120.54 6.67709 244.48 
v 120.202 7.08674 245.8 
v 120.54 6.67476 245.877 
v 120.54 6.67709 245.931 
v 120.202 7.08441 245.746 
v 121.644 5.68447 244.458 
v 121.393 5.33944 244.475 
v 121.644 5.68215 244.512 
v 121.393 5.34176 244.402 
v 121.644 5.68447 245.954 
v 121.393 5.33943 245.937 
v 121.393 5.34176 246.009 
v 121.644 5.68215 245.899 
v 121.878 5.18358 244.363 
v 121.847 5.05145 244.363 
v 121.878 5.18125 244.418 
v 121.847 5.04912 244.418 
v 121.847 5.05145 246.048 
v 121.878 5.18358 246.048 
v 121.878 5.18125 245.994 
v 121.847 5.04912 245.994 
v 121.945 5.3157 244.363 
v 121.878 5.18358 244.363 
v 121.946 5.31338 244.418 
v 121.878 5.18125 244.418 
v 121.878 5.18358 246.048 
v 121.945 5.3157 246.048 
v 121.946 5.31338 245.994 
v 121.878 5.18125 245.994 
v 125.547 6.71895 245.206 
v 125.547 6.71895 245.314 
v 121.549 5.30813 246.022 
v 121.549 5.30813 244.39 
v 117.269 5.92523 245.721 
v 117.769 6.42846 245.721 
v 117.269 5.92523 244.691 
v 117.769 6.42846 244.691 
v 123.038 5.38352 244.322 
v 122.989 5.13159 244.322 
v 123.038 5.38119 244.376 
v 122.989 5.12926 244.376 
v 122.989 5.13159 246.09 
v 123.038 5.38352 246.09 
v 123.038 5.38119 246.036 
v 122.989 5.12926 246.036 
v 127.505 5.89884 245.314 
v 127.681 5.25912 245.314 
v 123.081 5.50681 244.322 
v 123.038 5.38352 244.322 
v 123.081 5.50449 244.376 
v 123.038 5.38119 244.376 
v 123.038 5.38352 246.09 
v 123.081 5.50681 246.09 
v 123.081 5.50449 246.036 
v 123.038 5.38119 246.036 
v 127.51 4.61569 245.314 
v 127.007 6.37793 245.314 
v 125.547 6.55949 245.314 
v 125.547 6.55949 245.097 
v 127.007 6.37793 245.206 
v 127.51 4.61569 245.206 
v 127.592 5.94215 245.206 
v 127.768 5.29643 245.206 
v 127.584 4.61896 245.31 
v 117.769 6.42846 245.538 
v 125.547 6.55949 245.314 
v 125.547 6.71895 245.314 
v 125.547 6.55949 245.206 
v 125.547 6.71895 245.206 
v 125.547 6.55949 245.206 
v 125.547 6.71895 245.206 
v 125.547 6.71895 245.097 
v 125.547 6.55949 245.097 
v 127.105 4.01745 245.314 
v 127.034 4.16092 245.314 
v 127.105 4.01745 245.206 
v 127.034 4.16092 245.206 
v 127.105 4.01745 245.206 
v 127.034 4.16092 245.206 
v 127.034 4.16092 245.097 
v 127.105 4.01745 245.097 
v 127.681 5.25912 245.206 
v 127.505 5.89884 245.206 
v 127.505 5.89884 245.097 
v 127.681 5.25912 245.097 
v 127.505 5.89884 245.206 
v 127.681 5.25912 245.206 
v 127.505 5.89884 245.314 
v 127.681 5.25912 245.314 
v 127.768 5.29643 245.206 
v 127.592 5.94215 245.102 
v 127.768 5.29643 245.102 
v 127.592 5.94215 245.206 
v 127.592 5.94215 245.31 
v 127.768 5.29643 245.206 
v 127.768 5.29643 245.31 
v 127.592 5.94215 245.206 
v 127.51 4.61569 245.206 
v 127.681 5.25912 245.206 
v 127.681 5.25912 245.097 
v 127.51 4.61569 245.097 
v 127.681 5.25912 245.206 
v 127.51 4.61569 245.206 
v 127.681 5.25912 245.314 
v 127.51 4.61569 245.314 
v 127.584 4.61896 245.31 
v 127.768 5.29643 245.31 
v 127.768 5.29643 245.206 
v 127.584 4.61896 245.206 
v 127.584 4.61896 245.102 
v 127.768 5.29643 245.102 

vn -0.968504 -0.259843 0 
vn -0.968504 -0.259843 0 
vn -0.968504 -0.259843 0 
vn -0.968504 -0.259843 0 
vn -0.968504 -0.259843 0 
vn -0.968504 -0.259843 0 
vn -0.968504 0.251969 0 
vn -0.968504 0.251969 0 
vn -0.968504 0.251969 0 
vn -0.708661 0.700787 0 
vn -0.708661 0.700787 0 
vn -0.708661 0.700787 0 
vn -0.708661 0.700787 0 
vn 0.968504 -0.259843 0 
vn 0.968504 -0.259843 0 
vn 0.968504 -0.259843 0 
vn 0.968504 -0.259843 0 
vn 0.968504 0.259843 0 
vn 0.96063 0.267717 0 
vn 0.685039 -0.724409 0 
vn 0.685039 -0.724409 0 
vn 0.685039 -0.724409 0 
vn 0.692913 -0.724409 0 
vn 0.700787 0.716535 0 
vn 0.700787 0.716535 0 
vn 0.897638 0.440945 0 
vn 0.897638 0.440945 0 
vn -0.307087 0.952756 0 
vn -0.307087 0.952756 0 
vn -0.307087 0.952756 0 
vn -0.346457 0.937008 -0.0393701 
vn -0.346457 0.937008 -0.0393701 
vn 1 0 0 
vn 1 0 0 
vn -1 0 0 
vn -0.992126 0.149606 0.00787402 
vn -0.834646 -0.543307 0.015748 
vn -0.834646 -0.543307 0.015748 
vn 0.267717 0.96063 0 
vn 0.267717 0.96063 0 
vn 0.818898 -0.448819 0.362205 
vn 0.818898 -0.448819 0.362205 
vn 0.259843 0.968504 0 
vn -0.811024 0.590551 -0.023622 
vn -0.976378 0.228346 -0.015748 
vn -0.677165 -0.732283 0.023622 
vn 0.866142 -0.503937 0.0314961 
vn 0.866142 -0.503937 0.0314961 
vn -0.102362 0.23622 0.968504 
vn -0.102362 0.23622 0.968504 
vn -0.102362 0.23622 0.968504 
vn -0.102362 0.23622 0.968504 
vn 0.0314961 -0.519685 0.858268 
vn 0.0314961 -0.519685 0.858268 
vn 0.0314961 -0.519685 0.858268 
vn 0.0314961 -0.519685 0.858268 
vn -0.889764 0.456693 -0.023622 
vn 0.00787402 1 0 
vn 0.00787402 1 0 
vn -0.0787402 0.0787402 0.992126 
vn -0.0787402 0.0787402 0.992126 
vn -0.0787402 0.0787402 0.992126 
vn -0.0787402 0.0787402 0.992126 
vn -0.0866142 0.0314961 1 
vn -0.0866142 0.0314961 1 
vn -0.0866142 0.0314961 1 
vn -0.0866142 0.0314961 1 
vn -0.0708661 0.015748 1 
vn -0.0708661 0.015748 1 
vn -0.0708661 0.015748 1 
vn -0.0708661 0.015748 1 
vn -0.110236 0.204724 0.976378 
vn -0.110236 0.204724 0.976378 
vn -0.110236 0.204724 0.976378 
vn -0.110236 0.204724 0.976378 
vn -0.0393701 0.0787402 1 
vn -0.0393701 0.0787402 1 
vn -0.0393701 0.0787402 1 
vn -0.0393701 0.0787402 1 
vn 0 0 1 
vn 0 0 1 
vn 0 0 1 
vn 0 0 1 
vn 0 0 1 
vn 0 0 1 
vn 0 0 1 
vn 0 0 1 
vn 0.00787402 0 1 
vn 0.00787402 0 1 
vn 0.00787402 0 1 
vn 0.00787402 0 1 
vn -0.0787402 0.0629921 0.992126 
vn -0.0787402 0.0629921 0.992126 
vn -0.0787402 0.0629921 0.992126 
vn -0.0787402 0.0629921 0.992126 
vn -0.023622 0.0551181 1 
vn -0.023622 0.0551181 1 
vn -0.023622 0.0551181 1 
vn -0.023622 0.0551181 1 
vn 0 0 1 
vn 0 0 1 
vn 0 0 1 
vn 0 0 1 
vn -0.0472441 0.102362 0.992126 
vn -0.0472441 0.102362 0.992126 
vn -0.0472441 0.102362 0.992126 
vn -0.0472441 0.102362 0.992126 
vn -0.0866142 0.19685 0.976378 
vn -0.0866142 0.19685 0.976378 
vn -0.0866142 0.19685 0.976378 
vn -0.0866142 0.19685 0.976378 
vn 0 0 1 
vn 0 0 1 
vn 0 0 1 
vn 0 0 1 
vn -0.0472441 0.0472441 1 
vn -0.0472441 0.0472441 1 
vn -0.0472441 0.0472441 1 
vn -0.0472441 0.0472441 1 
vn -0.0393701 0.133858 0.992126 
vn -0.0393701 0.133858 0.992126 
vn -0.0393701 0.133858 0.992126 
vn -0.0393701 0.133858 0.992126 
vn -0.0393701 0.125984 0.992126 
vn -0.0393701 0.125984 0.992126 
vn -0.0393701 0.125984 0.992126 
vn -0.0393701 0.125984 0.992126 
vn -0.0472441 0.15748 0.984252 
vn -0.0472441 0.15748 0.984252 
vn -0.0472441 0.15748 0.984252 
vn -0.0472441 0.15748 0.984252 
vn -0.0314961 0.0866142 0.992126 
vn -0.0314961 0.0866142 0.992126 
vn -0.0314961 0.0866142 0.992126 
vn -0.0314961 0.0866142 0.992126 
vn -0.0551181 0.322835 0.944882 
vn -0.0551181 0.322835 0.944882 
vn -0.0551181 0.322835 0.944882 
vn -0.0551181 0.322835 0.944882 
vn 0.00787402 -0.0472441 1 
vn 0.00787402 -0.0472441 1 
vn 0.00787402 -0.0472441 1 
vn 0.00787402 -0.0472441 1 
vn -0.23622 0.401575 0.88189 
vn -0.23622 0.401575 0.88189 
vn -0.23622 0.401575 0.88189 
vn -0.23622 0.401575 0.88189 
vn -0.0551181 1 -0.0393701 
vn 0 0 1 
vn 0 0 1 
vn 0 0 1 
vn 0 0 1 
vn 0 0 1 
vn 0 0 1 
vn 0 0 1 
vn 0 0 1 
vn 0 0 1 
vn 0 0 1 
vn 0 0 1 
vn 0 0 1 
vn 0 0 1 
vn 0 0 1 
vn 0 0 1 
vn 0 0 1 
vn 0 0 -1 
vn 0 0 -1 
vn 0 0 -1 
vn 0.15748 -0.228346 0.96063 
vn 0.15748 -0.228346 0.96063 
vn 0.15748 -0.228346 0.96063 
vn 0.15748 -0.228346 0.96063 
vn 0.0787402 0.0393701 1 
vn 0.0787402 0.0393701 1 
vn 0.0787402 0.0393701 1 
vn 0.0787402 0.0393701 1 
vn 0.0944882 0.023622 0.992126 
vn 0.0944882 0.023622 0.992126 
vn 0.0944882 0.023622 0.992126 
vn 0.0944882 0.023622 0.992126 
vn 0.0708661 -0.015748 1 
vn 0.0708661 -0.015748 1 
vn 0.0708661 -0.015748 1 
vn 0.0708661 -0.015748 1 
vn 0.0708661 0.0708661 -0.992126 
vn 0.0708661 0.0708661 0.992126 
vn 0.0708661 0.0708661 0.992126 
vn 0.0708661 0.0708661 0.992126 
vn 0.0708661 0.0708661 0.992126 
vn 0.0393701 0 1 
vn 0.0393701 0 1 
vn 0.0393701 0 1 
vn 0.0393701 0 1 
vn 0.0393701 0 -1 
vn 0.0314961 -0.0393701 1 
vn 0.0314961 -0.0393701 1 
vn 0.0314961 -0.0393701 1 
vn 0.0314961 -0.0393701 1 
vn 0 -0.0551181 1 
vn 0 -0.0551181 1 
vn 0 -0.0551181 1 
vn 0 -0.0551181 1 
vn 0.023622 0.0787402 1 
vn 0.023622 0.0787402 1 
vn 0.023622 0.0787402 1 
vn 0.023622 0.0787402 1 
vn 0.023622 0.0787402 -1 
vn 0 0 1 
vn 0 0 1 
vn 0 0 1 
vn 0 0 1 
vn 0 0 1 
vn 0 0 1 
vn 0 0 1 
vn 0 0 1 
vn 0 0 1 
vn 0 0 1 
vn 0 0 1 
vn 0 0 1 
vn 0 0 1 
vn 0 0 1 
vn 0 0 -1 
vn 0 0 -1 
vn 0 0 -1 
vn 0 0 -1 
vn 0 0 -1 
vn -0.015748 -0.0629921 1 
vn -0.015748 -0.0629921 1 
vn -0.015748 -0.0629921 1 
vn -0.015748 -0.0629921 1 
vn -0.0314961 0.0314961 1 
vn -0.0314961 0.0314961 1 
vn -0.0314961 0.0314961 1 
vn -0.0314961 0.0314961 1 
vn 0 0.0629921 1 
vn 0 0.0629921 1 
vn 0 0.0629921 1 
vn 0 0.0629921 1 
vn -0.0551181 -0.0551181 1 
vn -0.0551181 -0.0551181 1 
vn -0.0551181 -0.0551181 1 
vn -0.0551181 -0.0551181 1 
vn -0.0551181 0.015748 1 
vn -0.0551181 0.015748 1 
vn -0.0551181 0.015748 1 
vn -0.0551181 0.015748 1 
vn -0.0708661 -0.023622 1 
vn -0.0708661 -0.023622 1 
vn -0.0708661 -0.023622 1 
vn -0.0708661 -0.023622 1 
vn 0 0 1 
vn 0 0 1 
vn 0 0 1 
vn 0 0 1 
vn 0 0 1 
vn 0 0 1 
vn 0 0 1 
vn 0 0 1 
vn 0 0 1 
vn 0 0 1 
vn 0 0 1 
vn 0 0 1 
vn 0 0 1 
vn 0 0 1 
vn 0 0 1 
vn 0 0 1 
vn -0.968504 0.251969 0 
vn -0.968504 0.251969 0 
vn -0.708661 0.700787 0 
vn 0.968504 -0.259843 0 
vn 0.968504 -0.259843 0 
vn 0.968504 -0.259843 0 
vn 0.968504 0.259843 0 
vn 0.96063 0.267717 0 
vn 0.685039 -0.724409 0 
vn 0.685039 -0.724409 0 
vn 0.685039 -0.724409 0 
vn 0.685039 -0.724409 0 
vn 0.685039 -0.724409 0 
vn 0.685039 -0.724409 0 
vn 0.685039 -0.724409 0 
vn 0.685039 -0.724409 0 
vn 0.692913 -0.724409 0 
vn 0.692913 -0.724409 0 
vn 0.692913 -0.724409 0 
vn 0.692913 -0.724409 0 
vn 0.692913 -0.724409 0 
vn 0.692913 -0.724409 0 
vn -0.307087 0.952756 0 
vn -0.307087 0.952756 0 
vn -0.307087 0.952756 0 
vn -0.346457 0.937008 -0.0393701 
vn -0.346457 0.937008 -0.0393701 
vn -0.346457 0.937008 -0.0393701 
vn -0.346457 0.937008 0.0393701 
vn -0.834646 -0.543307 -0.015748 
vn -0.834646 -0.543307 -0.015748 
vn 0.818898 -0.448819 0.362205 
vn 0.818898 -0.448819 0.362205 
vn -0.976378 0.228346 0.015748 
vn -0.976378 0.228346 0.015748 
vn -0.976378 0.228346 -0.015748 
vn -0.976378 0.228346 -0.015748 
vn -0.677165 -0.732283 -0.023622 
vn -0.677165 -0.732283 -0.023622 
vn -0.677165 -0.732283 -0.023622 
vn -0.677165 -0.732283 -0.023622 
vn -0.677165 -0.732283 0.023622 
vn -0.677165 -0.732283 0.023622 
vn -0.677165 -0.732283 0.023622 
vn -0.677165 -0.732283 0.023622 
vn 0.11811 -0.992126 0 
vn 0.11811 -0.992126 0 
vn 0.11811 -0.992126 0 
vn 0.11811 -0.992126 0 
vn 0.11811 -0.992126 0 
vn 0.11811 -0.992126 0 
vn 0.11811 -0.992126 0 
vn 0.11811 -0.992126 0 
vn -0.0787402 0.0787402 0.992126 
vn -0.0787402 0.0787402 -0.992126 
vn -0.0866142 0.0314961 -1 
vn -0.0708661 0.015748 1 
vn -0.0708661 0.015748 -1 
vn 0 0 1 
vn -0.0472441 0.0472441 1 
vn -0.0472441 0.0472441 -1 
vn 0.00787402 -0.0472441 1 
vn 0.00787402 -0.0472441 -1 
vn -0.23622 0.401575 0.88189 
vn -0.23622 0.401575 -0.88189 
vn -0.0551181 1 -0.0393701 
vn -0.0551181 1 -0.0393701 
vn -0.0551181 1 0.0393701 
vn -0.0551181 1 0.0393701 
vn 0.0629921 -1 0.0393701 
vn 0.0629921 -1 0.0393701 
vn 0.0629921 -1 0.0393701 
vn 0.0629921 -1 0.0393701 
vn 0.0629921 -1 -0.0393701 
vn 0.0629921 -1 -0.0393701 
vn 0.0629921 -1 -0.0393701 
vn 0.0629921 -1 -0.0393701 
vn 0.0551181 -1 0.0393701 
vn 0.0551181 -1 0.0393701 
vn 0.0551181 -1 0.0393701 
vn 0.0551181 -1 0.0393701 
vn 0.0551181 -1 -0.0393701 
vn 0.0551181 -1 -0.0393701 
vn 0.0551181 -1 -0.0393701 
vn 0.0551181 -1 -0.0393701 
vn 0.0708661 -1 -0.0393701 
vn 0.0708661 -1 -0.0393701 
vn 0.0708661 -1 -0.0393701 
vn 0.0708661 -1 -0.0393701 
vn 0.0708661 -1 0.0393701 
vn 0.0708661 -1 0.0393701 
vn 0.0708661 -1 0.0393701 
vn 0.0708661 -1 0.0393701 
vn 0.181102 -0.984252 -0.0472441 
vn 0.181102 -0.984252 -0.0472441 
vn 0.181102 -0.984252 -0.0472441 
vn 0.181102 -0.984252 -0.0472441 
vn 0.181102 -0.984252 0.0472441 
vn 0.181102 -0.984252 0.0472441 
vn 0.181102 -0.984252 0.0472441 
vn 0.181102 -0.984252 0.0472441 
vn 0 0 1 
vn 0 0 1 
vn 0 0 1 
vn 0 0 -1 
vn 0 0 -1 
vn 0 0 -1 
vn 0.15748 -0.228346 0.96063 
vn 0.15748 -0.228346 -0.96063 
vn 0.0944882 0.023622 -0.992126 
vn -0.417323 0.905512 0.0393701 
vn 0.0708661 0.0708661 -0.992126 
vn 0.0393701 0 1 
vn 0.0393701 0 -1 
vn 0.0472441 -1 -0.0393701 
vn 0.0472441 -1 -0.0393701 
vn 0.0472441 -1 -0.0393701 
vn 0.0472441 -1 -0.0393701 
vn 0.0472441 -1 0.0393701 
vn 0.0472441 -1 0.0393701 
vn 0.0472441 -1 0.0393701 
vn 0.0472441 -1 0.0393701 
vn 0.0472441 -1 -0.0393701 
vn 0.0472441 -1 -0.0393701 
vn 0.0472441 -1 -0.0393701 
vn 0.0472441 -1 -0.0393701 
vn 0.0472441 -1 0.0393701 
vn 0.0472441 -1 0.0393701 
vn 0.0472441 -1 0.0393701 
vn 0.0472441 -1 0.0393701 
vn 0.0472441 -1 -0.0393701 
vn 0.0472441 -1 -0.0393701 
vn 0.0472441 -1 -0.0393701 
vn 0.0472441 -1 -0.0393701 
vn 0.0472441 -1 0.0393701 
vn 0.0472441 -1 0.0393701 
vn 0.0472441 -1 0.0393701 
vn 0.0472441 -1 0.0393701 
vn -0.204724 -0.976378 -0.0393701 
vn -0.204724 -0.976378 -0.0393701 
vn -0.204724 -0.976378 -0.0393701 
vn -0.204724 -0.976378 -0.0393701 
vn -0.204724 -0.976378 0.0393701 
vn -0.204724 -0.976378 0.0393701 
vn -0.204724 -0.976378 0.0393701 
vn -0.204724 -0.976378 0.0393701 
vn 0.023622 0.0787402 -1 
vn 0 0 1 
vn 0 0 1 
vn 0 0 -1 
vn 0.15748 -0.984252 0.0472441 
vn 0.15748 -0.984252 0.0472441 
vn 0.15748 -0.984252 0.0472441 
vn 0.15748 -0.984252 0.0472441 
vn 0.15748 -0.984252 -0.0472441 
vn 0.15748 -0.984252 -0.0472441 
vn 0.15748 -0.984252 -0.0472441 
vn 0.15748 -0.984252 -0.0472441 
vn 0.11811 -0.992126 -0.0314961 
vn 0.11811 -0.992126 -0.0314961 
vn 0.11811 -0.992126 -0.0314961 
vn 0.11811 -0.992126 -0.0314961 
vn 0.11811 -0.992126 0.0314961 
vn 0.11811 -0.992126 0.0314961 
vn 0.11811 -0.992126 0.0314961 
vn 0.11811 -0.992126 0.0314961 
vn 0 0 1 
vn 0 0 1 
vn 0 0 -1 
vn 0 0 -1 
vn 0.00787402 -1 0.0393701 
vn 0.00787402 -1 0.0393701 
vn 0.00787402 -1 0.0393701 
vn 0.00787402 -1 0.0393701 
vn 0.00787402 -1 -0.0393701 
vn 0.00787402 -1 -0.0393701 
vn 0.00787402 -1 -0.0393701 
vn 0.00787402 -1 -0.0393701 
vn 0.00787402 -1 -0.0314961 
vn 0.00787402 -1 -0.0314961 
vn 0.00787402 -1 -0.0314961 
vn 0.00787402 -1 -0.0314961 
vn 0.00787402 -1 0.0314961 
vn 0.00787402 -1 0.0314961 
vn 0.00787402 -1 0.0314961 
vn 0.00787402 -1 0.0314961 
vn 0.0314961 -1 -0.0393701 
vn 0.0314961 -1 -0.0393701 
vn 0.0314961 -1 -0.0393701 
vn 0.0314961 -1 -0.0393701 
vn 0.0314961 -1 0.0393701 
vn 0.0314961 -1 0.0393701 
vn 0.0314961 -1 0.0393701 
vn 0.0314961 -1 0.0393701 
vn 0.0551181 -1 -0.0393701 
vn 0.0551181 -1 -0.0393701 
vn 0.0551181 -1 -0.0393701 
vn 0.0551181 -1 -0.0393701 
vn 0.0551181 -1 0.0393701 
vn 0.0551181 -1 0.0393701 
vn 0.0551181 -1 0.0393701 
vn 0.0551181 -1 0.0393701 
vn 0.496063 -0.866142 0.0393701 
vn 0.496063 -0.866142 0.0393701 
vn 0.496063 -0.866142 0.0393701 
vn 0.496063 -0.866142 0.0393701 
vn 0.496063 -0.866142 -0.0393701 
vn 0.496063 -0.866142 -0.0393701 
vn 0.496063 -0.866142 -0.0393701 
vn 0.496063 -0.866142 -0.0393701 
vn -0.015748 -1 0 
vn -0.015748 -1 0 
vn -0.015748 -1 0 
vn -0.015748 -1 0 
vn -0.015748 -1 0 
vn -0.015748 -1 0 
vn -0.015748 -1 0 
vn -0.015748 -1 0 
vn -0.00787402 -1 0 
vn -0.00787402 -1 0 
vn -0.00787402 -1 0 
vn -0.00787402 -1 0 
vn -0.00787402 -1 0 
vn -0.00787402 -1 0 
vn -0.00787402 -1 0 
vn -0.00787402 -1 0 
vn 0.669291 0.740157 0.023622 
vn -0.259843 -0.968504 0 
vn -0.259843 -0.968504 0 
vn -0.259843 -0.968504 0 
vn -0.259843 -0.968504 0 
vn -0.259843 -0.968504 0 
vn -0.259843 -0.968504 0 
vn -0.259843 -0.968504 0 
vn -0.259843 -0.968504 0 
vn 0.393701 -0.92126 0 
vn 0.393701 -0.92126 0 
vn 0.393701 -0.92126 0 
vn 0.393701 -0.92126 0 
vn 0.393701 -0.92126 0 
vn 0.393701 -0.92126 0 
vn 0.393701 -0.92126 0 
vn 0.393701 -0.92126 0 
vn -0.267717 -0.96063 0 
vn -0.267717 -0.96063 0 
vn -0.267717 -0.96063 0 
vn -0.267717 -0.96063 0 
vn -0.267717 -0.96063 0 
vn -0.267717 -0.96063 0 
vn -0.267717 -0.96063 0 
vn -0.267717 -0.96063 0 
vn 0.267717 -0.96063 0 
vn 0.267717 -0.96063 0 
vn 0.267717 -0.96063 0 
vn 0.267717 -0.96063 0 
vn 0.267717 -0.96063 0 
vn 0.267717 -0.96063 0 
vn 0.267717 -0.96063 0 
vn 0.267717 -0.96063 0 
vn -0.692913 -0.724409 0 
vn -0.692913 -0.724409 0 
vn -0.692913 -0.724409 0 
vn -0.692913 -0.724409 0 
vn -0.692913 -0.724409 0 
vn -0.692913 -0.724409 0 
vn -0.692913 -0.724409 0 
vn -0.692913 -0.724409 0 
vn -0.700787 -0.716535 0 
vn -0.700787 -0.716535 0 
vn -0.700787 -0.716535 0 
vn -0.700787 -0.716535 0 
vn -0.700787 -0.716535 0 
vn -0.700787 -0.716535 0 
vn -0.700787 -0.716535 0 
vn -0.700787 -0.716535 0 
vn -0.968504 -0.259843 0 
vn -0.968504 -0.259843 0 
vn -0.968504 -0.259843 0 
vn -0.968504 -0.259843 0 
vn -0.968504 0.251969 0 
vn -0.968504 0.251969 0 
vn -0.708661 0.700787 0 
vn 0.968504 -0.259843 0 
vn 0.968504 -0.259843 0 
vn 0.968504 -0.259843 0 
vn 0.968504 -0.259843 0 
vn 0.968504 -0.259843 0 
vn 0.968504 -0.259843 0 
vn 0.968504 -0.259843 0 
vn 0.968504 -0.259843 0 
vn 0.968504 -0.259843 0 
vn 0.968504 -0.259843 0 
vn 0.968504 -0.259843 0 
vn 0.968504 -0.259843 0 
vn 0.968504 -0.259843 0 
vn 0.968504 -0.259843 0 
vn 0.968504 -0.259843 0 
vn 0.968504 -0.259843 0 
vn 0.968504 0.259843 0 
vn 0.968504 0.259843 0 
vn 0.968504 0.259843 0 
vn 0.968504 0.259843 0 
vn 0.968504 0.259843 0 
vn 0.968504 0.259843 0 
vn 0.968504 0.259843 0 
vn 0.968504 0.259843 0 
vn 0.96063 0.267717 0 
vn 0.96063 0.267717 0 
vn 0.96063 0.267717 0 
vn 0.96063 0.267717 0 
vn 0.96063 0.267717 0 
vn 0.96063 0.267717 0 
vn 0.692913 -0.724409 0 
vn 0.692913 -0.724409 0 
vn 0.700787 0.716535 0 
vn 0.897638 0.440945 0 
vn 0.897638 0.440945 0 
vn 0.897638 0.440945 0 
vn 0.897638 0.440945 0 
vn 0.897638 0.440945 0 
vn 0.897638 0.440945 0 
vn 0.897638 0.440945 0 
vn 0.897638 0.440945 0 
vn -0.307087 0.952756 0 
vn -0.307087 0.952756 0 
vn -0.307087 0.952756 0 
vn -0.307087 0.952756 0 
vn 1 0 0 
vn 1 0 0 
vn 1 0 0 
vn 1 0 0 
vn 1 0 0 
vn 1 0 0 
vn 1 0 0 
vn 1 0 0 
vn -1 0 0 
vn -1 0 0 
vn -1 0 0 
vn -1 0 0 
vn -1 0 0 
vn -1 0 0 
vn 0.984252 0.181102 0 
vn 0.984252 0.181102 0 
vn 0.984252 0.181102 0 
vn 0.984252 0.181102 0 
vn 0.984252 0.181102 0 
vn 0.984252 0.181102 0 
vn 0.984252 0.181102 0 
vn 0.984252 0.181102 0 
vn -0.992126 0.149606 -0.00787402 
vn 0.818898 -0.448819 -0.362205 
vn 0.818898 -0.448819 -0.362205 
vn 0.818898 -0.448819 -0.362205 
vn 0.818898 -0.448819 -0.362205 
vn 0.818898 -0.448819 0.362205 
vn 0.818898 -0.448819 0.362205 
vn 0.818898 -0.448819 0.362205 
vn 0.818898 -0.448819 0.362205 
vn 0.874016 -0.480315 0.023622 
vn 0.874016 -0.480315 0.023622 
vn 0.874016 -0.480315 0.023622 
vn 0.874016 -0.480315 0.023622 
vn 0.874016 -0.480315 -0.023622 
vn 0.874016 -0.480315 -0.023622 
vn 0.874016 -0.480315 -0.023622 
vn 0.874016 -0.480315 -0.023622 
vn -0.811024 0.590551 -0.023622 
vn -0.677165 -0.732283 -0.023622 
vn 0.866142 -0.503937 -0.0314961 
vn 0.866142 -0.503937 -0.0314961 
vn 0.866142 -0.503937 -0.0314961 
vn 0.866142 -0.503937 -0.0314961 
vn 0.866142 -0.503937 0.0314961 
vn 0.866142 -0.503937 0.0314961 
vn 0.866142 -0.503937 0.0314961 
vn 0.866142 -0.503937 0.0314961 
vn -0.0787402 0.0787402 -0.992126 
vn -0.110236 0.204724 0.976378 
vn -0.110236 0.204724 -0.976378 
vn -0.110236 0.204724 -0.976378 
vn 0 0 1 
vn -0.0393701 0.125984 0.992126 
vn -0.0393701 0.125984 -0.992126 
vn -0.0472441 0.15748 0.984252 
vn -0.0472441 0.15748 -0.984252 
vn 0.0708661 -1 0.0393701 
vn 0 0 1 
vn 0 0 1 
vn 0 0 1 
vn 0 0 1 
vn 0 0 -1 
vn 0 0 -1 
vn 0 0 -1 
vn 0 0 -1 
vn 0.0944882 0.023622 -0.992126 
vn 0.0944882 0.023622 -0.992126 
vn 0.0708661 0.0708661 -0.992126 
vn 0.944882 -0.330709 -0.023622 
vn 0.944882 -0.330709 -0.023622 
vn 0.944882 -0.330709 -0.023622 
vn 0.944882 -0.330709 -0.023622 
vn 0.944882 -0.330709 0.023622 
vn 0.944882 -0.330709 0.023622 
vn 0.944882 -0.330709 0.023622 
vn 0.944882 -0.330709 0.023622 
vn 0.984252 -0.188976 0.015748 
vn 0.984252 -0.188976 0.015748 
vn 0.984252 -0.188976 0.015748 
vn 0.984252 -0.188976 0.015748 
vn 0.984252 -0.188976 -0.015748 
vn 0.984252 -0.188976 -0.015748 
vn 0.984252 -0.188976 -0.015748 
vn 0.984252 -0.188976 -0.015748 
vn 0 0 1 
vn 0 0 -1 
vn 0 0 -1 
vn -0.0314961 0.0314961 1 
vn -0.0787402 0.992126 -0.0472441 
vn -0.0787402 0.992126 0.0472441 
vn 0 0 1 
vn 0 0 1 
vn 0 0 1 
vn 0 0 -1 
vn 0 0 -1 
vn 0 0 -1 
vn 0.944882 -0.322835 0.023622 
vn 0.944882 -0.322835 0.023622 
vn 0.944882 -0.322835 0.023622 
vn 0.944882 -0.322835 0.023622 
vn 0.944882 -0.322835 -0.023622 
vn 0.944882 -0.322835 -0.023622 
vn 0.944882 -0.322835 -0.023622 
vn 0.944882 -0.322835 -0.023622 
vn 0.984252 -0.188976 0.015748 
vn 0.984252 -0.188976 0.015748 
vn 0.984252 -0.188976 0.015748 
vn 0.984252 -0.188976 0.015748 
vn 0.984252 -0.188976 0.015748 
vn 0.984252 -0.188976 0.015748 
vn 0.984252 -0.188976 0.015748 
vn 0.984252 -0.188976 0.015748 
vn 0.984252 -0.188976 -0.015748 
vn 0.984252 -0.188976 -0.015748 
vn 0.984252 -0.188976 -0.015748 
vn 0.984252 -0.188976 -0.015748 
vn 0.984252 -0.188976 -0.015748 
vn 0.984252 -0.188976 -0.015748 
vn 0.984252 -0.188976 -0.015748 
vn 0.984252 -0.188976 -0.015748 
vn 0.669291 0.740157 0.023622 
vn 0.787402 -0.614173 0.023622 
vn 0.787402 -0.614173 0.023622 
vn 0.787402 -0.614173 0.023622 
vn 0.787402 -0.614173 0.023622 
vn 0.787402 -0.614173 -0.023622 
vn 0.787402 -0.614173 -0.023622 
vn 0.787402 -0.614173 -0.023622 
vn 0.787402 -0.614173 -0.023622 
vn 0.771654 0.637795 -0.023622 
vn 0.771654 0.637795 -0.023622 
vn 0.771654 0.637795 -0.023622 
vn 0.771654 0.637795 -0.023622 
vn 0.771654 0.637795 0.023622 
vn 0.771654 0.637795 0.023622 
vn 0.771654 0.637795 0.023622 
vn 0.771654 0.637795 0.023622 
vn 0.834646 0.543307 -0.015748 
vn 0.834646 0.543307 -0.015748 
vn 0.834646 0.543307 -0.015748 
vn 0.834646 0.543307 -0.015748 
vn 0.834646 0.543307 0.015748 
vn 0.834646 0.543307 0.015748 
vn 0.834646 0.543307 0.015748 
vn 0.834646 0.543307 0.015748 
vn 0.992126 -0.149606 0.00787402 
vn 0.992126 -0.149606 0.00787402 
vn 0.992126 -0.149606 0.00787402 
vn 0.992126 -0.149606 0.00787402 
vn 0.992126 -0.149606 -0.00787402 
vn 0.992126 -0.149606 -0.00787402 
vn 0.992126 -0.149606 -0.00787402 
vn 0.992126 -0.149606 -0.00787402 
vn 1 0 0 
vn 1 0 0 
vn 1 0 0 
vn 1 0 0 
vn 1 0 0 
vn 1 0 0 
vn 1 0 0 
vn 1 0 0 
vn 0.708661 -0.708661 0 
vn 0.708661 -0.708661 0 
vn 0.708661 -0.708661 0 
vn 0.708661 -0.708661 0 
vn 0.708661 -0.708661 0 
vn 0.708661 -0.708661 0 
vn 0.708661 -0.708661 0 
vn 0.708661 -0.708661 0 
vn 0.952756 0.299213 0 
vn 0.952756 0.299213 0 
vn 0.952756 0.299213 0 
vn 0.952756 0.299213 0 
vn 0.952756 0.299213 0 
vn 0.952756 0.299213 0 
vn 0.952756 0.299213 0 
vn 0.952756 0.299213 0 
vn 0.968504 -0.251969 0 
vn 0.968504 -0.251969 0 
vn 0.968504 -0.251969 0 
vn 0.968504 -0.251969 0 
vn 0.968504 -0.251969 0 
vn 0.968504 -0.251969 0 
vn 0.968504 -0.251969 0 
vn 0.968504 -0.251969 0 
vn 0.96063 0.267717 0 
vn 0.96063 0.267717 0 
vn 0.96063 0.267717 0 
vn 0.96063 0.267717 0 
vn 0.96063 0.267717 0 
vn 0.96063 0.267717 0 
vn 0.96063 0.267717 0 
vn 0.96063 0.267717 0 
vn -0.968504 -0.259843 0 
vn -0.968504 -0.259843 0 
vn -0.968504 -0.259843 0 
vn -0.968504 -0.259843 0 
vn -0.968504 -0.259843 0 
vn -0.968504 -0.259843 0 
vn -0.968504 0.251969 0 
vn -0.968504 0.251969 0 
vn -0.968504 0.251969 0 
vn -0.708661 0.700787 0 
vn -0.708661 0.700787 0 
vn 0.968504 -0.259843 0 
vn 0.968504 -0.259843 0 
vn 0.968504 -0.259843 0 
vn 0.968504 -0.259843 0 
vn 0.968504 -0.259843 0 
vn 0.96063 0.267717 0 
vn 0.685039 -0.724409 0 
vn 0.685039 -0.724409 0 
vn 0.692913 -0.724409 0 
vn 0.692913 -0.724409 0 
vn 0.700787 0.716535 0 
vn 0.897638 0.440945 0 
vn 0.897638 0.440945 0 
vn -0.307087 0.952756 0 
vn -0.307087 0.952756 0 
vn -0.346457 0.937008 0.0393701 
vn -0.346457 0.937008 0.0393701 
vn 1 0 0 
vn 1 0 0 
vn -1 0 0 
vn -0.992126 0.149606 -0.00787402 
vn -0.834646 -0.543307 -0.015748 
vn -0.834646 -0.543307 -0.015748 
vn 0.267717 0.96063 0 
vn 0.818898 -0.448819 -0.362205 
vn 0.818898 -0.448819 -0.362205 
vn 0.259843 0.968504 0 
vn -0.811024 0.590551 0.023622 
vn -0.811024 0.590551 0.023622 
vn -0.976378 0.228346 0.015748 
vn -0.677165 -0.732283 -0.023622 
vn 0.866142 -0.503937 -0.0314961 
vn 0.866142 -0.503937 -0.0314961 
vn -0.102362 0.23622 -0.968504 
vn -0.102362 0.23622 -0.968504 
vn -0.102362 0.23622 -0.968504 
vn -0.102362 0.23622 -0.968504 
vn 0.0314961 -0.519685 -0.858268 
vn 0.0314961 -0.519685 -0.858268 
vn 0.0314961 -0.519685 -0.858268 
vn 0.0314961 -0.519685 -0.858268 
vn -0.889764 0.456693 0.023622 
vn 0.00787402 1 0 
vn -0.0787402 0.0787402 -0.992126 
vn -0.0787402 0.0787402 -0.992126 
vn -0.0787402 0.0787402 -0.992126 
vn -0.0787402 0.0787402 -0.992126 
vn -0.0866142 0.0314961 -1 
vn -0.0866142 0.0314961 -1 
vn -0.0866142 0.0314961 -1 
vn -0.0866142 0.0314961 -1 
vn -0.0708661 0.015748 -1 
vn -0.0708661 0.015748 -1 
vn -0.0708661 0.015748 -1 
vn -0.0708661 0.015748 -1 
vn -0.110236 0.204724 -0.976378 
vn -0.110236 0.204724 -0.976378 
vn -0.110236 0.204724 -0.976378 
vn -0.110236 0.204724 -0.976378 
vn -0.0393701 0.0787402 -1 
vn -0.0393701 0.0787402 -1 
vn -0.0393701 0.0787402 -1 
vn -0.0393701 0.0787402 -1 
vn 0 0 -1 
vn 0 0 -1 
vn 0 0 -1 
vn 0 0 -1 
vn 0 0 -1 
vn 0 0 -1 
vn 0 0 -1 
vn 0 0 -1 
vn 0.00787402 0 -1 
vn 0.00787402 0 -1 
vn 0.00787402 0 -1 
vn 0.00787402 0 -1 
vn -0.0787402 0.0629921 -0.992126 
vn -0.0787402 0.0629921 -0.992126 
vn -0.0787402 0.0629921 -0.992126 
vn -0.0787402 0.0629921 -0.992126 
vn -0.023622 0.0551181 -1 
vn -0.023622 0.0551181 -1 
vn -0.023622 0.0551181 -1 
vn -0.023622 0.0551181 -1 
vn 0 0 -1 
vn 0 0 -1 
vn 0 0 -1 
vn 0 0 -1 
vn -0.0472441 0.102362 -0.992126 
vn -0.0472441 0.102362 -0.992126 
vn -0.0472441 0.102362 -0.992126 
vn -0.0472441 0.102362 -0.992126 
vn -0.0866142 0.19685 -0.976378 
vn -0.0866142 0.19685 -0.976378 
vn -0.0866142 0.19685 -0.976378 
vn -0.0866142 0.19685 -0.976378 
vn 0 0 -1 
vn 0 0 -1 
vn 0 0 -1 
vn 0 0 -1 
vn -0.0472441 0.0472441 -1 
vn -0.0472441 0.0472441 -1 
vn -0.0472441 0.0472441 -1 
vn -0.0472441 0.0472441 -1 
vn -0.0393701 0.133858 -0.992126 
vn -0.0393701 0.133858 -0.992126 
vn -0.0393701 0.133858 -0.992126 
vn -0.0393701 0.133858 -0.992126 
vn -0.0393701 0.125984 -0.992126 
vn -0.0393701 0.125984 -0.992126 
vn -0.0393701 0.125984 -0.992126 
vn -0.0393701 0.125984 -0.992126 
vn -0.0472441 0.15748 -0.984252 
vn -0.0472441 0.15748 -0.984252 
vn -0.0472441 0.15748 -0.984252 
vn -0.0472441 0.15748 -0.984252 
vn -0.0314961 0.0866142 -0.992126 
vn -0.0314961 0.0866142 -0.992126 
vn -0.0314961 0.0866142 -0.992126 
vn -0.0314961 0.0866142 -0.992126 
vn -0.0551181 0.322835 -0.944882 
vn -0.0551181 0.322835 -0.944882 
vn -0.0551181 0.322835 -0.944882 
vn -0.0551181 0.322835 -0.944882 
vn 0.00787402 -0.0472441 -1 
vn 0.00787402 -0.0472441 -1 
vn 0.00787402 -0.0472441 -1 
vn 0.00787402 -0.0472441 -1 
vn -0.23622 0.401575 -0.88189 
vn -0.23622 0.401575 -0.88189 
vn -0.23622 0.401575 -0.88189 
vn -0.23622 0.401575 -0.88189 
vn -0.0551181 1 0.0393701 
vn 0 0 1 
vn 0 0 1 
vn 0 0 -1 
vn 0 0 -1 
vn 0 0 -1 
vn 0 0 -1 
vn 0 0 -1 
vn 0 0 -1 
vn 0 0 -1 
vn 0 0 -1 
vn 0 0 -1 
vn 0 0 -1 
vn 0 0 -1 
vn 0 0 -1 
vn 0 0 -1 
vn 0 0 -1 
vn 0 0 -1 
vn 0 0 -1 
vn 0.15748 -0.228346 -0.96063 
vn 0.15748 -0.228346 -0.96063 
vn 0.15748 -0.228346 -0.96063 
vn 0.15748 -0.228346 -0.96063 
vn 0.0787402 0.0393701 -1 
vn 0.0787402 0.0393701 -1 
vn 0.0787402 0.0393701 -1 
vn 0.0787402 0.0393701 -1 
vn 0.0944882 0.023622 -0.992126 
vn 0.0944882 0.023622 -0.992126 
vn 0.0944882 0.023622 -0.992126 
vn 0.0944882 0.023622 -0.992126 
vn 0.0708661 -0.015748 -1 
vn 0.0708661 -0.015748 -1 
vn 0.0708661 -0.015748 -1 
vn 0.0708661 -0.015748 -1 
vn 0.0708661 0.0708661 -0.992126 
vn 0.0708661 0.0708661 -0.992126 
vn 0.0708661 0.0708661 -0.992126 
vn 0.0708661 0.0708661 -0.992126 
vn 0.0393701 0 -1 
vn 0.0393701 0 -1 
vn 0.0393701 0 -1 
vn 0.0393701 0 -1 
vn 0.0314961 -0.0393701 -1 
vn 0.0314961 -0.0393701 -1 
vn 0.0314961 -0.0393701 -1 
vn 0.0314961 -0.0393701 -1 
vn 0 -0.0551181 -1 
vn 0 -0.0551181 -1 
vn 0 -0.0551181 -1 
vn 0 -0.0551181 -1 
vn 0.023622 0.0787402 -1 
vn 0.023622 0.0787402 -1 
vn 0.023622 0.0787402 -1 
vn 0.023622 0.0787402 -1 
vn 0 0 1 
vn 0 0 1 
vn 0 0 1 
vn 0 0 1 
vn 0 0 1 
vn 0 0 -1 
vn 0 0 -1 
vn 0 0 -1 
vn 0 0 -1 
vn 0 0 -1 
vn 0 0 -1 
vn 0 0 -1 
vn 0 0 -1 
vn 0 0 -1 
vn 0 0 -1 
vn 0 0 -1 
vn 0 0 -1 
vn 0 0 -1 
vn 0 0 -1 
vn -0.015748 -0.0629921 -1 
vn -0.015748 -0.0629921 -1 
vn -0.015748 -0.0629921 -1 
vn -0.015748 -0.0629921 -1 
vn -0.0314961 0.0314961 -1 
vn -0.0314961 0.0314961 -1 
vn -0.0314961 0.0314961 -1 
vn -0.0314961 0.0314961 -1 
vn -0.0314961 0.0314961 1 
vn 0 0.0629921 -1 
vn 0 0.0629921 -1 
vn 0 0.0629921 -1 
vn 0 0.0629921 -1 
vn -0.0551181 -0.0551181 -1 
vn -0.0551181 -0.0551181 -1 
vn -0.0551181 -0.0551181 -1 
vn -0.0551181 -0.0551181 -1 
vn -0.0551181 0.015748 -1 
vn -0.0551181 0.015748 -1 
vn -0.0551181 0.015748 -1 
vn -0.0551181 0.015748 -1 
vn -0.0708661 -0.023622 -1 
vn -0.0708661 -0.023622 -1 
vn -0.0708661 -0.023622 -1 
vn -0.0708661 -0.023622 -1 
vn 0 0 -1 
vn 0 0 -1 
vn 0 0 -1 
vn 0 0 -1 
vn 0 0 -1 
vn 0 0 -1 
vn 0 0 -1 
vn 0 0 -1 
vn 0 0 -1 
vn 0 0 -1 
vn 0 0 -1 
vn 0 0 -1 
vn 0 0 -1 
vn 0 0 -1 
vn 0 0 -1 
vn 0 0 -1 
vn -0.968504 0.251969 0 
vn -0.708661 0.700787 0 
vn -0.708661 0.700787 0 
vn -0.708661 0.700787 0 
vn -0.708661 0.700787 0 
vn 0.968504 -0.259843 0 
vn 0.968504 0.259843 0 
vn 0.96063 0.267717 0 
vn 0.700787 0.716535 0 
vn 0.700787 0.716535 0 
vn 0.700787 0.716535 0 
vn 0.700787 0.716535 0 
vn 0.700787 0.716535 0 
vn 0.700787 0.716535 0 
vn 0.700787 0.716535 0 
vn 0.700787 0.716535 0 
vn 0.692913 0.724409 0 
vn 0.692913 0.724409 0 
vn 0.692913 0.724409 0 
vn 0.692913 0.724409 0 
vn 0.692913 0.724409 0 
vn 0.692913 0.724409 0 
vn 0.692913 0.724409 0 
vn 0.692913 0.724409 0 
vn 0.897638 0.440945 0 
vn 0.897638 0.440945 0 
vn -0.307087 0.952756 0 
vn -0.307087 0.952756 0 
vn -0.307087 0.952756 0 
vn -0.307087 0.952756 0 
vn -0.307087 0.952756 0 
vn -0.307087 0.952756 0 
vn -0.307087 0.952756 0 
vn -0.307087 0.952756 0 
vn -0.346457 0.937008 -0.0393701 
vn -0.346457 0.937008 -0.0393701 
vn -0.346457 0.937008 -0.0393701 
vn -0.346457 0.937008 -0.0393701 
vn -0.346457 0.937008 0.0393701 
vn -0.346457 0.937008 0.0393701 
vn -0.346457 0.937008 0.0393701 
vn -0.346457 0.937008 0.0393701 
vn 0.984252 0.181102 0 
vn -0.992126 0.149606 -0.00787402 
vn -0.834646 -0.543307 -0.015748 
vn -0.834646 -0.543307 -0.015748 
vn 0.267717 0.96063 0 
vn 0.267717 0.96063 0 
vn 0.267717 0.96063 0 
vn 0.267717 0.96063 0 
vn 0.267717 0.96063 0 
vn 0.267717 0.96063 0 
vn 0.267717 0.96063 0 
vn 0.267717 0.96063 0 
vn 0.818898 -0.448819 0.362205 
vn 0.259843 0.968504 0 
vn 0.259843 0.968504 0 
vn 0.259843 0.968504 0 
vn 0.259843 0.968504 0 
vn 0.259843 0.968504 0 
vn 0.259843 0.968504 0 
vn 0.259843 0.968504 0 
vn 0.259843 0.968504 0 
vn -0.811024 0.590551 0.023622 
vn -0.889764 0.456693 0.023622 
vn -0.889764 0.456693 0.023622 
vn -0.889764 0.456693 -0.023622 
vn -0.889764 0.456693 -0.023622 
vn 0.00787402 1 0 
vn 0.00787402 1 0 
vn 0.00787402 1 0 
vn 0.00787402 1 0 
vn 0.00787402 1 0 
vn 0.00787402 1 0 
vn 0.00787402 1 0 
vn 0.00787402 1 0 
vn -0.0787402 0.0787402 0.992126 
vn -0.0787402 0.0787402 -0.992126 
vn -0.0787402 0.0787402 -0.992126 
vn -0.0866142 0.0314961 -1 
vn -0.110236 0.204724 -0.976378 
vn 0 0 -1 
vn -0.0866142 0.19685 -0.976378 
vn 0 0 1 
vn 0 0 1 
vn 0 0 -1 
vn 0 0 -1 
vn -0.0472441 0.0472441 1 
vn -0.0472441 0.0472441 -1 
vn -0.0472441 0.15748 0.984252 
vn -0.0472441 0.15748 -0.984252 
vn 0.015748 1 0 
vn 0.015748 1 0 
vn 0.015748 1 0 
vn 0.015748 1 0 
vn 0.015748 1 0 
vn 0.015748 1 0 
vn 0.015748 1 0 
vn 0.015748 1 0 
vn 0.00787402 -0.0472441 1 
vn 0.00787402 -0.0472441 -1 
vn -0.23622 0.401575 0.88189 
vn -0.23622 0.401575 -0.88189 
vn -0.23622 0.401575 -0.88189 
vn -0.0551181 1 -0.0393701 
vn -0.0551181 1 -0.0393701 
vn -0.0551181 1 -0.0393701 
vn -0.0551181 1 -0.0393701 
vn -0.0551181 1 0.0393701 
vn -0.0551181 1 0.0393701 
vn -0.0551181 1 0.0393701 
vn -0.0551181 1 0.0393701 
vn -0.0314961 1 0.0393701 
vn -0.0314961 1 0.0393701 
vn -0.0314961 1 0.0393701 
vn -0.0314961 1 0.0393701 
vn -0.0314961 1 -0.0393701 
vn -0.0314961 1 -0.0393701 
vn -0.0314961 1 -0.0393701 
vn -0.0314961 1 -0.0393701 
vn -0.00787402 1 0.0314961 
vn -0.00787402 1 0.0314961 
vn -0.00787402 1 0.0314961 
vn -0.00787402 1 0.0314961 
vn -0.00787402 1 -0.0314961 
vn -0.00787402 1 -0.0314961 
vn -0.00787402 1 -0.0314961 
vn -0.00787402 1 -0.0314961 
vn -0.015748 1 0.0393701 
vn -0.015748 1 0.0393701 
vn -0.015748 1 0.0393701 
vn -0.015748 1 0.0393701 
vn -0.015748 1 -0.0393701 
vn -0.015748 1 -0.0393701 
vn -0.015748 1 -0.0393701 
vn -0.015748 1 -0.0393701 
vn 0 0 1 
vn 0 0 -1 
vn 0 0 -1 
vn -0.11811 0.992126 -0.0314961 
vn -0.11811 0.992126 -0.0314961 
vn -0.11811 0.992126 -0.0314961 
vn -0.11811 0.992126 -0.0314961 
vn -0.11811 0.992126 0.0314961 
vn -0.11811 0.992126 0.0314961 
vn -0.11811 0.992126 0.0314961 
vn -0.11811 0.992126 0.0314961 
vn 0.0944882 0.023622 -0.992126 
vn -0.204724 0.976378 0.0472441 
vn -0.204724 0.976378 0.0472441 
vn -0.204724 0.976378 0.0472441 
vn -0.204724 0.976378 0.0472441 
vn -0.204724 0.976378 -0.0472441 
vn -0.204724 0.976378 -0.0472441 
vn -0.204724 0.976378 -0.0472441 
vn -0.204724 0.976378 -0.0472441 
vn -0.417323 0.905512 0.0393701 
vn -0.417323 0.905512 0.0393701 
vn -0.417323 0.905512 0.0393701 
vn -0.417323 0.905512 0.0393701 
vn -0.417323 0.905512 -0.0393701 
vn -0.417323 0.905512 -0.0393701 
vn -0.417323 0.905512 -0.0393701 
vn -0.417323 0.905512 -0.0393701 
vn 0.0708661 0.0708661 -0.992126 
vn 0.0393701 0 1 
vn 0.0393701 0 -1 
vn -0.409449 0.913386 0.0393701 
vn -0.409449 0.913386 0.0393701 
vn -0.409449 0.913386 0.0393701 
vn -0.409449 0.913386 0.0393701 
vn -0.409449 0.913386 -0.0393701 
vn -0.409449 0.913386 -0.0393701 
vn -0.409449 0.913386 -0.0393701 
vn -0.409449 0.913386 -0.0393701 
vn 0.188976 0.984252 0.0393701 
vn 0.188976 0.984252 0.0393701 
vn 0.188976 0.984252 0.0393701 
vn 0.188976 0.984252 0.0393701 
vn 0.188976 0.984252 -0.0393701 
vn 0.188976 0.984252 -0.0393701 
vn 0.188976 0.984252 -0.0393701 
vn 0.188976 0.984252 -0.0393701 
vn -0.0393701 1 0.0393701 
vn -0.0393701 1 0.0393701 
vn -0.0393701 1 0.0393701 
vn -0.0393701 1 0.0393701 
vn -0.0393701 1 -0.0393701 
vn -0.0393701 1 -0.0393701 
vn -0.0393701 1 -0.0393701 
vn -0.0393701 1 -0.0393701 
vn -0.0393701 1 -0.0393701 
vn -0.0393701 1 -0.0393701 
vn -0.0393701 1 -0.0393701 
vn -0.0393701 1 -0.0393701 
vn -0.0393701 1 0.0393701 
vn -0.0393701 1 0.0393701 
vn -0.0393701 1 0.0393701 
vn -0.0393701 1 0.0393701 
vn -0.0472441 1 -0.0393701 
vn -0.0472441 1 -0.0393701 
vn -0.0472441 1 -0.0393701 
vn -0.0472441 1 -0.0393701 
vn -0.0472441 1 0.0393701 
vn -0.0472441 1 0.0393701 
vn -0.0472441 1 0.0393701 
vn -0.0472441 1 0.0393701 
vn 0.023622 0.0787402 -1 
vn 0 0 1 
vn 0 0 1 
vn -0.0787402 0.992126 0.0472441 
vn -0.0787402 0.992126 0.0472441 
vn -0.0787402 0.992126 0.0472441 
vn -0.0787402 0.992126 0.0472441 
vn -0.0787402 0.992126 -0.0472441 
vn -0.0787402 0.992126 -0.0472441 
vn -0.0787402 0.992126 -0.0472441 
vn -0.0787402 0.992126 -0.0472441 
vn -0.0787402 0.992126 0.0472441 
vn -0.0787402 0.992126 0.0472441 
vn -0.0787402 0.992126 0.0472441 
vn -0.0787402 0.992126 0.0472441 
vn -0.0787402 0.992126 -0.0472441 
vn -0.0787402 0.992126 -0.0472441 
vn -0.0787402 0.992126 -0.0472441 
vn -0.0787402 0.992126 -0.0472441 
vn -0.0629921 1 -0.0393701 
vn -0.0629921 1 -0.0393701 
vn -0.0629921 1 -0.0393701 
vn -0.0629921 1 -0.0393701 
vn -0.0629921 1 0.0393701 
vn -0.0629921 1 0.0393701 
vn -0.0629921 1 0.0393701 
vn -0.0629921 1 0.0393701 
vn -0.0629921 1 -0.0393701 
vn -0.0629921 1 -0.0393701 
vn -0.0629921 1 -0.0393701 
vn -0.0629921 1 -0.0393701 
vn -0.0629921 1 0.0393701 
vn -0.0629921 1 0.0393701 
vn -0.0629921 1 0.0393701 
vn -0.0629921 1 0.0393701 
vn 0 0 -1 
vn 0.669291 0.740157 0.023622 
vn 0.669291 0.740157 0.023622 
vn 0.669291 0.740157 0.023622 
vn 0.669291 0.740157 0.023622 
vn 0.669291 0.740157 -0.023622 
vn 0.669291 0.740157 -0.023622 
vn 0.669291 0.740157 -0.023622 
vn 0.669291 0.740157 -0.023622 
vn -0.692913 0.724409 0 
vn -0.692913 0.724409 0 
vn -0.692913 0.724409 0 
vn -0.692913 0.724409 0 
vn -0.692913 0.724409 0 
vn -0.692913 0.724409 0 
vn -0.692913 0.724409 0 
vn -0.692913 0.724409 0 
vn -0.685039 0.724409 0 
vn -0.685039 0.724409 0 
vn -0.685039 0.724409 0 
vn -0.685039 0.724409 0 
vn -0.685039 0.724409 0 
vn -0.685039 0.724409 0 
vn -0.968504 -0.259843 0 
vn -0.968504 -0.259843 0 
vn -0.968504 -0.259843 0 
vn -0.968504 -0.259843 0 
vn -0.968504 -0.259843 0 
vn -0.968504 -0.259843 0 
vn -0.968504 -0.259843 0 
vn -0.968504 -0.259843 0 
vn -0.968504 0.251969 0 
vn -0.968504 0.251969 0 
vn -0.968504 0.251969 0 
vn -0.968504 0.251969 0 
vn -0.968504 0.251969 0 
vn -0.968504 0.251969 0 
vn -0.968504 0.251969 0 
vn -0.968504 0.251969 0 
vn -0.708661 0.700787 0 
vn -0.708661 0.700787 0 
vn -0.708661 0.700787 0 
vn -0.708661 0.700787 0 
vn -0.708661 0.700787 0 
vn -0.708661 0.700787 0 
vn -0.708661 0.700787 0 
vn -0.708661 0.700787 0 
vn 0.968504 -0.259843 0 
vn 0.968504 -0.259843 0 
vn 0.968504 -0.259843 0 
vn 0.968504 0.259843 0 
vn 0.96063 0.267717 0 
vn 0.685039 -0.724409 0 
vn 0.685039 -0.724409 0 
vn 0.897638 0.440945 0 
vn 0.897638 0.440945 0 
vn -1 0 0 
vn -1 0 0 
vn -1 0 0 
vn -1 0 0 
vn -1 0 0 
vn -1 0 0 
vn -1 0 0 
vn -1 0 0 
vn -0.992126 0.149606 -0.00787402 
vn -0.992126 0.149606 -0.00787402 
vn -0.992126 0.149606 -0.00787402 
vn -0.992126 0.149606 -0.00787402 
vn -0.992126 0.149606 0.00787402 
vn -0.992126 0.149606 0.00787402 
vn -0.992126 0.149606 0.00787402 
vn -0.992126 0.149606 0.00787402 
vn -0.834646 -0.543307 -0.015748 
vn -0.834646 -0.543307 -0.015748 
vn -0.834646 -0.543307 -0.015748 
vn -0.834646 -0.543307 -0.015748 
vn -0.834646 -0.543307 0.015748 
vn -0.834646 -0.543307 0.015748 
vn -0.834646 -0.543307 0.015748 
vn -0.834646 -0.543307 0.015748 
vn -0.771654 -0.629921 -0.023622 
vn -0.771654 -0.629921 -0.023622 
vn -0.771654 -0.629921 -0.023622 
vn -0.771654 -0.629921 -0.023622 
vn -0.771654 -0.629921 0.023622 
vn -0.771654 -0.629921 0.023622 
vn -0.771654 -0.629921 0.023622 
vn -0.771654 -0.629921 0.023622 
vn -0.811024 0.590551 0.023622 
vn -0.811024 0.590551 0.023622 
vn -0.811024 0.590551 0.023622 
vn -0.811024 0.590551 0.023622 
vn -0.811024 0.590551 -0.023622 
vn -0.811024 0.590551 -0.023622 
vn -0.811024 0.590551 -0.023622 
vn -0.811024 0.590551 -0.023622 
vn -0.976378 0.228346 0.015748 
vn -0.976378 0.228346 0.015748 
vn -0.976378 0.228346 0.015748 
vn -0.976378 0.228346 0.015748 
vn -0.976378 0.228346 -0.015748 
vn -0.976378 0.228346 -0.015748 
vn -0.976378 0.228346 -0.015748 
vn -0.976378 0.228346 -0.015748 
vn -0.889764 0.456693 0.023622 
vn -0.889764 0.456693 0.023622 
vn -0.889764 0.456693 0.023622 
vn -0.889764 0.456693 0.023622 
vn -0.889764 0.456693 -0.023622 
vn -0.889764 0.456693 -0.023622 
vn -0.889764 0.456693 -0.023622 
vn -0.889764 0.456693 -0.023622 
vn 0.00787402 1 0 
vn 0.00787402 1 0 
vn -0.110236 0.204724 0.976378 
vn -0.110236 0.204724 -0.976378 
vn 0 0 1 
vn 0 0 1 
vn 0 0 -1 
vn 0 0 -1 
vn -0.984252 0.188976 0.015748 
vn -0.984252 0.188976 0.015748 
vn -0.984252 0.188976 0.015748 
vn -0.984252 0.188976 0.015748 
vn -0.984252 0.188976 -0.015748 
vn -0.984252 0.188976 -0.015748 
vn -0.984252 0.188976 -0.015748 
vn -0.984252 0.188976 -0.015748 
vn 0.0944882 0.023622 -0.992126 
vn 0.0944882 0.023622 -0.992126 
vn -0.944882 0.330709 0.023622 
vn -0.944882 0.330709 0.023622 
vn -0.944882 0.330709 0.023622 
vn -0.944882 0.330709 0.023622 
vn -0.944882 0.330709 -0.023622 
vn -0.944882 0.330709 -0.023622 
vn -0.944882 0.330709 -0.023622 
vn -0.944882 0.330709 -0.023622 
vn 0.0708661 -0.015748 -1 
vn 0.0708661 0.0708661 -0.992126 
vn 0.0393701 0 1 
vn 0.0393701 0 -1 
vn 0 0 1 
vn 0 0 1 
vn 0 0 -1 
vn 0 0 -1 
vn -0.0314961 0.0314961 1 
vn 0 0 -1 
vn -1 0 0 
vn -1 0 0 
vn -1 0 0 
vn -1 0 0 
vn -1 0 0 
vn -1 0 0 
vn -1 0 0 
vn -1 0 0 
vn -0.897638 -0.440945 0 
vn -0.897638 -0.440945 0 
vn -0.897638 -0.440945 0 
vn -0.897638 -0.440945 0 
vn -0.897638 -0.440945 0 
vn -0.897638 -0.440945 0 
vn -0.897638 -0.440945 0 
vn -0.897638 -0.440945 0 
vn -0.96063 -0.267717 0 
vn -0.96063 -0.267717 0 
vn -0.96063 -0.267717 0 
vn -0.96063 -0.267717 0 
vn -0.96063 -0.267717 0 
vn -0.96063 -0.267717 0 
vn -0.96063 -0.267717 0 
vn -0.96063 -0.267717 0 
vn -0.968504 -0.259843 0 
vn -0.968504 -0.259843 0 
vn -0.968504 -0.259843 0 
vn -0.968504 -0.259843 0 
vn -0.968504 -0.259843 0 
vn -0.968504 -0.259843 0 
vn -0.968504 -0.259843 0 
vn -0.968504 -0.259843 0 
vn -0.968504 0.259843 0 
vn -0.968504 0.259843 0 
vn -0.968504 0.259843 0 
vn -0.968504 0.259843 0 
vn -0.968504 0.259843 0 
vn -0.968504 0.259843 0 
vn -0.968504 0.259843 0 
vn -0.968504 0.259843 0 
vn -0.968504 0.259843 0 
vn -0.968504 0.259843 0 
vn -0.968504 0.259843 0 
vn -0.968504 0.259843 0 
vn -0.968504 0.259843 0 
vn -0.968504 0.259843 0 

vt 1.08149 4.56716 
vt 1.09842 4.50514 
vt 1.09842 4.50514 
vt 1.08149 4.56716 
vt 1.09842 4.50514 
vt 1.08149 4.56716 
vt 1.07433 4.41324 
vt 1.07433 4.41324 
vt 1.07433 4.41324 
vt 1.00748 4.34566 
vt 1.00748 4.34566 
vt 1.00748 4.34566 
vt 1.00748 4.34566 
vt -0.235571 4.59679 
vt -0.260783 4.50411 
vt -0.213836 4.57383 
vt -0.233372 4.50034 
vt -0.236647 4.41578 
vt -0.213191 4.42727 
vt -0.168689 4.65979 
vt -0.168689 4.65979 
vt -0.168689 4.65979 
vt -0.159395 4.62577 
vt -0.167565 4.34805 
vt -0.167565 4.34805 
vt -0.167487 4.64216 
vt -0.167487 4.64216 
vt 0.948948 4.32663 
vt 0.948948 4.32663 
vt 0.948948 4.32663 
vt 0.675442 4.26926 
vt 0.694149 4.27612 
vt 0.0103775 4.35181 
vt 0.0103775 4.3336 
vt 0.554715 4.55967 
vt 0.545247 4.49425 
vt 0.651887 4.32733 
vt 0.638791 4.34737 
vt -0.077829 4.32331 
vt -0.077829 4.32331 
vt 0.0630854 4.38363 
vt 0.052172 4.3637 
vt -0.0829385 4.35291 
vt 0.513913 4.45141 
vt 0.488529 4.53054 
vt 0.599747 4.38323 
vt 0.106784 4.44102 
vt 0.0968075 4.42376 
vt 0.694149 4.27612 
vt 0.651887 4.32733 
vt 0.675442 4.26926 
vt 0.634263 4.31803 
vt 0.534859 4.60539 
vt 0.534789 4.55967 
vt 0.554715 4.55967 
vt 0.554646 4.60775 
vt 0.476203 4.4975 
vt 0.0259641 4.3221 
vt 0.0259641 4.3221 
vt 0.638791 4.34737 
vt 0.599747 4.38323 
vt 0.621167 4.33807 
vt 0.590879 4.36539 
vt 0.550873 4.37304 
vt 0.590879 4.36539 
vt 0.555012 4.39254 
vt 0.599747 4.38323 
vt 0.432191 4.52668 
vt 0.484677 4.51402 
vt 0.488529 4.53054 
vt 0.428724 4.51055 
vt 0.525769 4.49845 
vt 0.513913 4.45141 
vt 0.545247 4.49425 
vt 0.500097 4.46577 
vt 0.634263 4.31803 
vt 0.651887 4.32733 
vt 0.638791 4.34737 
vt 0.621167 4.33807 
vt 0.242567 4.4472 
vt 0.235993 4.43012 
vt 0.256355 4.44787 
vt 0.220146 4.4295 
vt 0.0968075 4.42376 
vt 0.220146 4.4295 
vt 0.106784 4.44102 
vt 0.242567 4.4472 
vt 0.298817 4.51744 
vt 0.298318 4.48632 
vt 0.341445 4.51965 
vt 0.292654 4.48594 
vt 0.341445 4.51965 
vt 0.298318 4.48632 
vt 0.339646 4.48903 
vt 0.345809 4.52052 
vt 0.292926 4.4709 
vt 0.334253 4.47361 
vt 0.298318 4.48632 
vt 0.339646 4.48903 
vt 0.375853 4.52283 
vt 0.428724 4.51055 
vt 0.432191 4.52668 
vt 0.372771 4.50708 
vt 0.292654 4.48594 
vt 0.287261 4.47053 
vt 0.292926 4.4709 
vt 0.298318 4.48632 
vt 0.235993 4.43012 
vt 0.451506 4.4386 
vt 0.256355 4.44787 
vt 0.443868 4.45701 
vt 0.441537 4.48209 
vt 0.422946 4.49442 
vt 0.402917 4.47901 
vt 0.476203 4.4975 
vt 0.052172 4.3637 
vt 0.126059 4.36434 
vt 0.0630854 4.38363 
vt 0.151337 4.38428 
vt 0.428724 4.51055 
vt 0.476203 4.4975 
vt 0.484677 4.51402 
vt 0.422946 4.49442 
vt 0.372771 4.50708 
vt 0.422946 4.49442 
vt 0.428724 4.51055 
vt 0.36969 4.49134 
vt 0.36969 4.49134 
vt 0.402917 4.47901 
vt 0.422946 4.49442 
vt 0.364297 4.47593 
vt 0.534789 4.55967 
vt 0.545247 4.49425 
vt 0.554715 4.55967 
vt 0.525769 4.49845 
vt 0.451506 4.4386 
vt 0.500097 4.46577 
vt 0.443868 4.45701 
vt 0.513913 4.45141 
vt 0.490791 4.39041 
vt 0.550873 4.37304 
vt 0.555012 4.39254 
vt 0.478809 4.3708 
vt 0.151337 4.38428 
vt 0.189999 4.36604 
vt 0.23301 4.38598 
vt 0.126059 4.36434 
vt 0.337295 4.36434 
vt 1.00748 4.34566 
vt 1.0608 4.42131 
vt 0.998231 4.35841 
vt 1.07433 4.41324 
vt 0.998231 4.35841 
vt 0.948948 4.32663 
vt 1.00748 4.34566 
vt 0.943738 4.34319 
vt 1.09842 4.50514 
vt 1.08149 4.56716 
vt 1.08268 4.50537 
vt 1.067 4.561 
vt 1.07433 4.41324 
vt 1.09842 4.50514 
vt 1.0608 4.42131 
vt 1.08268 4.50537 
vt 1.067 4.561 
vt 1.0608 4.42131 
vt 0.998231 4.35841 
vt 0.371962 4.38428 
vt 0.478809 4.3708 
vt 0.490791 4.39041 
vt 0.337295 4.36434 
vt -0.159833 4.64185 
vt -0.167487 4.64216 
vt -0.159395 4.62577 
vt -0.168689 4.65979 
vt -0.218707 4.42461 
vt -0.233372 4.50034 
vt -0.240792 4.50458 
vt -0.213191 4.42727 
vt -0.213836 4.57383 
vt -0.240792 4.50458 
vt -0.233372 4.50034 
vt -0.219413 4.58501 
vt -0.156519 4.36473 
vt -0.218707 4.42461 
vt -0.156519 4.36473 
vt -0.156367 4.37255 
vt -0.213191 4.42727 
vt 0.0103775 4.35181 
vt 0.0103775 4.3336 
vt 0.0259641 4.34203 
vt 0.0259641 4.3221 
vt 0.0259641 4.34203 
vt -0.159395 4.62577 
vt -0.219413 4.58501 
vt -0.213836 4.57383 
vt -0.159833 4.64185 
vt -0.077829 4.32331 
vt 0.0103775 4.3336 
vt -0.0844637 4.3347 
vt 0.0259641 4.3221 
vt -0.0829385 4.35291 
vt -0.156367 4.37255 
vt -0.156519 4.36473 
vt -0.0761599 4.34324 
vt -0.0761599 4.34324 
vt -0.077829 4.32331 
vt 0.0259641 4.3221 
vt -0.0761599 4.34324 
vt -0.167565 4.34805 
vt -0.156519 4.36473 
vt 0.0259641 4.34203 
vt -0.218707 4.42461 
vt -0.236647 4.41578 
vt -0.240792 4.50458 
vt -0.260783 4.50411 
vt -0.219413 4.58501 
vt -0.235571 4.59679 
vt -0.159833 4.64185 
vt -0.168689 4.65979 
vt -0.0844637 4.3347 
vt -0.166461 4.35731 
vt -0.229584 4.4192 
vt -0.251638 4.49991 
vt -0.228601 4.5846 
vt -0.167565 4.34805 
vt -0.0844637 4.3347 
vt -0.166461 4.35731 
vt -0.077829 4.32331 
vt -0.167487 4.64216 
vt -0.235571 4.59679 
vt -0.228601 4.5846 
vt -0.168689 4.65979 
vt 0.0103775 4.35181 
vt -0.0829385 4.35291 
vt -0.0761599 4.34324 
vt 0.0259641 4.34203 
vt -0.236647 4.41578 
vt -0.166461 4.35731 
vt -0.229584 4.4192 
vt -0.167565 4.34805 
vt -0.251638 4.49991 
vt -0.228601 4.5846 
vt -0.260783 4.50411 
vt -0.235571 4.59679 
vt -0.229584 4.4192 
vt -0.251638 4.49991 
vt -0.236647 4.41578 
vt -0.260783 4.50411 
vt 0.998231 4.35841 
vt 0.948948 4.32663 
vt 1.00748 4.34566 
vt 0.943738 4.34319 
vt 1.00748 4.34566 
vt 1.0608 4.42131 
vt 0.998231 4.35841 
vt 1.07433 4.41324 
vt 1.07433 4.41324 
vt 1.09842 4.50514 
vt 1.0608 4.42131 
vt 1.08268 4.50537 
vt 1.09842 4.50514 
vt 1.08149 4.56716 
vt 1.08268 4.50537 
vt 1.067 4.561 
vt 0.377237 3.80901 
vt 0.460402 3.80901 
vt 0.377237 3.87586 
vt 0.41882 5.11891 
vt 0.41882 5.09718 
vt 0.405833 5.09718 
vt 0.405241 5.11999 
vt 0.41882 5.09653 
vt 0.41882 5.11891 
vt 0.41882 5.05203 
vt 0.432398 5.05203 
vt 0.432398 5.11891 
vt 0.41882 5.05203 
vt 0.41882 5.11891 
vt 0.405241 5.05203 
vt 0.405241 5.11891 
vt 0.405833 5.09718 
vt 0.405833 5.04274 
vt 0.41882 5.04274 
vt 0.41882 5.09718 
vt 0.431806 5.09718 
vt 0.431806 5.04274 
vt 0.354475 3.93439 
vt 0.377237 3.93439 
vt 0.483164 3.93439 
vt 0.34457 4.2079 
vt 0.351349 4.18925 
vt 0.34457 4.18919 
vt 0.493069 4.18919 
vt 0.504781 4.2446 
vt 0.51156 4.24455 
vt 0.305345 4.82026 
vt 0.331907 4.83245 
vt 0.524136 4.39481 
vt 0.517357 4.39487 
vt 0.313503 4.39481 
vt 0.320283 4.39487 
vt 0.51156 4.24455 
vt 0.50989 4.28365 
vt 0.504781 4.2446 
vt 0.516669 4.2836 
vt 0.326079 4.24455 
vt 0.32775 4.28365 
vt 0.320971 4.2836 
vt 0.332858 4.2446 
vt 0.49696 4.34848 
vt 0.41882 4.34854 
vt 0.41882 4.32875 
vt 0.49696 4.3287 
vt 0.340679 4.3287 
vt 0.41882 4.32875 
vt 0.340679 4.34848 
vt 0.41882 4.34854 
vt 0.326079 4.26217 
vt 0.51156 4.26217 
vt 0.520459 4.32833 
vt 0.309795 4.45115 
vt 0.527844 4.45115 
vt 0.309795 4.50749 
vt 0.309243 4.73201 
vt 0.528396 4.73201 
vt 0.318456 4.39255 
vt 0.519183 4.39255 
vt 0.327968 4.65033 
vt 0.509671 4.65033 
vt 0.336995 4.54605 
vt 0.343774 4.5461 
vt 0.500645 4.54605 
vt 0.493866 4.5461 
vt 0.313503 4.39481 
vt 0.316574 4.4512 
vt 0.309795 4.45115 
vt 0.320283 4.39487 
vt 0.524136 4.39481 
vt 0.521065 4.4512 
vt 0.517357 4.39487 
vt 0.527844 4.45115 
vt 0.306777 4.58453 
vt 0.306573 4.5419 
vt 0.313352 4.54195 
vt 0.313556 4.58458 
vt 0.531067 4.5419 
vt 0.530863 4.58453 
vt 0.524288 4.54195 
vt 0.524083 4.58458 
vt 0.527844 4.45115 
vt 0.527844 4.50749 
vt 0.521065 4.4512 
vt 0.521065 4.50754 
vt 0.309795 4.50749 
vt 0.309795 4.45115 
vt 0.316574 4.4512 
vt 0.316574 4.50754 
vt 0.524288 4.54195 
vt 0.529316 4.53753 
vt 0.531067 4.5419 
vt 0.522537 4.53759 
vt 0.308323 4.53753 
vt 0.313352 4.54195 
vt 0.306573 4.5419 
vt 0.315103 4.53759 
vt 0.354475 3.82254 
vt 0.354475 3.88511 
vt 0.354475 3.9396 
vt 0.483164 3.82254 
vt 0.483164 3.88511 
vt 0.483164 3.9396 
vt 0.336995 4.51138 
vt 0.500645 4.51138 
vt 0.405241 5.10205 
vt 0.502892 4.65038 
vt 0.405241 5.03986 
vt 0.405241 4.85738 
vt 0.432398 4.85738 
vt 0.530863 4.62699 
vt 0.530863 4.64077 
vt 0.524083 4.62704 
vt 0.524083 4.64083 
vt 0.306777 4.64077 
vt 0.306777 4.62699 
vt 0.313556 4.62704 
vt 0.313556 4.64083 
vt 0.518493 4.43947 
vt 0.524083 4.62704 
vt 0.511714 4.43953 
vt 0.530863 4.62699 
vt 0.319146 4.43947 
vt 0.313556 4.62704 
vt 0.306777 4.62699 
vt 0.325925 4.43953 
vt 0.530863 4.64077 
vt 0.530863 4.77656 
vt 0.524083 4.64083 
vt 0.524083 4.77661 
vt 0.306777 4.77656 
vt 0.306777 4.64077 
vt 0.313556 4.64083 
vt 0.313556 4.77661 
vt 0.516669 4.2836 
vt 0.512444 4.32838 
vt 0.50989 4.28365 
vt 0.520459 4.32833 
vt 0.320971 4.2836 
vt 0.325195 4.32838 
vt 0.317181 4.32833 
vt 0.32775 4.28365 
vt 0.405241 4.9595 
vt 0.41882 4.9595 
vt 0.41882 5.03986 
vt 0.41882 5.11293 
vt 0.319146 4.43947 
vt 0.319146 4.38324 
vt 0.325925 4.3833 
vt 0.325925 4.43953 
vt 0.518493 4.38324 
vt 0.518493 4.43947 
vt 0.511714 4.3833 
vt 0.511714 4.43953 
vt 0.532294 4.82026 
vt 0.505732 4.83245 
vt 0.521617 4.82031 
vt 0.498953 4.83251 
vt 0.331907 4.83245 
vt 0.305345 4.82026 
vt 0.316022 4.82031 
vt 0.338687 4.83251 
vt 0.460402 3.88511 
vt 0.460402 3.9396 
vt 0.377237 3.88511 
vt 0.377237 3.9396 
vt 0.327968 4.65033 
vt 0.316022 4.73206 
vt 0.309243 4.73201 
vt 0.334747 4.65038 
vt 0.509671 4.65033 
vt 0.521617 4.73206 
vt 0.502892 4.65038 
vt 0.528396 4.73201 
vt 0.528396 4.73201 
vt 0.521617 4.82031 
vt 0.521617 4.73206 
vt 0.532294 4.82026 
vt 0.309243 4.73201 
vt 0.316022 4.82031 
vt 0.305345 4.82026 
vt 0.316022 4.73206 
vt 0.520459 4.32833 
vt 0.519183 4.39255 
vt 0.512444 4.32838 
vt 0.512404 4.3926 
vt 0.318456 4.39255 
vt 0.317181 4.32833 
vt 0.325195 4.32838 
vt 0.325235 4.3926 
vt 0.519183 4.39255 
vt 0.500645 4.51138 
vt 0.512404 4.3926 
vt 0.493866 4.51143 
vt 0.336995 4.51138 
vt 0.318456 4.39255 
vt 0.325235 4.3926 
vt 0.343774 4.51143 
vt 0.336995 4.54605 
vt 0.336995 4.51138 
vt 0.343774 4.51143 
vt 0.343774 4.5461 
vt 0.500645 4.51138 
vt 0.500645 4.54605 
vt 0.493866 4.51143 
vt 0.493866 4.5461 
vt 0.41882 4.9595 
vt 0.41882 4.85738 
vt 0.432398 4.85738 
vt 0.432398 4.9595 
vt 0.41882 4.85738 
vt 0.41882 4.9595 
vt 0.405241 4.85738 
vt 0.405241 4.9595 
vt 0.405833 4.96781 
vt 0.405833 4.87296 
vt 0.41882 4.87296 
vt 0.41882 4.96781 
vt 0.41882 4.87296 
vt 0.431806 4.96781 
vt 0.41882 4.96781 
vt 0.431806 4.87296 
vt 0.504781 4.26223 
vt 0.41882 5.03986 
vt 0.41882 4.9595 
vt 0.432398 4.9595 
vt 0.432398 5.03986 
vt 0.41882 4.9595 
vt 0.41882 5.03986 
vt 0.405241 4.9595 
vt 0.405241 5.03986 
vt 0.354475 3.80185 
vt 0.377237 3.81634 
vt 0.354475 3.81634 
vt 0.377237 3.80185 
vt 0.460402 3.81634 
vt 0.483164 3.80185 
vt 0.483164 3.81634 
vt 0.460402 3.80185 
vt 0.405833 5.0498 
vt 0.405833 4.96781 
vt 0.41882 4.96781 
vt 0.41882 5.0498 
vt 0.41882 4.96781 
vt 0.431806 5.0498 
vt 0.41882 5.0498 
vt 0.431806 4.96781 
vt 0.483164 3.88511 
vt 0.483164 3.9396 
vt 0.460402 3.88511 
vt 0.460402 3.9396 
vt 0.354475 3.9396 
vt 0.354475 3.88511 
vt 0.377237 3.88511 
vt 0.377237 3.9396 
vt 0.41882 5.03986 
vt 0.41882 5.10205 
vt 0.405241 5.03986 
vt 0.405241 5.10205 
vt 0.41882 5.10205 
vt 0.41882 5.03986 
vt 0.432398 5.03986 
vt 0.432398 5.10205 
vt 0.405833 5.11293 
vt 0.405833 5.0498 
vt 0.41882 5.0498 
vt 0.41882 5.11293 
vt 0.41882 5.0498 
vt 0.431806 5.11293 
vt 0.41882 5.11293 
vt 0.431806 5.0498 
vt 0.483164 4.56716 
vt 0.460402 4.56716 
vt 0.354475 4.56716 
vt 0.377237 4.56716 
vt 0.460402 4.41324 
vt 0.377237 4.41324 
vt 0.460402 4.34566 
vt 0.41882 4.59679 
vt 0.405241 4.50411 
vt 0.41882 4.50411 
vt 0.405241 4.59679 
vt 0.41882 4.59679 
vt 0.432398 4.50411 
vt 0.432398 4.59679 
vt 0.41882 4.50411 
vt 0.41882 4.57383 
vt 0.431806 4.50034 
vt 0.431806 4.57383 
vt 0.41882 4.50034 
vt 0.41882 4.57383 
vt 0.405833 4.50034 
vt 0.41882 4.50034 
vt 0.405833 4.57383 
vt 0.41882 4.50411 
vt 0.432398 4.41578 
vt 0.432398 4.50411 
vt 0.41882 4.41578 
vt 0.41882 4.50411 
vt 0.405241 4.41578 
vt 0.41882 4.41578 
vt 0.405241 4.50411 
vt 0.431806 4.42727 
vt 0.431806 4.50034 
vt 0.41882 4.50034 
vt 0.41882 4.42727 
vt 0.405833 4.42727 
vt 0.405833 4.50034 
vt 0.431806 4.62577 
vt 0.41882 4.62577 
vt 0.41882 4.34805 
vt 0.41882 4.64216 
vt 0.405833 4.62577 
vt 0.41882 4.62577 
vt 0.405833 4.64216 
vt 0.41882 4.64216 
vt 0.431806 4.62577 
vt 0.431806 4.64216 
vt 0.41882 4.62577 
vt 0.483164 4.32663 
vt 0.460402 4.32663 
vt 0.354475 4.32663 
vt 0.377237 4.32663 
vt 0.41882 4.35181 
vt 0.405833 4.3336 
vt 0.41882 4.3336 
vt 0.405833 4.35181 
vt 0.41882 4.35181 
vt 0.431806 4.3336 
vt 0.431806 4.35181 
vt 0.41882 4.3336 
vt 0.49696 4.60775 
vt 0.525307 4.55967 
vt 0.41882 4.5552 
vt 0.41882 4.60804 
vt 0.340679 4.60775 
vt 0.312332 4.55967 
vt 0.475186 4.36306 
vt 0.505732 4.36306 
vt 0.498953 4.36335 
vt 0.468407 4.36335 
vt 0.369233 4.36335 
vt 0.338687 4.36335 
vt 0.362454 4.36306 
vt 0.331907 4.36306 
vt 0.318379 4.49425 
vt 0.331907 4.38299 
vt 0.305345 4.3637 
vt 0.331907 4.36306 
vt 0.305345 4.38363 
vt 0.532294 4.38363 
vt 0.505732 4.38299 
vt 0.532294 4.3637 
vt 0.505732 4.36306 
vt 0.505732 4.38299 
vt 0.498953 4.36335 
vt 0.505732 4.36306 
vt 0.498953 4.38328 
vt 0.331907 4.38299 
vt 0.338687 4.36335 
vt 0.338687 4.38328 
vt 0.331907 4.36306 
vt 0.512301 4.45141 
vt 0.320971 4.38323 
vt 0.306777 4.44102 
vt 0.313556 4.42405 
vt 0.313556 4.44131 
vt 0.306777 4.42376 
vt 0.530863 4.44102 
vt 0.524083 4.42405 
vt 0.530863 4.42376 
vt 0.524083 4.44131 
vt 0.326079 4.33807 
vt 0.520781 4.49845 
vt 0.316858 4.49845 
vt 0.319146 4.46577 
vt 0.527844 4.52283 
vt 0.527844 4.49134 
vt 0.309795 4.49134 
vt 0.524136 4.47593 
vt 0.313503 4.47593 
vt 0.521065 4.52312 
vt 0.483164 4.42131 
vt 0.483164 4.35841 
vt 0.483164 4.34319 
vt 0.483164 4.50537 
vt 0.354475 4.50537 
vt 0.354475 4.42131 
vt 0.354475 4.35841 
vt 0.354475 4.34319 
vt 0.432398 4.42461 
vt 0.432398 4.50458 
vt 0.432398 4.36473 
vt 0.306777 4.48594 
vt 0.307858 4.47053 
vt 0.313556 4.48624 
vt 0.314637 4.47082 
vt 0.529782 4.47053 
vt 0.530863 4.48594 
vt 0.524083 4.48624 
vt 0.523003 4.47082 
vt 0.530863 4.51744 
vt 0.524083 4.48624 
vt 0.530863 4.48594 
vt 0.524083 4.51773 
vt 0.306777 4.51744 
vt 0.313556 4.48624 
vt 0.313556 4.51773 
vt 0.306777 4.48594 
vt 0.41882 4.36473 
vt 0.41882 4.4192 
vt 0.41882 4.49991 
vt 0.431806 4.5846 
vt 0.517357 4.47622 
vt 0.320283 4.47622 
vt 0.377237 4.35841 
vt 0.377237 4.34319 
vt 0.377237 4.50537 
vt 0.460402 4.50537 
vt 0.460402 4.35841 
vt 0.460402 4.34319 
vt 0.524136 4.47593 
vt 0.527844 4.49134 
vt 0.521065 4.49163 
vt 0.517357 4.47622 
vt 0.309795 4.49134 
vt 0.313503 4.47593 
vt 0.316574 4.49163 
vt 0.320283 4.47622 
vt 0.527844 4.52283 
vt 0.521065 4.50737 
vt 0.527844 4.50708 
vt 0.521065 4.52312 
vt 0.527844 4.50708 
vt 0.521065 4.49163 
vt 0.527844 4.49134 
vt 0.521065 4.50737 
vt 0.309795 4.50708 
vt 0.316574 4.49163 
vt 0.316574 4.50737 
vt 0.309795 4.49134 
vt 0.309795 4.52283 
vt 0.316574 4.50737 
vt 0.316574 4.52312 
vt 0.309795 4.50708 
vt 0.332858 4.33836 
vt 0.520781 4.49845 
vt 0.511714 4.46606 
vt 0.518493 4.46577 
vt 0.511714 4.49874 
vt 0.316858 4.49845 
vt 0.325925 4.46606 
vt 0.325925 4.49874 
vt 0.319146 4.46577 
vt 0.493069 4.26926 
vt 0.509522 4.31803 
vt 0.502743 4.31832 
vt 0.48629 4.26955 
vt 0.328118 4.31803 
vt 0.34457 4.26926 
vt 0.334897 4.31832 
vt 0.351349 4.26955 
vt 0.509522 4.31803 
vt 0.51156 4.33807 
vt 0.504781 4.33836 
vt 0.502743 4.31832 
vt 0.326079 4.33807 
vt 0.328118 4.31803 
vt 0.332858 4.33836 
vt 0.334897 4.31832 
vt 0.312332 4.55967 
vt 0.325925 4.49874 
vt 0.41882 4.5552 
vt 0.316858 4.49845 
vt 0.525307 4.55967 
vt 0.511714 4.49874 
vt 0.520781 4.49845 
vt 0.41882 4.5552 
vt 0.49696 4.60539 
vt 0.41882 4.5552 
vt 0.525307 4.55967 
vt 0.41882 4.60568 
vt 0.41882 4.5552 
vt 0.340679 4.60539 
vt 0.312332 4.55967 
vt 0.41882 4.60568 
vt 0.483164 4.42131 
vt 0.460402 4.35841 
vt 0.483164 4.35841 
vt 0.460402 4.42131 
vt 0.354475 4.42131 
vt 0.377237 4.35841 
vt 0.377237 4.42131 
vt 0.354475 4.35841 
vt 0.483164 4.32663 
vt 0.483164 4.34319 
vt 0.460402 4.34319 
vt 0.460402 4.32663 
vt 0.377237 4.32663 
vt 0.377237 4.34319 
vt 0.354475 4.32663 
vt 0.354475 4.34319 
vt 0.483164 4.42131 
vt 0.483164 4.50537 
vt 0.460402 4.50537 
vt 0.460402 4.42131 
vt 0.354475 4.50537 
vt 0.354475 4.42131 
vt 0.377237 4.50537 
vt 0.377237 4.42131 
vt 0.483164 4.561 
vt 0.460402 4.50537 
vt 0.483164 4.50537 
vt 0.460402 4.561 
vt 0.354475 4.561 
vt 0.377237 4.50537 
vt 0.377237 4.561 
vt 0.354475 4.50537 
vt -0.243851 4.56716 
vt -0.260783 4.50514 
vt -0.260783 4.50514 
vt -0.243851 4.56716 
vt -0.260783 4.50514 
vt -0.24385 4.56716 
vt -0.23669 4.41324 
vt -0.23669 4.41324 
vt -0.23669 4.41324 
vt -0.169842 4.34566 
vt -0.169842 4.34566 
vt 1.07321 4.59679 
vt 1.09842 4.50411 
vt 1.05148 4.57383 
vt 1.05148 4.57383 
vt 1.07101 4.50034 
vt 1.05083 4.42727 
vt 1.00633 4.65979 
vt 1.00633 4.65979 
vt 0.997034 4.62577 
vt 0.997034 4.62577 
vt 1.0052 4.34805 
vt 1.00513 4.64216 
vt 1.00513 4.64216 
vt -0.111308 4.32663 
vt -0.111308 4.32663 
vt 0.162197 4.26926 
vt 0.143491 4.27612 
vt 0.827262 4.35181 
vt 0.827262 4.3336 
vt 0.282924 4.55967 
vt 0.292392 4.49425 
vt 0.185752 4.32733 
vt 0.198848 4.34737 
vt 0.915468 4.32331 
vt 0.785467 4.3637 
vt 0.774554 4.38363 
vt 0.920578 4.35291 
vt 0.323727 4.45141 
vt 0.323779 4.4517 
vt 0.349111 4.53054 
vt 0.237893 4.38323 
vt 0.730856 4.44102 
vt 0.740832 4.42376 
vt 0.162197 4.26926 
vt 0.203376 4.31803 
vt 0.185752 4.32733 
vt 0.143491 4.27612 
vt 0.30285 4.55967 
vt 0.30278 4.60539 
vt 0.282924 4.55967 
vt 0.282994 4.60775 
vt 0.361437 4.4975 
vt 0.811675 4.3221 
vt 0.216473 4.33807 
vt 0.246761 4.36539 
vt 0.237893 4.38323 
vt 0.198848 4.34737 
vt 0.282627 4.39254 
vt 0.246761 4.36539 
vt 0.286766 4.37304 
vt 0.237893 4.38323 
vt 0.352963 4.51402 
vt 0.405449 4.52668 
vt 0.349111 4.53054 
vt 0.408915 4.51055 
vt 0.31187 4.49845 
vt 0.323727 4.45141 
vt 0.337543 4.46577 
vt 0.292392 4.49425 
vt 0.216473 4.33807 
vt 0.198848 4.34737 
vt 0.203376 4.31803 
vt 0.185752 4.32733 
vt 0.730856 4.44102 
vt 0.595072 4.4472 
vt 0.617493 4.4295 
vt 0.740832 4.42376 
vt 0.617493 4.4295 
vt 0.595072 4.4472 
vt 0.601647 4.43012 
vt 0.581284 4.44787 
vt 0.544986 4.48594 
vt 0.538823 4.51744 
vt 0.539321 4.48632 
vt 0.496195 4.51965 
vt 0.539321 4.48632 
vt 0.496195 4.51965 
vt 0.497994 4.48903 
vt 0.491831 4.52052 
vt 0.539321 4.48632 
vt 0.497994 4.48903 
vt 0.503386 4.47361 
vt 0.544714 4.4709 
vt 0.408915 4.51055 
vt 0.461787 4.52283 
vt 0.405449 4.52668 
vt 0.464868 4.50708 
vt 0.550378 4.47053 
vt 0.544986 4.48594 
vt 0.544714 4.4709 
vt 0.539321 4.48632 
vt 0.581284 4.44787 
vt 0.393772 4.45701 
vt 0.386133 4.4386 
vt 0.601647 4.43012 
vt 0.414693 4.49442 
vt 0.361437 4.4975 
vt 0.396103 4.48209 
vt 0.434722 4.47901 
vt 0.774554 4.38363 
vt 0.686303 4.38428 
vt 0.71158 4.36434 
vt 0.785467 4.3637 
vt 0.361437 4.4975 
vt 0.408915 4.51055 
vt 0.352963 4.51402 
vt 0.414693 4.49442 
vt 0.414693 4.49442 
vt 0.464868 4.50708 
vt 0.408915 4.51055 
vt 0.46795 4.49134 
vt 0.46795 4.49134 
vt 0.434722 4.47901 
vt 0.473342 4.47593 
vt 0.414693 4.49442 
vt 0.292392 4.49425 
vt 0.30285 4.55967 
vt 0.282924 4.55967 
vt 0.31187 4.49845 
vt 0.337543 4.46577 
vt 0.386133 4.4386 
vt 0.393772 4.45701 
vt 0.323727 4.45141 
vt 0.286766 4.37304 
vt 0.346849 4.39041 
vt 0.282627 4.39254 
vt 0.35883 4.3708 
vt 0.647641 4.36604 
vt 0.686303 4.38428 
vt 0.604629 4.38598 
vt 0.71158 4.36434 
vt 0.500344 4.36434 
vt -0.223165 4.42131 
vt -0.229357 4.561 
vt -0.24385 4.56716 
vt -0.260783 4.50514 
vt -0.245037 4.50537 
vt -0.229357 4.561 
vt -0.260783 4.50514 
vt -0.23669 4.41324 
vt -0.223165 4.42131 
vt -0.245037 4.50537 
vt -0.169842 4.34566 
vt -0.223165 4.42131 
vt -0.23669 4.41324 
vt -0.160592 4.35841 
vt -0.160592 4.35841 
vt -0.111308 4.32663 
vt -0.106099 4.34319 
vt -0.169842 4.34566 
vt 0.35883 4.3708 
vt 0.465678 4.38428 
vt 0.346849 4.39041 
vt 0.500344 4.36434 
vt 1.00513 4.64216 
vt 0.997472 4.64185 
vt 0.997034 4.62577 
vt 1.00633 4.65979 
vt 1.05635 4.42461 
vt 1.07101 4.50034 
vt 1.05083 4.42727 
vt 1.07843 4.50458 
vt 1.07843 4.50458 
vt 1.05148 4.57383 
vt 1.07101 4.50034 
vt 1.05705 4.58501 
vt 0.994006 4.37255 
vt 1.05635 4.42461 
vt 1.05083 4.42727 
vt 0.994158 4.36473 
vt 0.811675 4.3221 
vt 0.827262 4.3336 
vt 0.811675 4.34203 
vt 0.827262 4.35181 
vt 0.997034 4.62577 
vt 1.05705 4.58501 
vt 0.997472 4.64185 
vt 1.05148 4.57383 
vt 0.827262 4.3336 
vt 0.915468 4.32331 
vt 0.922103 4.3347 
vt 0.811675 4.3221 
vt 0.994006 4.37255 
vt 0.920578 4.35291 
vt 0.994158 4.36473 
vt 0.913799 4.34324 
vt 0.913799 4.34324 
vt 0.994158 4.36473 
vt 0.811675 4.34203 
vt 1.07843 4.50458 
vt 0.997472 4.64185 
vt 0.920578 4.35291 
vt 0.827262 4.35181 
vt 0.827262 4.3336 
vt 0.922103 4.3347 
vt 0.994006 4.37255 
vt 1.0041 4.35731 
vt 1.05083 4.42727 
vt 1.06722 4.4192 
vt 1.07101 4.50034 
vt 1.08928 4.49991 
vt 1.05148 4.57383 
vt 1.06624 4.5846 
vt 0.997034 4.62577 
vt 1.00513 4.64216 
vt 0.922103 4.3347 
vt 1.0052 4.34805 
vt 1.0041 4.35731 
vt 0.915468 4.32331 
vt 1.00513 4.64216 
vt 1.06624 4.5846 
vt 1.07321 4.59679 
vt 1.00633 4.65979 
vt 1.06624 4.5846 
vt 0.811675 4.34203 
vt 0.913799 4.34324 
vt 0.827262 4.35181 
vt 0.920578 4.35291 
vt 1.07429 4.41578 
vt 1.0041 4.35731 
vt 1.0052 4.34805 
vt 1.06722 4.4192 
vt 1.06624 4.5846 
vt 1.08928 4.49991 
vt 1.09842 4.50411 
vt 1.07321 4.59679 
vt 1.07429 4.41578 
vt 1.09842 4.50411 
vt 1.08928 4.49991 
vt 1.06722 4.4192 
vt -0.260783 4.50514 
vt -0.23669 4.41324 
vt -0.223165 4.42131 
vt -0.245037 4.50537 
vt -0.243851 4.56716 
vt -0.260783 4.50514 
vt -0.245037 4.50537 
vt -0.229357 4.561 
vt -0.160592 4.35841 
vt -0.111308 4.32663 
vt -0.106099 4.34319 
vt -0.169842 4.34566 
vt -0.169842 4.34566 
vt -0.223165 4.42131 
vt -0.23669 4.41324 
vt -0.160592 4.35841 
vt 0.460402 3.80901 
vt 0.354475 3.87586 
vt 0.377237 3.87586 
vt 0.483164 3.87586 
vt 0.460402 3.87586 
vt 0.41882 5.11891 
vt 0.432398 5.11999 
vt 0.41882 5.09653 
vt 0.41882 5.05091 
vt 0.41882 5.11999 
vt 0.405241 5.11999 
vt 0.405241 5.05091 
vt 0.41882 5.11999 
vt 0.41882 5.05091 
vt 0.432398 5.11999 
vt 0.432398 5.05091 
vt 0.41882 5.09653 
vt 0.405833 5.03971 
vt 0.41882 5.03971 
vt 0.405833 5.09653 
vt 0.431806 5.03971 
vt 0.431806 5.09653 
vt 0.41882 5.09653 
vt 0.41882 5.03971 
vt 0.405833 5.05083 
vt 0.431806 5.05083 
vt 0.483164 3.87586 
vt 0.483164 3.93439 
vt 0.460402 3.93439 
vt 0.460402 3.87586 
vt 0.354475 3.93439 
vt 0.354475 3.87586 
vt 0.377237 3.93439 
vt 0.377237 3.87586 
vt 0.493069 4.2079 
vt 0.48629 4.18925 
vt 0.493069 4.18919 
vt 0.48629 4.20795 
vt 0.34457 4.2079 
vt 0.351349 4.18925 
vt 0.351349 4.20795 
vt 0.34457 4.18919 
vt 0.505732 4.84337 
vt 0.318379 4.33809 
vt 0.332858 4.2446 
vt 0.326079 4.24455 
vt 0.41882 4.96117 
vt 0.41882 5.05091 
vt 0.405241 5.05091 
vt 0.405241 4.96117 
vt 0.41882 5.05091 
vt 0.41882 4.96117 
vt 0.432398 5.05091 
vt 0.432398 4.96117 
vt 0.532294 4.83117 
vt 0.41882 5.03971 
vt 0.405833 4.96628 
vt 0.41882 4.96628 
vt 0.405833 5.03971 
vt 0.431806 4.96628 
vt 0.431806 5.03971 
vt 0.41882 5.03971 
vt 0.41882 4.96628 
vt 0.332118 4.36948 
vt 0.313503 4.40714 
vt 0.320283 4.40719 
vt 0.524136 4.40714 
vt 0.517357 4.40719 
vt 0.41882 4.85738 
vt 0.41882 4.96117 
vt 0.405241 4.96117 
vt 0.405241 4.85738 
vt 0.41882 4.96117 
vt 0.41882 4.85738 
vt 0.432398 4.96117 
vt 0.432398 4.85738 
vt 0.51156 4.26217 
vt 0.326079 4.26217 
vt 0.320971 4.29246 
vt 0.317181 4.33247 
vt 0.319146 4.38324 
vt 0.306777 4.6632 
vt 0.325339 4.43184 
vt 0.524136 4.4418 
vt 0.524136 4.48042 
vt 0.313503 4.4418 
vt 0.313503 4.48042 
vt 0.528396 4.75728 
vt 0.309243 4.73201 
vt 0.524136 4.51904 
vt 0.313503 4.51904 
vt 0.431806 4.87296 
vt 0.431806 4.96628 
vt 0.41882 4.96628 
vt 0.41882 4.87296 
vt 0.41882 4.96628 
vt 0.405833 4.87296 
vt 0.41882 4.87296 
vt 0.405833 4.96628 
vt 0.520978 4.40453 
vt 0.316662 4.40453 
vt 0.509671 4.69334 
vt 0.327968 4.69334 
vt 0.327968 4.65033 
vt 0.500645 4.54605 
vt 0.514199 4.40458 
vt 0.520978 4.40453 
vt 0.493866 4.5461 
vt 0.336995 4.54605 
vt 0.323441 4.40458 
vt 0.343774 4.5461 
vt 0.316662 4.40453 
vt 0.316662 4.40453 
vt 0.317181 4.33247 
vt 0.323441 4.40458 
vt 0.325195 4.33252 
vt 0.520459 4.33247 
vt 0.520978 4.40453 
vt 0.514199 4.40458 
vt 0.512444 4.33252 
vt 0.305345 4.83117 
vt 0.309243 4.75728 
vt 0.316022 4.83122 
vt 0.316022 4.75733 
vt 0.528396 4.75728 
vt 0.532294 4.83117 
vt 0.521617 4.83122 
vt 0.521617 4.75733 
vt 0.309243 4.75728 
vt 0.327968 4.69334 
vt 0.316022 4.75733 
vt 0.334747 4.6934 
vt 0.509671 4.69334 
vt 0.528396 4.75728 
vt 0.521617 4.75733 
vt 0.502892 4.6934 
vt 0.483164 3.88511 
vt 0.354475 3.82254 
vt 0.354475 3.88511 
vt 0.505732 4.84337 
vt 0.521617 4.83122 
vt 0.532294 4.83117 
vt 0.498953 4.84342 
vt 0.316022 4.83122 
vt 0.331907 4.84337 
vt 0.305345 4.83117 
vt 0.338687 4.84342 
vt 0.432398 5.10205 
vt 0.325339 4.43184 
vt 0.332118 4.36948 
vt 0.332118 4.43189 
vt 0.325339 4.36943 
vt 0.512301 4.43184 
vt 0.505521 4.36948 
vt 0.512301 4.36943 
vt 0.505521 4.43189 
vt 0.327968 4.69334 
vt 0.334747 4.65038 
vt 0.334747 4.6934 
vt 0.327968 4.65033 
vt 0.509671 4.69334 
vt 0.502892 4.65038 
vt 0.509671 4.65033 
vt 0.502892 4.6934 
vt 0.432398 5.03986 
vt 0.432398 4.85738 
vt 0.405241 4.85738 
vt 0.313503 4.4418 
vt 0.320283 4.40719 
vt 0.320283 4.44186 
vt 0.313503 4.40714 
vt 0.524136 4.4418 
vt 0.517357 4.40719 
vt 0.524136 4.40714 
vt 0.517357 4.44186 
vt 0.317181 4.33247 
vt 0.320971 4.29246 
vt 0.325195 4.33252 
vt 0.32775 4.29252 
vt 0.516669 4.29246 
vt 0.520459 4.33247 
vt 0.512444 4.33252 
vt 0.509889 4.29252 
vt 0.306777 4.64735 
vt 0.325339 4.43184 
vt 0.313556 4.6474 
vt 0.332118 4.43189 
vt 0.512301 4.43184 
vt 0.530863 4.64735 
vt 0.524083 4.6474 
vt 0.505521 4.43189 
vt 0.530863 4.6632 
vt 0.524083 4.6474 
vt 0.530863 4.64735 
vt 0.524083 4.66325 
vt 0.306777 4.6632 
vt 0.313556 4.6474 
vt 0.313556 4.66325 
vt 0.306777 4.64735 
vt 0.530863 4.78653 
vt 0.524083 4.66325 
vt 0.530863 4.6632 
vt 0.524083 4.78659 
vt 0.306777 4.78653 
vt 0.313556 4.66325 
vt 0.313556 4.78659 
vt 0.306777 4.6632 
vt 0.432398 4.9595 
vt 0.41882 4.9595 
vt 0.41882 5.03986 
vt 0.313503 4.48042 
vt 0.320283 4.44186 
vt 0.320283 4.48048 
vt 0.313503 4.4418 
vt 0.524136 4.51904 
vt 0.517357 4.48048 
vt 0.524136 4.48042 
vt 0.517357 4.5191 
vt 0.313503 4.51904 
vt 0.320283 4.48048 
vt 0.320283 4.5191 
vt 0.313503 4.48042 
vt 0.524136 4.48042 
vt 0.517357 4.44186 
vt 0.524136 4.4418 
vt 0.517357 4.48048 
vt 0.529316 4.59042 
vt 0.522537 4.54914 
vt 0.529316 4.54909 
vt 0.522537 4.59047 
vt 0.308323 4.59042 
vt 0.315102 4.54914 
vt 0.315102 4.59047 
vt 0.308323 4.54909 
vt 0.529316 4.59042 
vt 0.529782 4.59608 
vt 0.523003 4.59613 
vt 0.522537 4.59047 
vt 0.315102 4.59047 
vt 0.314637 4.59613 
vt 0.308323 4.59042 
vt 0.307858 4.59608 
vt 0.460402 3.88511 
vt 0.320971 4.29246 
vt 0.326079 4.26217 
vt 0.32775 4.29252 
vt 0.332858 4.26223 
vt 0.51156 4.26217 
vt 0.516669 4.29246 
vt 0.509889 4.29252 
vt 0.504781 4.26223 
vt 0.41882 5.04317 
vt 0.41882 5.10275 
vt 0.405241 5.10275 
vt 0.405241 5.04317 
vt 0.41882 5.10275 
vt 0.41882 5.04317 
vt 0.432398 5.10275 
vt 0.432398 5.04317 
vt 0.431806 5.05083 
vt 0.431806 5.11194 
vt 0.41882 5.11194 
vt 0.41882 5.05083 
vt 0.405833 5.05083 
vt 0.405833 5.11194 
vt 0.354475 4.56716 
vt 0.354475 4.50514 
vt 0.377237 4.50514 
vt 0.377237 4.56716 
vt 0.483164 4.50514 
vt 0.483164 4.56716 
vt 0.460402 4.50514 
vt 0.460402 4.56716 
vt 0.354475 4.50514 
vt 0.354475 4.41324 
vt 0.377237 4.41324 
vt 0.377237 4.50514 
vt 0.483164 4.41324 
vt 0.483164 4.50514 
vt 0.460402 4.41324 
vt 0.460402 4.50514 
vt 0.483164 4.34566 
vt 0.483164 4.41324 
vt 0.460402 4.34566 
vt 0.460402 4.41324 
vt 0.354475 4.41324 
vt 0.354475 4.34566 
vt 0.377237 4.34566 
vt 0.377237 4.41324 
vt 0.41882 4.59679 
vt 0.405241 4.50411 
vt 0.41882 4.50034 
vt 0.405241 4.41578 
vt 0.41882 4.42727 
vt 0.432398 4.65979 
vt 0.405241 4.65979 
vt 0.431806 4.64216 
vt 0.405833 4.64216 
vt 0.340679 4.60775 
vt 0.312332 4.55967 
vt 0.41882 4.5552 
vt 0.41882 4.60804 
vt 0.41882 4.60804 
vt 0.41882 4.5552 
vt 0.49696 4.60775 
vt 0.525307 4.55967 
vt 0.51926 4.49425 
vt 0.525307 4.55967 
vt 0.510193 4.49454 
vt 0.41882 4.5552 
vt 0.312332 4.55967 
vt 0.327446 4.49454 
vt 0.41882 4.5552 
vt 0.318379 4.49425 
vt 0.509522 4.32733 
vt 0.504781 4.34766 
vt 0.502743 4.32762 
vt 0.51156 4.34737 
vt 0.328118 4.32733 
vt 0.332858 4.34766 
vt 0.326079 4.34737 
vt 0.334897 4.32762 
vt 0.493069 4.27612 
vt 0.502743 4.32762 
vt 0.48629 4.27641 
vt 0.509522 4.32733 
vt 0.34457 4.27612 
vt 0.334897 4.32762 
vt 0.328118 4.32733 
vt 0.351349 4.27641 
vt 0.512301 4.45141 
vt 0.510193 4.49454 
vt 0.505521 4.4517 
vt 0.51926 4.49425 
vt 0.325339 4.45141 
vt 0.327446 4.49454 
vt 0.318379 4.49425 
vt 0.332118 4.4517 
vt 0.524136 4.51402 
vt 0.524136 4.53054 
vt 0.517357 4.51431 
vt 0.517357 4.53083 
vt 0.313503 4.53054 
vt 0.313503 4.51402 
vt 0.320283 4.51431 
vt 0.320283 4.53083 
vt 0.524136 4.4975 
vt 0.524136 4.51402 
vt 0.517357 4.49779 
vt 0.517357 4.51431 
vt 0.313503 4.51402 
vt 0.313503 4.4975 
vt 0.320283 4.49779 
vt 0.320283 4.51431 
vt 0.41882 4.3221 
vt 0.405241 4.3221 
vt 0.316858 4.49845 
vt 0.520781 4.49845 
vt 0.354475 4.42131 
vt 0.354475 4.35841 
vt 0.483164 4.42131 
vt 0.483164 4.35841 
vt 0.529316 4.48903 
vt 0.529316 4.52052 
vt 0.522537 4.48932 
vt 0.522537 4.52081 
vt 0.308323 4.52052 
vt 0.308323 4.48903 
vt 0.315103 4.48932 
vt 0.315103 4.52081 
vt 0.405241 4.42461 
vt 0.405241 4.50458 
vt 0.529316 4.47361 
vt 0.529316 4.48903 
vt 0.522537 4.47391 
vt 0.522537 4.48932 
vt 0.308323 4.48903 
vt 0.308323 4.47361 
vt 0.315103 4.47391 
vt 0.315103 4.48932 
vt 0.405241 4.58501 
vt 0.405241 4.36473 
vt 0.405241 4.34203 
vt 0.432398 4.34203 
vt 0.41882 4.36473 
vt 0.41882 4.58501 
vt 0.41882 4.4192 
vt 0.41882 4.49991 
vt 0.405833 4.5846 
vt 0.377237 4.35841 
vt 0.405241 4.34203 
vt 0.405241 4.3221 
vt 0.41882 4.34203 
vt 0.41882 4.3221 
vt 0.41882 4.34203 
vt 0.41882 4.3221 
vt 0.432398 4.3221 
vt 0.432398 4.34203 
vt 0.405241 4.65979 
vt 0.405241 4.64185 
vt 0.41882 4.65979 
vt 0.41882 4.64185 
vt 0.41882 4.65979 
vt 0.41882 4.64185 
vt 0.432398 4.64185 
vt 0.432398 4.65979 
vt 0.41882 4.50458 
vt 0.41882 4.42461 
vt 0.432398 4.42461 
vt 0.432398 4.50458 
vt 0.41882 4.42461 
vt 0.41882 4.50458 
vt 0.405241 4.42461 
vt 0.405241 4.50458 
vt 0.41882 4.49991 
vt 0.431806 4.4192 
vt 0.431806 4.49991 
vt 0.41882 4.4192 
vt 0.405833 4.4192 
vt 0.41882 4.49991 
vt 0.405833 4.49991 
vt 0.41882 4.4192 
vt 0.41882 4.58501 
vt 0.41882 4.50458 
vt 0.432398 4.50458 
vt 0.432398 4.58501 
vt 0.41882 4.50458 
vt 0.41882 4.58501 
vt 0.405241 4.50458 
vt 0.405241 4.58501 
vt 0.405833 4.5846 
vt 0.405833 4.49991 
vt 0.41882 4.49991 
vt 0.41882 4.5846 
vt 0.431806 4.5846 
vt 0.431806 4.49991 

usemtl Led1Mtl

f 49/49/49 50/50/50 51/51/51 
f 50/50/50 52/52/52 51/51/51 
f 53/53/53 54/54/54 55/55/55 
f 53/53/53 55/55/55 56/56/56 
f 60/60/60 61/61/61 62/62/62 
f 61/61/61 63/63/63 62/62/62 
f 64/64/64 65/65/65 66/66/66 
f 67/67/67 66/66/66 65/65/65 
f 68/68/68 69/69/69 70/70/70 
f 69/69/69 68/68/68 71/71/71 
f 72/72/72 73/73/73 74/74/74 
f 73/73/73 72/72/72 75/75/75 
f 76/76/76 77/77/77 78/78/78 
f 76/76/76 78/78/78 79/79/79 
f 80/80/80 81/81/81 82/82/82 
f 80/80/80 83/83/83 81/81/81 
f 84/84/84 85/85/85 86/86/86 
f 87/87/87 86/86/86 85/85/85 
f 88/88/88 89/89/89 90/90/90 
f 88/88/88 91/91/91 89/89/89 
f 92/92/92 93/93/93 94/94/94 
f 94/94/94 95/95/95 92/92/92 
f 96/96/96 97/97/97 98/98/98 
f 98/98/98 97/97/97 99/99/99 
f 100/100/100 101/101/101 102/102/102 
f 101/101/101 100/100/100 103/103/103 
f 104/104/104 105/105/105 106/106/106 
f 104/104/104 106/106/106 107/107/107 
f 108/108/108 109/109/109 110/110/110 
f 109/109/109 111/111/111 110/110/110 
f 112/112/112 113/113/113 114/114/114 
f 113/113/113 112/112/112 115/115/115 
f 116/116/116 117/117/117 118/118/118 
f 119/119/119 118/118/118 117/117/117 
f 120/120/120 121/121/121 122/122/122 
f 121/121/121 120/120/120 123/123/123 
f 124/124/124 125/125/125 126/126/126 
f 125/125/125 124/124/124 127/127/127 
f 128/128/128 129/129/129 130/130/130 
f 129/129/129 128/128/128 131/131/131 
f 132/132/132 133/133/133 134/134/134 
f 133/133/133 132/132/132 135/135/135 
f 136/136/136 137/137/137 138/138/138 
f 137/137/137 136/136/136 139/139/139 
f 140/140/140 141/141/141 142/142/142 
f 141/141/141 140/140/140 143/143/143 
f 144/144/144 145/145/145 146/146/146 
f 145/145/145 144/144/144 147/147/147 
f 149/149/149 150/150/150 151/151/151 
f 150/150/150 149/149/149 152/152/152 
f 153/153/153 154/154/154 155/155/155 
f 154/154/154 153/153/153 156/156/156 
f 157/157/157 158/158/158 159/159/159 
f 159/159/159 158/158/158 160/160/160 
f 161/161/161 162/162/162 163/163/163 
f 164/164/164 163/163/163 162/162/162 
f 168/168/168 169/169/169 170/170/170 
f 169/169/169 168/168/168 171/171/171 
f 172/172/172 173/173/173 174/174/174 
f 173/173/173 172/172/172 175/175/175 
f 176/176/176 177/177/177 178/178/178 
f 177/177/177 176/176/176 179/179/179 
f 180/180/180 181/181/181 182/182/182 
f 181/181/181 180/180/180 183/183/183 
f 185/185/185 186/186/186 187/187/187 
f 185/185/185 187/187/187 188/188/188 
f 189/189/189 190/190/190 191/191/191 
f 191/191/191 190/190/190 192/192/192 
f 194/194/194 195/195/195 196/196/196 
f 195/195/195 194/194/194 197/197/197 
f 198/198/198 199/199/199 200/200/200 
f 199/199/199 198/198/198 201/201/201 
f 202/202/202 203/203/203 204/204/204 
f 204/204/204 205/205/205 202/202/202 
f 207/207/207 208/208/208 209/209/209 
f 210/210/210 207/207/207 211/211/211 
f 211/211/211 207/207/207 209/209/209 
f 209/209/209 208/208/208 212/212/212 
f 213/213/213 210/210/210 211/211/211 
f 210/210/210 213/213/213 214/214/214 
f 213/213/213 215/215/215 214/214/214 
f 216/216/216 214/214/214 215/215/215 
f 215/215/215 217/217/217 216/216/216 
f 218/218/218 216/216/216 217/217/217 
f 219/219/219 218/218/218 217/217/217 
f 220/220/220 218/218/218 219/219/219 
f 226/226/226 227/227/227 228/228/228 
f 227/227/227 226/226/226 229/229/229 
f 230/230/230 231/231/231 232/232/232 
f 233/233/233 231/231/231 230/230/230 
f 234/234/234 235/235/235 236/236/236 
f 236/236/236 237/237/237 234/234/234 
f 238/238/238 239/239/239 240/240/240 
f 239/239/239 238/238/238 241/241/241 
f 242/242/242 243/243/243 244/244/244 
f 245/245/245 244/244/244 243/243/243 
f 246/246/246 247/247/247 248/248/248 
f 249/249/249 248/248/248 247/247/247 
f 250/250/250 251/251/251 252/252/252 
f 251/251/251 250/250/250 253/253/253 
f 254/254/254 255/255/255 256/256/256 
f 255/255/255 254/254/254 257/257/257 
f 258/258/258 259/259/259 260/260/260 
f 261/261/261 260/260/260 259/259/259 
f 262/262/262 263/263/263 264/264/264 
f 264/264/264 263/263/263 265/265/265 
f 274/274/274 275/275/275 276/276/276 
f 274/274/274 276/276/276 277/277/277 
f 278/278/278 279/279/279 280/280/280 
f 281/281/281 280/280/280 279/279/279 
f 282/282/282 283/283/283 284/284/284 
f 282/282/282 284/284/284 285/285/285 
f 284/284/284 286/286/286 285/285/285 
f 286/286/286 284/284/284 287/287/287 
f 303/303/303 304/304/304 305/305/305 
f 304/304/304 303/303/303 306/306/306 
f 307/307/307 308/308/308 309/309/309 
f 308/308/308 307/307/307 310/310/310 
f 311/311/311 312/312/312 313/313/313 
f 313/313/313 314/314/314 311/311/311 
f 315/315/315 316/316/316 317/317/317 
f 317/317/317 316/316/316 318/318/318 
f 335/335/335 336/336/336 337/337/337 
f 336/336/336 335/335/335 338/338/338 
f 339/339/339 340/340/340 341/341/341 
f 340/340/340 339/339/339 342/342/342 
f 343/343/343 344/344/344 345/345/345 
f 343/343/343 345/345/345 346/346/346 
f 347/347/347 348/348/348 349/349/349 
f 350/350/350 349/349/349 348/348/348 
f 351/351/351 352/352/352 353/353/353 
f 354/354/354 353/353/353 352/352/352 
f 355/355/355 356/356/356 357/357/357 
f 355/355/355 357/357/357 358/358/358 
f 359/359/359 360/360/360 361/361/361 
f 360/360/360 359/359/359 362/362/362 
f 363/363/363 364/364/364 365/365/365 
f 364/364/364 363/363/363 366/366/366 
f 380/380/380 381/381/381 382/382/382 
f 383/383/383 382/382/382 381/381/381 
f 384/384/384 385/385/385 386/386/386 
f 384/384/384 386/386/386 387/387/387 
f 388/388/388 389/389/389 390/390/390 
f 389/389/389 388/388/388 391/391/391 
f 392/392/392 393/393/393 394/394/394 
f 393/393/393 392/392/392 395/395/395 
f 396/396/396 397/397/397 398/398/398 
f 399/399/399 398/398/398 397/397/397 
f 400/400/400 401/401/401 402/402/402 
f 400/400/400 402/402/402 403/403/403 
f 404/404/404 405/405/405 406/406/406 
f 405/405/405 404/404/404 407/407/407 
f 408/408/408 409/409/409 410/410/410 
f 409/409/409 408/408/408 411/411/411 
f 416/416/416 417/417/417 418/418/418 
f 416/416/416 418/418/418 419/419/419 
f 420/420/420 421/421/421 422/422/422 
f 423/423/423 422/422/422 421/421/421 
f 424/424/424 425/425/425 426/426/426 
f 427/427/427 426/426/426 425/425/425 
f 428/428/428 429/429/429 430/430/430 
f 430/430/430 431/431/431 428/428/428 
f 436/436/436 437/437/437 438/438/438 
f 437/437/437 436/436/436 439/439/439 
f 440/440/440 441/441/441 442/442/442 
f 441/441/441 440/440/440 443/443/443 
f 444/444/444 445/445/445 446/446/446 
f 445/445/445 444/444/444 447/447/447 
f 448/448/448 449/449/449 450/450/450 
f 449/449/449 448/448/448 451/451/451 
f 452/452/452 453/453/453 454/454/454 
f 455/455/455 454/454/454 453/453/453 
f 456/456/456 457/457/457 458/458/458 
f 456/456/456 458/458/458 459/459/459 
f 460/460/460 461/461/461 462/462/462 
f 463/463/463 462/462/462 461/461/461 
f 464/464/464 465/465/465 466/466/466 
f 464/464/464 466/466/466 467/467/467 
f 468/468/468 469/469/469 470/470/470 
f 468/468/468 470/470/470 471/471/471 
f 472/472/472 473/473/473 474/474/474 
f 475/475/475 474/474/474 473/473/473 
f 476/476/476 477/477/477 478/478/478 
f 476/476/476 478/478/478 479/479/479 
f 480/480/480 481/481/481 482/482/482 
f 483/483/483 482/482/482 481/481/481 
f 484/484/484 485/485/485 486/486/486 
f 484/484/484 486/486/486 487/487/487 
f 488/488/488 489/489/489 490/490/490 
f 489/489/489 488/488/488 491/491/491 
f 493/493/493 494/494/494 495/495/495 
f 493/493/493 495/495/495 496/496/496 
f 497/497/497 498/498/498 499/499/499 
f 500/500/500 499/499/499 498/498/498 
f 501/501/501 502/502/502 503/503/503 
f 502/502/502 501/501/501 504/504/504 
f 505/505/505 506/506/506 507/507/507 
f 506/506/506 505/505/505 508/508/508 
f 509/509/509 510/510/510 511/511/511 
f 509/509/509 511/511/511 512/512/512 
f 513/513/513 514/514/514 515/515/515 
f 514/514/514 513/513/513 516/516/516 
f 517/517/517 518/518/518 519/519/519 
f 520/520/520 519/519/519 518/518/518 
f 521/521/521 522/522/522 523/523/523 
f 521/521/521 523/523/523 524/524/524 
f 525/525/525 526/526/526 527/527/527 
f 528/528/528 527/527/527 526/526/526 
f 529/529/529 530/530/530 531/531/531 
f 529/529/529 531/531/531 532/532/532 
f 533/533/533 534/534/534 535/535/535 
f 533/533/533 535/535/535 536/536/536 
f 537/537/537 538/538/538 539/539/539 
f 538/538/538 537/537/537 540/540/540 
f 548/548/548 549/549/549 550/550/550 
f 549/549/549 548/548/548 551/551/551 
f 552/552/552 553/553/553 554/554/554 
f 553/553/553 552/552/552 555/555/555 
f 556/556/556 557/557/557 558/558/558 
f 557/557/557 556/556/556 559/559/559 
f 560/560/560 561/561/561 562/562/562 
f 561/561/561 560/560/560 563/563/563 
f 564/564/564 565/565/565 566/566/566 
f 565/565/565 564/564/564 567/567/567 
f 568/568/568 569/569/569 570/570/570 
f 569/569/569 568/568/568 571/571/571 
f 572/572/572 573/573/573 574/574/574 
f 572/572/572 574/574/574 575/575/575 
f 574/574/574 576/576/576 575/575/575 
f 576/576/576 574/574/574 577/577/577 
f 581/581/581 582/582/582 583/583/583 
f 582/582/582 581/581/581 584/584/584 
f 585/585/585 586/586/586 587/587/587 
f 586/586/586 585/585/585 588/588/588 
f 593/593/593 594/594/594 595/595/595 
f 594/594/594 593/593/593 596/596/596 
f 597/597/597 598/598/598 599/599/599 
f 598/598/598 597/597/597 600/600/600 
f 607/607/607 608/608/608 609/609/609 
f 609/609/609 610/610/610 607/607/607 
f 611/611/611 612/612/612 613/613/613 
f 614/614/614 613/613/613 612/612/612 
f 616/616/616 617/617/617 618/618/618 
f 617/617/617 616/616/616 619/619/619 
f 620/620/620 621/621/621 622/622/622 
f 622/622/622 621/621/621 623/623/623 
f 624/624/624 625/625/625 626/626/626 
f 625/625/625 624/624/624 627/627/627 
f 628/628/628 629/629/629 630/630/630 
f 629/629/629 628/628/628 631/631/631 
f 634/634/634 635/635/635 636/636/636 
f 635/635/635 634/634/634 637/637/637 
f 638/638/638 639/639/639 640/640/640 
f 639/639/639 638/638/638 641/641/641 
f 663/663/663 664/664/664 665/665/665 
f 666/666/666 665/665/665 664/664/664 
f 667/667/667 668/668/668 669/669/669 
f 667/667/667 669/669/669 670/670/670 
f 671/671/671 672/672/672 673/673/673 
f 672/672/672 671/671/671 674/674/674 
f 675/675/675 676/676/676 677/677/677 
f 676/676/676 675/675/675 678/678/678 
f 691/691/691 692/692/692 693/693/693 
f 691/691/691 693/693/693 694/694/694 
f 695/695/695 696/696/696 697/697/697 
f 698/698/698 697/697/697 696/696/696 
f 699/699/699 700/700/700 701/701/701 
f 700/700/700 699/699/699 702/702/702 
f 703/703/703 704/704/704 705/705/705 
f 704/704/704 703/703/703 706/706/706 
f 707/707/707 708/708/708 709/709/709 
f 708/708/708 707/707/707 710/710/710 
f 711/711/711 712/712/712 713/713/713 
f 712/712/712 711/711/711 714/714/714 
f 716/716/716 717/717/717 718/718/718 
f 717/717/717 716/716/716 719/719/719 
f 720/720/720 721/721/721 722/722/722 
f 721/721/721 720/720/720 723/723/723 
f 724/724/724 725/725/725 726/726/726 
f 724/724/724 726/726/726 727/727/727 
f 728/728/728 729/729/729 730/730/730 
f 731/731/731 730/730/730 729/729/729 
f 732/732/732 733/733/733 734/734/734 
f 732/732/732 734/734/734 735/735/735 
f 736/736/736 737/737/737 738/738/738 
f 739/739/739 738/738/738 737/737/737 
f 740/740/740 741/741/741 742/742/742 
f 741/741/741 740/740/740 743/743/743 
f 744/744/744 745/745/745 746/746/746 
f 745/745/745 744/744/744 747/747/747 
f 748/748/748 749/749/749 750/750/750 
f 749/749/749 748/748/748 751/751/751 
f 752/752/752 753/753/753 754/754/754 
f 753/753/753 752/752/752 755/755/755 
f 756/756/756 757/757/757 758/758/758 
f 757/757/757 756/756/756 759/759/759 
f 760/760/760 761/761/761 762/762/762 
f 761/761/761 760/760/760 763/763/763 
f 764/764/764 765/765/765 766/766/766 
f 764/764/764 766/766/766 767/767/767 
f 768/768/768 769/769/769 770/770/770 
f 769/769/769 771/771/771 770/770/770 
f 772/772/772 773/773/773 774/774/774 
f 772/772/772 774/774/774 775/775/775 
f 776/776/776 777/777/777 778/778/778 
f 779/779/779 778/778/778 777/777/777 
f 780/780/780 781/781/781 782/782/782 
f 781/781/781 780/780/780 783/783/783 
f 784/784/784 785/785/785 786/786/786 
f 785/785/785 784/784/784 787/787/787 
f 832/832/832 833/833/833 834/834/834 
f 834/834/834 835/835/835 832/832/832 
f 836/836/836 837/837/837 838/838/838 
f 839/839/839 838/838/838 837/837/837 
f 842/842/842 843/843/843 844/844/844 
f 844/844/844 845/845/845 842/842/842 
f 846/846/846 847/847/847 848/848/848 
f 847/847/847 846/846/846 849/849/849 
f 850/850/850 851/851/851 852/852/852 
f 851/851/851 850/850/850 853/853/853 
f 854/854/854 855/855/855 856/856/856 
f 855/855/855 854/854/854 857/857/857 
f 858/858/858 859/859/859 860/860/860 
f 859/859/859 861/861/861 860/860/860 
f 862/862/862 863/863/863 864/864/864 
f 864/864/864 865/865/865 862/862/862 
f 866/866/866 867/867/867 868/868/868 
f 869/869/869 868/868/868 867/867/867 
f 870/870/870 871/871/871 872/872/872 
f 873/873/873 872/872/872 871/871/871 
f 874/874/874 875/875/875 876/876/876 
f 877/877/877 876/876/876 875/875/875 
f 878/878/878 879/879/879 880/880/880 
f 880/880/880 881/881/881 878/878/878 
f 882/882/882 883/883/883 884/884/884 
f 883/883/883 882/882/882 885/885/885 
f 886/886/886 887/887/887 888/888/888 
f 889/889/889 888/888/888 887/887/887 
f 890/890/890 891/891/891 892/892/892 
f 892/892/892 893/893/893 890/890/890 
f 894/894/894 895/895/895 896/896/896 
f 896/896/896 897/897/897 894/894/894 
f 898/898/898 899/899/899 900/900/900 
f 900/900/900 901/901/901 898/898/898 
f 902/902/902 903/903/903 904/904/904 
f 903/903/903 902/902/902 905/905/905 
f 906/906/906 907/907/907 908/908/908 
f 907/907/907 906/906/906 909/909/909 
f 910/910/910 911/911/911 912/912/912 
f 911/911/911 910/910/910 913/913/913 
f 914/914/914 915/915/915 916/916/916 
f 915/915/915 914/914/914 917/917/917 
f 918/918/918 919/919/919 920/920/920 
f 919/919/919 918/918/918 921/921/921 
f 922/922/922 923/923/923 924/924/924 
f 923/923/923 922/922/922 925/925/925 
f 926/926/926 927/927/927 928/928/928 
f 927/927/927 926/926/926 929/929/929 
f 933/933/933 934/934/934 935/935/935 
f 933/933/933 935/935/935 936/936/936 
f 937/937/937 938/938/938 939/939/939 
f 937/937/937 939/939/939 940/940/940 
f 941/941/941 942/942/942 943/943/943 
f 942/942/942 941/941/941 944/944/944 
f 945/945/945 946/946/946 947/947/947 
f 946/946/946 945/945/945 948/948/948 
f 949/949/949 950/950/950 951/951/951 
f 950/950/950 949/949/949 952/952/952 
f 953/953/953 954/954/954 955/955/955 
f 954/954/954 953/953/953 956/956/956 
f 957/957/957 958/958/958 959/959/959 
f 958/958/958 957/957/957 960/960/960 
f 961/961/961 962/962/962 963/963/963 
f 962/962/962 961/961/961 964/964/964 
f 965/965/965 966/966/966 967/967/967 
f 968/968/968 966/966/966 965/965/965 
f 969/969/969 970/970/970 971/971/971 
f 971/971/971 970/970/970 972/972/972 
f 973/973/973 974/974/974 975/975/975 
f 974/974/974 973/973/973 976/976/976 
f 977/977/977 978/978/978 979/979/979 
f 978/978/978 977/977/977 980/980/980 
f 981/981/981 982/982/982 983/983/983 
f 984/984/984 983/983/983 982/982/982 
f 990/990/990 991/991/991 992/992/992 
f 992/992/992 993/993/993 990/990/990 
f 994/994/994 990/990/990 993/993/993 
f 993/993/993 995/995/995 994/994/994 
f 995/995/995 996/996/996 994/994/994 
f 996/996/996 995/995/995 997/997/997 
f 997/997/997 998/998/998 996/996/996 
f 998/998/998 997/997/997 999/999/999 
f 1000/1000/1000 998/998/998 999/999/999 
f 999/999/999 1001/1001/1001 1000/1000/1000 
f 1002/1002/1002 1000/1000/1000 1001/1001/1001 
f 1001/1001/1001 1003/1003/1003 1002/1002/1002 
f 1004/1004/1004 1005/1005/1005 1006/1006/1006 
f 1005/1005/1005 1004/1004/1004 1007/1007/1007 
f 1008/1008/1008 1009/1009/1009 1010/1010/1010 
f 1010/1010/1010 1011/1011/1011 1008/1008/1008 
f 1013/1013/1013 1014/1014/1014 1015/1015/1015 
f 1015/1015/1015 1014/1014/1014 1016/1016/1016 
f 1017/1017/1017 1018/1018/1018 1019/1019/1019 
f 1018/1018/1018 1017/1017/1017 1020/1020/1020 
f 1021/1021/1021 1022/1022/1022 1023/1023/1023 
f 1023/1023/1023 1024/1024/1024 1021/1021/1021 
f 1025/1025/1025 1026/1026/1026 1027/1027/1027 
f 1025/1025/1025 1027/1027/1027 1028/1028/1028 
f 1029/1029/1029 1030/1030/1030 1031/1031/1031 
f 1029/1029/1029 1031/1031/1031 1032/1032/1032 
f 1033/1033/1033 1034/1034/1034 1035/1035/1035 
f 1033/1033/1033 1035/1035/1035 1036/1036/1036 
f 1037/1037/1037 1038/1038/1038 1039/1039/1039 
f 1038/1038/1038 1037/1037/1037 1040/1040/1040 
f 1041/1041/1041 1042/1042/1042 1043/1043/1043 
f 1042/1042/1042 1041/1041/1041 1044/1044/1044 
f 1053/1053/1053 1054/1054/1054 1055/1055/1055 
f 1053/1053/1053 1055/1055/1055 1056/1056/1056 
f 1057/1057/1057 1058/1058/1058 1059/1059/1059 
f 1060/1060/1060 1059/1059/1059 1058/1058/1058 
f 1061/1061/1061 1062/1062/1062 1063/1063/1063 
f 1062/1062/1062 1061/1061/1061 1064/1064/1064 
f 1065/1065/1065 1066/1066/1066 1067/1067/1067 
f 1065/1065/1065 1067/1067/1067 1068/1068/1068 
f 1071/1071/1071 1072/1072/1072 1073/1073/1073 
f 1071/1071/1071 1073/1073/1073 1074/1074/1074 
f 1075/1075/1075 1076/1076/1076 1077/1077/1077 
f 1078/1078/1078 1077/1077/1077 1076/1076/1076 
f 1079/1079/1079 1080/1080/1080 1081/1081/1081 
f 1080/1080/1080 1079/1079/1079 1082/1082/1082 
f 1083/1083/1083 1084/1084/1084 1085/1085/1085 
f 1084/1084/1084 1083/1083/1083 1086/1086/1086 
f 1091/1091/1091 1092/1092/1092 1093/1093/1093 
f 1091/1091/1091 1093/1093/1093 1094/1094/1094 
f 1095/1095/1095 1096/1096/1096 1097/1097/1097 
f 1098/1098/1098 1097/1097/1097 1096/1096/1096 
f 1100/1100/1100 1101/1101/1101 1102/1102/1102 
f 1101/1101/1101 1100/1100/1100 1103/1103/1103 
f 1104/1104/1104 1105/1105/1105 1106/1106/1106 
f 1104/1104/1104 1106/1106/1106 1107/1107/1107 
f 1113/1113/1113 1114/1114/1114 1115/1115/1115 
f 1113/1113/1113 1115/1115/1115 1116/1116/1116 
f 1117/1117/1117 1118/1118/1118 1119/1119/1119 
f 1120/1120/1120 1119/1119/1119 1118/1118/1118 
f 1136/1136/1136 1137/1137/1137 1138/1138/1138 
f 1136/1136/1136 1138/1138/1138 1139/1139/1139 
f 1140/1140/1140 1141/1141/1141 1142/1142/1142 
f 1141/1141/1141 1140/1140/1140 1143/1143/1143 
f 1149/1149/1149 1150/1150/1150 1151/1151/1151 
f 1150/1150/1150 1149/1149/1149 1152/1152/1152 
f 1153/1153/1153 1154/1154/1154 1155/1155/1155 
f 1154/1154/1154 1153/1153/1153 1156/1156/1156 
f 1157/1157/1157 1158/1158/1158 1159/1159/1159 
f 1160/1160/1160 1159/1159/1159 1158/1158/1158 
f 1161/1161/1161 1162/1162/1162 1163/1163/1163 
f 1161/1161/1161 1163/1163/1163 1164/1164/1164 
f 1165/1165/1165 1166/1166/1166 1167/1167/1167 
f 1168/1168/1168 1167/1167/1167 1166/1166/1166 
f 1169/1169/1169 1170/1170/1170 1171/1171/1171 
f 1169/1169/1169 1171/1171/1171 1172/1172/1172 
f 1173/1173/1173 1174/1174/1174 1175/1175/1175 
f 1176/1176/1176 1175/1175/1175 1174/1174/1174 
f 1177/1177/1177 1178/1178/1178 1179/1179/1179 
f 1177/1177/1177 1179/1179/1179 1180/1180/1180 
f 1184/1184/1184 1185/1185/1185 1186/1186/1186 
f 1185/1185/1185 1184/1184/1184 1187/1187/1187 
f 1188/1188/1188 1189/1189/1189 1190/1190/1190 
f 1189/1189/1189 1188/1188/1188 1191/1191/1191 
f 1193/1193/1193 1194/1194/1194 1195/1195/1195 
f 1194/1194/1194 1193/1193/1193 1196/1196/1196 
f 1197/1197/1197 1198/1198/1198 1199/1199/1199 
f 1198/1198/1198 1197/1197/1197 1200/1200/1200 
f 1201/1201/1201 1202/1202/1202 1203/1203/1203 
f 1202/1202/1202 1201/1201/1201 1204/1204/1204 
f 1205/1205/1205 1206/1206/1206 1207/1207/1207 
f 1206/1206/1206 1205/1205/1205 1208/1208/1208 
f 1212/1212/1212 1213/1213/1213 1214/1214/1214 
f 1213/1213/1213 1212/1212/1212 1215/1215/1215 
f 1216/1216/1216 1217/1217/1217 1218/1218/1218 
f 1217/1217/1217 1216/1216/1216 1219/1219/1219 
f 1220/1220/1220 1221/1221/1221 1222/1222/1222 
f 1223/1223/1223 1222/1222/1222 1221/1221/1221 
f 1224/1224/1224 1225/1225/1225 1226/1226/1226 
f 1224/1224/1224 1226/1226/1226 1227/1227/1227 
f 1228/1228/1228 1229/1229/1229 1230/1230/1230 
f 1231/1231/1231 1230/1230/1230 1229/1229/1229 
f 1232/1232/1232 1233/1233/1233 1234/1234/1234 
f 1232/1232/1232 1234/1234/1234 1235/1235/1235 
f 1236/1236/1236 1237/1237/1237 1238/1238/1238 
f 1237/1237/1237 1236/1236/1236 1239/1239/1239 
f 1240/1240/1240 1241/1241/1241 1242/1242/1242 
f 1241/1241/1241 1240/1240/1240 1243/1243/1243 
f 1244/1244/1244 1245/1245/1245 1246/1246/1246 
f 1245/1245/1245 1244/1244/1244 1247/1247/1247 
f 1248/1248/1248 1249/1249/1249 1250/1250/1250 
f 1249/1249/1249 1248/1248/1248 1251/1251/1251 
f 1255/1255/1255 1256/1256/1256 1257/1257/1257 
f 1256/1256/1256 1255/1255/1255 1258/1258/1258 
f 1259/1259/1259 1260/1260/1260 1261/1261/1261 
f 1260/1260/1260 1259/1259/1259 1262/1262/1262 
f 1263/1263/1263 1264/1264/1264 1265/1265/1265 
f 1264/1264/1264 1263/1263/1263 1266/1266/1266 
f 1267/1267/1267 1268/1268/1268 1269/1269/1269 
f 1268/1268/1268 1267/1267/1267 1270/1270/1270 
f 1271/1271/1271 1272/1272/1272 1273/1273/1273 
f 1272/1272/1272 1271/1271/1271 1274/1274/1274 
f 1275/1275/1275 1276/1276/1276 1277/1277/1277 
f 1276/1276/1276 1275/1275/1275 1278/1278/1278 
f 1279/1279/1279 1280/1280/1280 1281/1281/1281 
f 1279/1279/1279 1281/1281/1281 1282/1282/1282 
f 1283/1283/1283 1284/1284/1284 1285/1285/1285 
f 1284/1284/1284 1286/1286/1286 1285/1285/1285 
f 1288/1288/1288 1289/1289/1289 1290/1290/1290 
f 1291/1291/1291 1290/1290/1290 1289/1289/1289 
f 1292/1292/1292 1293/1293/1293 1294/1294/1294 
f 1292/1292/1292 1294/1294/1294 1295/1295/1295 
f 1296/1296/1296 1297/1297/1297 1298/1298/1298 
f 1296/1296/1296 1298/1298/1298 1299/1299/1299 
f 1300/1300/1300 1301/1301/1301 1302/1302/1302 
f 1303/1303/1303 1302/1302/1302 1301/1301/1301 
f 1304/1304/1304 1305/1305/1305 1306/1306/1306 
f 1304/1304/1304 1306/1306/1306 1307/1307/1307 
f 1306/1306/1306 1308/1308/1308 1307/1307/1307 
f 1308/1308/1308 1306/1306/1306 1309/1309/1309 
f 1310/1310/1310 1311/1311/1311 1312/1312/1312 
f 1310/1310/1310 1312/1312/1312 1313/1313/1313 
f 1314/1314/1314 1315/1315/1315 1316/1316/1316 
f 1317/1317/1317 1316/1316/1316 1315/1315/1315 
f 1318/1318/1318 1319/1319/1319 1320/1320/1320 
f 1318/1318/1318 1320/1320/1320 1321/1321/1321 
f 1322/1322/1322 1323/1323/1323 1324/1324/1324 
f 1325/1325/1325 1324/1324/1324 1323/1323/1323 
f 1326/1326/1326 1327/1327/1327 1328/1328/1328 
f 1329/1329/1329 1328/1328/1328 1327/1327/1327 
f 1330/1330/1330 1331/1331/1331 1332/1332/1332 
f 1330/1330/1330 1332/1332/1332 1333/1333/1333 
f 1343/1343/1343 1344/1344/1344 1345/1345/1345 
f 1343/1343/1343 1345/1345/1345 1346/1346/1346 
f 1347/1347/1347 1348/1348/1348 1349/1349/1349 
f 1348/1348/1348 1350/1350/1350 1349/1349/1349 
f 1351/1351/1351 1352/1352/1352 1353/1353/1353 
f 1354/1354/1354 1353/1353/1353 1352/1352/1352 
f 1355/1355/1355 1356/1356/1356 1357/1357/1357 
f 1355/1355/1355 1358/1358/1358 1356/1356/1356 
f 1359/1359/1359 1360/1360/1360 1361/1361/1361 
f 1360/1360/1360 1359/1359/1359 1362/1362/1362 
f 1363/1363/1363 1364/1364/1364 1365/1365/1365 
f 1364/1364/1364 1363/1363/1363 1366/1366/1366 
f 1367/1367/1367 1368/1368/1368 1369/1369/1369 
f 1368/1368/1368 1367/1367/1367 1370/1370/1370 
f 1371/1371/1371 1372/1372/1372 1373/1373/1373 
f 1372/1372/1372 1371/1371/1371 1374/1374/1374 
f 1375/1375/1375 1376/1376/1376 1377/1377/1377 
f 1376/1376/1376 1375/1375/1375 1378/1378/1378 
f 1379/1379/1379 1380/1380/1380 1381/1381/1381 
f 1380/1380/1380 1379/1379/1379 1382/1382/1382 
f 1383/1383/1383 1384/1384/1384 1385/1385/1385 
f 1386/1386/1386 1385/1385/1385 1384/1384/1384 
f 1387/1387/1387 1388/1388/1388 1389/1389/1389 
f 1387/1387/1387 1389/1389/1389 1390/1390/1390 
f 1391/1391/1391 1392/1392/1392 1393/1393/1393 
f 1394/1394/1394 1393/1393/1393 1392/1392/1392 
f 1395/1395/1395 1396/1396/1396 1397/1397/1397 
f 1395/1395/1395 1397/1397/1397 1398/1398/1398 
f 1407/1407/1407 1408/1408/1408 1409/1409/1409 
f 1410/1410/1410 1409/1409/1409 1408/1408/1408 
f 1411/1411/1411 1412/1412/1412 1413/1413/1413 
f 1411/1411/1411 1413/1413/1413 1414/1414/1414 
f 1417/1417/1417 1418/1418/1418 1419/1419/1419 
f 1420/1420/1420 1419/1419/1419 1418/1418/1418 
f 1421/1421/1421 1422/1422/1422 1423/1423/1423 
f 1421/1421/1421 1423/1423/1423 1424/1424/1424 
f 1435/1435/1435 1436/1436/1436 1437/1437/1437 
f 1436/1436/1436 1438/1438/1438 1437/1437/1437 
f 1439/1439/1439 1440/1440/1440 1441/1441/1441 
f 1439/1439/1439 1441/1441/1441 1442/1442/1442 
f 1443/1443/1443 1444/1444/1444 1445/1445/1445 
f 1444/1444/1444 1446/1446/1446 1445/1445/1445 
f 1447/1447/1447 1448/1448/1448 1449/1449/1449 
f 1447/1447/1447 1449/1449/1449 1450/1450/1450 
f 1451/1451/1451 1452/1452/1452 1453/1453/1453 
f 1451/1451/1451 1453/1453/1453 1454/1454/1454 
f 1455/1455/1455 1456/1456/1456 1457/1457/1457 
f 1458/1458/1458 1457/1457/1457 1456/1456/1456 
f 1459/1459/1459 1460/1460/1460 1461/1461/1461 
f 1460/1460/1460 1459/1459/1459 1462/1462/1462 
f 1463/1463/1463 1464/1464/1464 1465/1465/1465 
f 1464/1464/1464 1463/1463/1463 1466/1466/1466 
f 1467/1467/1467 1468/1468/1468 1469/1469/1469 
f 1467/1467/1467 1469/1469/1469 1470/1470/1470 
f 1471/1471/1471 1472/1472/1472 1473/1473/1473 
f 1474/1474/1474 1473/1473/1473 1472/1472/1472 
f 1475/1475/1475 1476/1476/1476 1477/1477/1477 
f 1475/1475/1475 1477/1477/1477 1478/1478/1478 
f 1477/1477/1477 1479/1479/1479 1478/1478/1478 
f 1479/1479/1479 1477/1477/1477 1480/1480/1480 

